,Cday,CT,bin,data,middle,mid_sep,others
0,0,10,3,0.0,0,0,85
1,0,10,4,0.0,0,0,88
2,1,0,1,0.0,0,0,360
3,1,0,2,0.0,0,0,360
4,1,0,3,0.0,0,0,360
5,1,0,4,0.0,0,0,360
6,1,0,5,0.0,0,0,360
7,1,0,6,0.0,0,0,360
8,1,0,7,16.0,16,8,336
9,1,0,8,0.0,0,0,360
10,1,0,9,0.0,0,0,360
11,1,0,10,0.0,0,0,360
12,1,1,1,0.0,0,0,360
13,1,1,2,0.0,0,0,360
14,1,1,3,0.0,0,0,360
15,1,1,4,0.0,0,0,360
16,1,1,5,0.0,0,0,360
17,1,1,6,0.0,0,0,360
18,1,1,7,0.0,0,0,360
19,1,1,8,0.0,0,0,360
20,1,1,9,0.0,0,0,360
21,1,1,10,0.0,0,0,360
22,1,2,1,0.0,0,0,360
23,1,2,2,0.0,0,0,360
24,1,2,3,0.0,0,0,360
25,1,2,4,0.0,0,0,360
26,1,2,5,0.0,0,0,360
27,1,2,6,0.0,0,0,360
28,1,2,7,0.0,0,0,360
29,1,2,8,0.0,0,0,360
30,1,2,9,0.0,0,0,360
31,1,2,10,0.0,0,0,360
32,1,3,1,0.0,0,0,360
33,1,3,2,0.0,0,0,360
34,1,3,3,0.0,0,0,360
35,1,3,4,0.0,0,0,360
36,1,3,5,0.0,0,0,360
37,1,3,6,0.0,0,0,360
38,1,3,7,0.0,0,0,360
39,1,3,8,0.0,0,0,360
40,1,3,9,0.0,0,0,360
41,1,3,10,0.0,0,0,360
42,1,4,1,0.0,0,0,360
43,1,4,2,21.5,9,17,334
44,1,4,3,17.0,4,15,341
45,1,4,4,15.5,13,9,338
46,1,4,5,0.0,0,0,360
47,1,4,6,0.0,0,0,360
48,1,4,7,0.0,0,0,360
49,1,4,8,0.0,0,0,360
50,1,4,9,0.0,0,0,360
51,1,4,10,0.0,0,0,360
52,1,5,1,0.0,0,0,360
53,1,5,2,0.0,0,0,360
54,1,5,3,0.0,0,0,360
55,1,5,4,0.0,0,0,360
56,1,5,5,0.0,0,0,360
57,1,5,6,0.0,0,0,360
58,1,5,7,0.0,0,0,360
59,1,5,8,0.0,0,0,360
60,1,5,9,0.0,0,0,360
61,1,5,10,0.0,0,0,360
62,1,6,1,0.0,0,0,360
63,1,6,2,0.0,0,0,360
64,1,6,3,0.0,0,0,360
65,1,6,4,21.5,27,8,325
66,1,6,5,0.0,0,0,360
67,1,6,6,0.0,0,0,360
68,1,6,7,0.0,0,0,360
69,1,6,8,0.0,0,0,360
70,1,6,9,0.0,0,0,360
71,1,6,10,0.0,0,0,360
72,1,7,1,0.0,0,0,360
73,1,7,2,0.0,0,0,360
74,1,7,3,0.0,0,0,360
75,1,7,4,0.0,0,0,360
76,1,7,5,0.0,0,0,360
77,1,7,6,0.0,0,0,360
78,1,7,7,0.0,0,0,360
79,1,7,8,0.0,0,0,360
80,1,7,9,0.0,0,0,360
81,1,7,10,0.0,0,0,360
82,1,8,1,0.0,0,0,360
83,1,8,2,0.0,0,0,360
84,1,8,3,0.0,0,0,360
85,1,8,4,0.0,0,0,360
86,1,8,5,0.0,0,0,360
87,1,8,6,0.0,0,0,360
88,1,8,7,0.0,0,0,360
89,1,8,8,0.0,0,0,360
90,1,8,9,0.0,0,0,360
91,1,8,10,0.0,0,0,360
92,1,9,1,1.5,1,1,358
93,1,9,2,0.0,0,0,360
94,1,9,3,0.0,0,0,360
95,1,9,4,0.0,0,0,360
96,1,9,5,0.0,0,0,360
97,1,9,6,0.0,0,0,360
98,1,9,7,0.0,0,0,360
99,1,9,8,0.0,0,0,360
100,1,9,9,0.0,0,0,360
101,1,9,10,0.0,0,0,360
102,1,10,1,0.0,0,0,360
103,1,10,2,0.0,0,0,360
104,1,10,3,0.0,0,0,360
105,1,10,4,1.0,2,0,630
106,1,10,5,3.5,5,1,575
107,1,10,6,0.0,0,0,360
108,1,10,7,24.5,9,20,331
109,1,10,8,0.0,0,0,360
110,1,10,9,0.0,0,0,360
111,1,10,10,8.0,10,3,347
112,1,11,1,0.0,0,0,360
113,1,11,2,0.0,0,0,360
114,1,11,3,2.0,2,1,357
115,1,11,4,5.5,1,5,354
116,1,11,5,1.0,2,0,358
117,1,11,6,0.0,0,0,360
118,1,11,7,0.0,0,0,360
119,1,11,8,7.5,3,6,351
120,1,11,9,3.0,2,2,356
121,1,11,10,13.0,12,7,341
122,1,12,1,0.0,0,0,360
123,1,12,2,0.0,0,0,360
124,1,12,3,1.0,2,0,358
125,1,12,4,0.0,0,0,360
126,1,12,5,0.0,0,0,360
127,1,12,6,0.0,0,0,360
128,1,12,7,4.0,2,3,355
129,1,12,8,0.0,0,0,360
130,1,12,9,1.0,2,0,358
131,1,12,10,0.0,0,0,360
132,1,13,1,0.0,0,0,360
133,1,13,2,3.0,2,2,356
134,1,13,3,1.5,1,1,358
135,1,13,4,0.0,0,0,360
136,1,13,5,0.5,1,0,359
137,1,13,6,0.0,0,0,360
138,1,13,7,0.0,0,0,360
139,1,13,8,0.0,0,0,360
140,1,13,9,1.5,3,0,357
141,1,13,10,3.5,7,0,353
142,1,14,1,10.5,11,5,344
143,1,14,2,2.0,0,2,358
144,1,14,3,1.5,1,1,358
145,1,14,4,0.0,0,0,360
146,1,14,5,17.0,34,0,326
147,1,14,6,0.0,0,0,360
148,1,14,7,0.0,0,0,360
149,1,14,8,1.5,3,0,357
150,1,14,9,0.0,0,0,360
151,1,14,10,0.0,0,0,360
152,1,15,1,0.0,0,0,360
153,1,15,2,10.0,2,9,349
154,1,15,3,30.5,5,28,327
155,1,15,4,0.0,0,0,360
156,1,15,5,0.0,0,0,360
157,1,15,6,3.0,2,2,356
158,1,15,7,0.0,0,0,360
159,1,15,8,0.0,0,0,360
160,1,15,9,0.0,0,0,360
161,1,15,10,53.0,80,13,267
162,1,16,1,0.0,0,0,360
163,1,16,2,0.0,0,0,360
164,1,16,3,0.0,0,0,360
165,1,16,4,0.5,1,0,359
166,1,16,5,0.0,0,0,360
167,1,16,6,16.5,17,8,335
168,1,16,7,0.0,0,0,360
169,1,16,8,0.0,0,0,360
170,1,16,9,0.0,0,0,360
171,1,16,10,1.5,3,0,357
172,1,17,1,0.0,0,0,360
173,1,17,2,0.0,0,0,360
174,1,17,3,31.0,20,21,319
175,1,17,4,88.0,176,0,184
176,1,17,5,0.5,1,0,359
177,1,17,6,0.0,0,0,360
178,1,17,7,9.5,3,8,349
179,1,17,8,0.0,0,0,360
180,1,17,9,0.0,0,0,360
181,1,17,10,3.0,2,2,356
182,1,18,1,0.0,0,0,360
183,1,18,2,5.0,10,0,350
184,1,18,3,0.0,0,0,360
185,1,18,4,2.5,1,2,357
186,1,18,5,0.0,0,0,360
187,1,18,6,0.0,0,0,360
188,1,18,7,1.0,2,0,358
189,1,18,8,15.0,10,10,340
190,1,18,9,0.0,0,0,360
191,1,18,10,0.0,0,0,360
192,1,19,1,40.0,6,37,317
193,1,19,2,0.0,0,0,360
194,1,19,3,41.0,14,34,312
195,1,19,4,70.5,53,44,263
196,1,19,5,57.0,46,34,280
197,1,19,6,68.5,15,61,284
198,1,19,7,147.0,2,146,212
199,1,19,8,0.0,0,0,360
200,1,19,9,0.0,0,0,360
201,1,19,10,0.0,0,0,360
202,1,20,1,0.0,0,0,360
203,1,20,2,0.0,0,0,360
204,1,20,3,0.0,0,0,360
205,1,20,4,0.0,0,0,360
206,1,20,5,0.0,0,0,360
207,1,20,6,0.0,0,0,360
208,1,20,7,0.0,0,0,360
209,1,20,8,0.0,0,0,360
210,1,20,9,0.0,0,0,360
211,1,20,10,0.0,0,0,360
212,1,21,1,9.5,11,4,345
213,1,21,2,4.0,2,3,355
214,1,21,3,43.0,12,37,311
215,1,21,4,23.0,20,13,327
216,1,21,5,0.0,0,0,360
217,1,21,6,0.0,0,0,360
218,1,21,7,0.0,0,0,360
219,1,21,8,0.0,0,0,360
220,1,21,9,0.0,0,0,360
221,1,21,10,0.0,0,0,360
222,1,22,1,0.0,0,0,360
223,1,22,2,0.0,0,0,360
224,1,22,3,3.0,6,0,354
225,1,22,4,7.5,9,3,348
226,1,22,5,0.0,0,0,360
227,1,22,6,44.0,16,36,308
228,1,22,7,0.0,0,0,360
229,1,22,8,2.0,2,1,357
230,1,22,9,26.0,6,23,331
231,1,22,10,0.0,0,0,360
232,1,23,1,0.0,0,0,360
233,1,23,2,18.5,13,12,335
234,1,23,3,9.0,6,6,348
235,1,23,4,0.0,0,0,360
236,1,23,5,0.0,0,0,360
237,1,23,6,0.0,0,0,360
238,1,23,7,0.0,0,0,360
239,1,23,8,0.0,0,0,360
240,1,23,9,0.0,0,0,360
241,1,23,10,0.0,0,0,360
242,2,0,1,0.0,0,0,360
243,2,0,2,0.0,0,0,360
244,2,0,3,0.0,0,0,360
245,2,0,4,0.0,0,0,360
246,2,0,5,0.0,0,0,360
247,2,0,6,0.0,0,0,360
248,2,0,7,0.0,0,0,360
249,2,0,8,0.0,0,0,360
250,2,0,9,0.0,0,0,360
251,2,0,10,0.0,0,0,360
252,2,1,1,0.0,0,0,360
253,2,1,2,0.0,0,0,360
254,2,1,3,0.0,0,0,360
255,2,1,4,0.0,0,0,360
256,2,1,5,0.0,0,0,360
257,2,1,6,0.0,0,0,360
258,2,1,7,0.0,0,0,360
259,2,1,8,131.5,155,54,151
260,2,1,9,0.0,0,0,360
261,2,1,10,0.0,0,0,360
262,2,2,1,0.0,0,0,360
263,2,2,2,0.0,0,0,360
264,2,2,3,0.0,0,0,360
265,2,2,4,0.0,0,0,360
266,2,2,5,0.0,0,0,360
267,2,2,6,0.0,0,0,360
268,2,2,7,0.0,0,0,360
269,2,2,8,0.0,0,0,360
270,2,2,9,0.0,0,0,360
271,2,2,10,0.0,0,0,360
272,2,3,1,0.0,0,0,360
273,2,3,2,0.0,0,0,360
274,2,3,3,0.0,0,0,360
275,2,3,4,0.0,0,0,360
276,2,3,5,0.0,0,0,360
277,2,3,6,0.0,0,0,360
278,2,3,7,0.0,0,0,360
279,2,3,8,0.0,0,0,360
280,2,3,9,0.0,0,0,360
281,2,3,10,0.0,0,0,360
282,2,4,1,0.0,0,0,360
283,2,4,2,0.0,0,0,360
284,2,4,3,0.0,0,0,360
285,2,4,4,22.0,20,12,328
286,2,4,5,0.0,0,0,360
287,2,4,6,0.0,0,0,360
288,2,4,7,0.0,0,0,360
289,2,4,8,0.0,0,0,360
290,2,4,9,0.0,0,0,360
291,2,4,10,0.0,0,0,360
292,2,5,1,0.0,0,0,360
293,2,5,2,0.0,0,0,360
294,2,5,3,0.0,0,0,360
295,2,5,4,0.0,0,0,360
296,2,5,5,0.0,0,0,360
297,2,5,6,0.0,0,0,360
298,2,5,7,0.0,0,0,360
299,2,5,8,0.0,0,0,360
300,2,5,9,0.0,0,0,360
301,2,5,10,0.0,0,0,360
302,2,6,1,0.0,0,0,360
303,2,6,2,0.0,0,0,360
304,2,6,3,0.0,0,0,360
305,2,6,4,0.0,0,0,360
306,2,6,5,0.0,0,0,360
307,2,6,6,0.0,0,0,360
308,2,6,7,0.0,0,0,360
309,2,6,8,0.0,0,0,360
310,2,6,9,0.0,0,0,360
311,2,6,10,0.0,0,0,360
312,2,7,1,0.0,0,0,360
313,2,7,2,0.0,0,0,360
314,2,7,3,0.0,0,0,360
315,2,7,4,0.0,0,0,360
316,2,7,5,0.0,0,0,360
317,2,7,6,0.0,0,0,360
318,2,7,7,0.0,0,0,360
319,2,7,8,0.0,0,0,360
320,2,7,9,0.0,0,0,360
321,2,7,10,0.0,0,0,360
322,2,8,1,0.0,0,0,360
323,2,8,2,0.0,0,0,360
324,2,8,3,0.0,0,0,360
325,2,8,4,12.5,11,7,342
326,2,8,5,0.0,0,0,360
327,2,8,6,0.0,0,0,360
328,2,8,7,0.0,0,0,360
329,2,8,8,0.0,0,0,360
330,2,8,9,0.0,0,0,360
331,2,8,10,0.0,0,0,360
332,2,9,1,0.0,0,0,360
333,2,9,2,0.0,0,0,360
334,2,9,3,0.0,0,0,360
335,2,9,4,0.0,0,0,360
336,2,9,5,0.0,0,0,360
337,2,9,6,1.5,3,0,357
338,2,9,7,0.0,0,0,360
339,2,9,8,0.0,0,0,360
340,2,9,9,0.0,0,0,360
341,2,9,10,0.0,0,0,360
342,2,10,1,12.0,18,3,339
343,2,10,2,0.0,0,0,360
344,2,10,3,0.0,0,0,360
345,2,10,4,0.0,0,0,360
346,2,10,5,8.0,4,6,489
347,2,10,6,0.0,0,0,720
348,2,10,7,0.0,0,0,720
349,2,10,8,0.0,0,0,720
350,2,10,9,0.0,0,0,720
351,2,10,10,0.0,0,0,720
352,2,11,1,0.0,0,0,720
353,2,11,2,0.0,0,0,720
354,2,11,3,10.5,11,5,704
355,2,11,4,0.0,0,0,720
356,2,11,5,0.0,0,0,656
357,2,11,6,2.5,5,0,355
358,2,11,7,0.0,0,0,360
359,2,11,8,0.0,0,0,360
360,2,11,9,1.0,2,0,358
361,2,11,10,1.5,1,1,358
362,2,12,1,0.0,0,0,360
363,2,12,2,11.5,19,2,339
364,2,12,3,15.0,30,0,330
365,2,12,4,0.0,0,0,360
366,2,12,5,9.5,19,0,341
367,2,12,6,0.0,0,0,360
368,2,12,7,0.0,0,0,360
369,2,12,8,1.0,2,0,358
370,2,12,9,0.0,0,0,360
371,2,12,10,1.5,3,0,357
372,2,13,1,0.0,0,0,360
373,2,13,2,0.0,0,0,360
374,2,13,3,1.0,2,0,358
375,2,13,4,0.0,0,0,360
376,2,13,5,0.0,0,0,360
377,2,13,6,0.5,1,0,359
378,2,13,7,14.0,24,2,334
379,2,13,8,0.0,0,0,360
380,2,13,9,0.5,1,0,359
381,2,13,10,28.5,29,14,317
382,2,14,1,0.0,0,0,360
383,2,14,2,18.0,20,8,332
384,2,14,3,16.5,31,1,328
385,2,14,4,2.0,4,0,356
386,2,14,5,0.0,0,0,360
387,2,14,6,84.5,165,2,193
388,2,14,7,0.0,0,0,360
389,2,14,8,6.5,13,0,347
390,2,14,9,1.0,2,0,358
391,2,14,10,9.0,16,1,343
392,2,15,1,0.0,0,0,360
393,2,15,2,1.5,3,0,357
394,2,15,3,7.5,1,7,352
395,2,15,4,9.5,3,8,349
396,2,15,5,10.5,19,1,340
397,2,15,6,0.0,0,0,360
398,2,15,7,0.5,1,0,359
399,2,15,8,0.0,0,0,360
400,2,15,9,24.5,49,0,311
401,2,15,10,84.5,169,0,191
402,2,16,1,0.0,0,0,360
403,2,16,2,0.0,0,0,360
404,2,16,3,0.0,0,0,360
405,2,16,4,0.0,0,0,360
406,2,16,5,3.5,5,1,354
407,2,16,6,0.0,0,0,360
408,2,16,7,12.0,22,1,337
409,2,16,8,0.5,1,0,359
410,2,16,9,0.0,0,0,360
411,2,16,10,49.0,16,41,303
412,2,17,1,0.5,1,0,359
413,2,17,2,38.5,1,38,321
414,2,17,3,0.0,0,0,360
415,2,17,4,80.0,42,59,259
416,2,17,5,83.0,26,70,264
417,2,17,6,9.0,14,2,344
418,2,17,7,9.0,6,6,348
419,2,17,8,32.5,45,10,305
420,2,17,9,117.0,58,88,214
421,2,17,10,0.0,0,0,360
422,2,18,1,13.0,16,5,339
423,2,18,2,24.5,25,12,323
424,2,18,3,0.0,0,0,360
425,2,18,4,0.0,0,0,360
426,2,18,5,0.0,0,0,360
427,2,18,6,0.0,0,0,360
428,2,18,7,0.0,0,0,360
429,2,18,8,0.0,0,0,360
430,2,18,9,0.0,0,0,360
431,2,18,10,0.0,0,0,360
432,2,19,1,0.0,0,0,360
433,2,19,2,0.0,0,0,360
434,2,19,3,0.0,0,0,360
435,2,19,4,0.0,0,0,360
436,2,19,5,0.0,0,0,360
437,2,19,6,0.0,0,0,360
438,2,19,7,0.0,0,0,360
439,2,19,8,0.0,0,0,360
440,2,19,9,2.5,5,0,355
441,2,19,10,2.0,2,1,357
442,2,20,1,0.0,0,0,360
443,2,20,2,0.0,0,0,360
444,2,20,3,0.0,0,0,360
445,2,20,4,13.0,14,6,340
446,2,20,5,0.0,0,0,360
447,2,20,6,0.0,0,0,360
448,2,20,7,0.0,0,0,360
449,2,20,8,0.0,0,0,360
450,2,20,9,0.0,0,0,360
451,2,20,10,0.0,0,0,360
452,2,21,1,0.0,0,0,360
453,2,21,2,0.0,0,0,360
454,2,21,3,9.5,9,5,346
455,2,21,4,0.0,0,0,360
456,2,21,5,0.0,0,0,360
457,2,21,6,1.5,1,1,358
458,2,21,7,12.0,2,11,347
459,2,21,8,34.0,8,30,322
460,2,21,9,26.5,5,24,331
461,2,21,10,0.0,0,0,360
462,2,22,1,7.5,15,0,345
463,2,22,2,0.5,1,0,359
464,2,22,3,44.0,42,23,295
465,2,22,4,0.0,0,0,360
466,2,22,5,0.0,0,0,360
467,2,22,6,0.0,0,0,360
468,2,22,7,0.0,0,0,360
469,2,22,8,0.0,0,0,360
470,2,22,9,0.0,0,0,360
471,2,22,10,0.0,0,0,360
472,2,23,1,0.0,0,0,360
473,2,23,2,0.0,0,0,360
474,2,23,3,0.0,0,0,360
475,2,23,4,0.0,0,0,360
476,2,23,5,0.0,0,0,360
477,2,23,6,0.0,0,0,360
478,2,23,7,0.0,0,0,360
479,2,23,8,0.0,0,0,360
480,2,23,9,0.0,0,0,360
481,2,23,10,0.0,0,0,360
482,3,0,1,0.0,0,0,360
483,3,0,2,0.0,0,0,360
484,3,0,3,0.0,0,0,360
485,3,0,4,0.0,0,0,360
486,3,0,5,0.0,0,0,360
487,3,0,6,0.0,0,0,360
488,3,0,7,0.0,0,0,360
489,3,0,8,0.0,0,0,360
490,3,0,9,0.0,0,0,360
491,3,0,10,0.0,0,0,360
492,3,1,1,0.0,0,0,360
493,3,1,2,11.5,13,5,342
494,3,1,3,177.0,82,136,142
495,3,1,4,103.5,93,57,210
496,3,1,5,54.5,49,30,281
497,3,1,6,0.0,0,0,360
498,3,1,7,0.0,0,0,360
499,3,1,8,0.0,0,0,360
500,3,1,9,0.0,0,0,360
501,3,1,10,0.0,0,0,360
502,3,2,1,0.0,0,0,360
503,3,2,2,0.0,0,0,360
504,3,2,3,0.0,0,0,360
505,3,2,4,0.0,0,0,360
506,3,2,5,0.0,0,0,360
507,3,2,6,0.0,0,0,360
508,3,2,7,0.0,0,0,360
509,3,2,8,0.0,0,0,360
510,3,2,9,0.0,0,0,360
511,3,2,10,0.0,0,0,360
512,3,3,1,0.0,0,0,360
513,3,3,2,0.0,0,0,360
514,3,3,3,0.0,0,0,360
515,3,3,4,0.0,0,0,360
516,3,3,5,0.0,0,0,360
517,3,3,6,0.0,0,0,360
518,3,3,7,0.0,0,0,360
519,3,3,8,0.0,0,0,360
520,3,3,9,0.0,0,0,360
521,3,3,10,0.0,0,0,360
522,3,4,1,0.0,0,0,360
523,3,4,2,0.0,0,0,360
524,3,4,3,0.0,0,0,360
525,3,4,4,0.0,0,0,360
526,3,4,5,0.0,0,0,360
527,3,4,6,0.0,0,0,360
528,3,4,7,0.0,0,0,360
529,3,4,8,0.0,0,0,360
530,3,4,9,0.0,0,0,360
531,3,4,10,0.0,0,0,360
532,3,5,1,0.0,0,0,360
533,3,5,2,0.0,0,0,360
534,3,5,3,0.0,0,0,360
535,3,5,4,0.0,0,0,360
536,3,5,5,0.0,0,0,360
537,3,5,6,0.0,0,0,360
538,3,5,7,0.0,0,0,360
539,3,5,8,0.0,0,0,360
540,3,5,9,0.0,0,0,360
541,3,5,10,0.0,0,0,360
542,3,6,1,0.0,0,0,360
543,3,6,2,0.0,0,0,360
544,3,6,3,0.0,0,0,360
545,3,6,4,0.0,0,0,360
546,3,6,5,0.0,0,0,360
547,3,6,6,7.5,3,6,351
548,3,6,7,0.0,0,0,360
549,3,6,8,0.0,0,0,360
550,3,6,9,0.0,0,0,360
551,3,6,10,0.0,0,0,360
552,3,7,1,0.0,0,0,360
553,3,7,2,0.0,0,0,360
554,3,7,3,0.0,0,0,360
555,3,7,4,0.0,0,0,360
556,3,7,5,0.0,0,0,360
557,3,7,6,0.0,0,0,360
558,3,7,7,0.0,0,0,360
559,3,7,8,0.0,0,0,360
560,3,7,9,0.0,0,0,360
561,3,7,10,0.0,0,0,360
562,3,8,1,0.0,0,0,360
563,3,8,2,0.0,0,0,360
564,3,8,3,0.0,0,0,360
565,3,8,4,0.0,0,0,360
566,3,8,5,0.0,0,0,360
567,3,8,6,0.0,0,0,360
568,3,8,7,0.0,0,0,360
569,3,8,8,0.0,0,0,360
570,3,8,9,0.0,0,0,360
571,3,8,10,0.0,0,0,360
572,3,9,1,0.0,0,0,360
573,3,9,2,0.0,0,0,360
574,3,9,3,0.0,0,0,360
575,3,9,4,0.0,0,0,360
576,3,9,5,0.0,0,0,360
577,3,9,6,0.0,0,0,360
578,3,9,7,0.0,0,0,360
579,3,9,8,3.5,7,0,353
580,3,9,9,0.0,0,0,360
581,3,9,10,0.0,0,0,360
582,3,10,1,0.0,0,0,360
583,3,10,2,0.0,0,0,360
584,3,10,3,0.0,0,0,360
585,3,10,4,0.0,0,0,360
586,3,10,5,0.0,0,0,299
587,3,11,5,2.0,4,0,60
588,3,11,6,0.0,0,0,360
589,3,11,7,1.5,3,0,357
590,3,11,8,0.5,1,0,359
591,3,11,9,0.0,0,0,360
592,3,11,10,0.0,0,0,360
593,3,12,1,0.5,1,0,359
594,3,12,2,10.0,12,4,344
595,3,12,3,0.0,0,0,360
596,3,12,4,18.0,34,1,325
597,3,12,5,45.5,83,4,273
598,3,12,6,7.0,14,0,346
599,3,12,7,37.0,74,0,286
600,3,12,8,0.5,1,0,359
601,3,12,9,30.5,61,0,299
602,3,12,10,17.5,35,0,325
603,3,13,1,13.5,17,5,338
604,3,13,2,40.0,80,0,280
605,3,13,3,25.0,50,0,310
606,3,13,4,3.5,7,0,353
607,3,13,5,0.0,0,0,360
608,3,13,6,18.0,24,6,330
609,3,13,7,0.0,0,0,360
610,3,13,8,56.5,113,0,247
611,3,13,9,64.0,122,3,235
612,3,13,10,23.0,44,1,315
613,3,14,1,0.0,0,0,360
614,3,14,2,21.5,35,4,321
615,3,14,3,27.5,3,26,331
616,3,14,4,0.0,0,0,360
617,3,14,5,112.0,224,0,136
618,3,14,6,5.5,11,0,349
619,3,14,7,0.5,1,0,359
620,3,14,8,8.5,17,0,343
621,3,14,9,21.0,42,0,318
622,3,14,10,1.0,2,0,358
623,3,15,1,0.0,0,0,360
624,3,15,2,16.5,33,0,327
625,3,15,3,9.5,19,0,341
626,3,15,4,2.0,2,1,357
627,3,15,5,0.0,0,0,360
628,3,15,6,0.0,0,0,360
629,3,15,7,19.0,38,0,322
630,3,15,8,0.5,1,0,359
631,3,15,9,2.0,4,0,356
632,3,15,10,155.5,311,0,49
633,3,16,1,5.0,10,0,350
634,3,16,2,0.0,0,0,360
635,3,16,3,0.0,0,0,360
636,3,16,4,1.5,3,0,357
637,3,16,5,32.5,5,30,325
638,3,16,6,18.5,37,0,323
639,3,16,7,102.0,154,25,181
640,3,16,8,5.5,3,4,353
641,3,16,9,0.0,0,0,360
642,3,16,10,0.0,0,0,360
643,3,17,1,11.5,19,2,339
644,3,17,2,0.0,0,0,360
645,3,17,3,0.5,1,0,359
646,3,17,4,0.0,0,0,360
647,3,17,5,0.0,0,0,360
648,3,17,6,13.0,2,12,346
649,3,17,7,193.5,3,192,165
650,3,17,8,47.0,6,44,310
651,3,17,9,0.5,1,0,359
652,3,17,10,80.0,50,55,255
653,3,18,1,40.5,21,30,309
654,3,18,2,0.0,0,0,360
655,3,18,3,0.0,0,0,360
656,3,18,4,0.0,0,0,360
657,3,18,5,0.0,0,0,360
658,3,18,6,14.0,8,10,342
659,3,18,7,0.0,0,0,360
660,3,18,8,0.0,0,0,360
661,3,18,9,0.0,0,0,360
662,3,18,10,0.0,0,0,360
663,3,19,1,0.0,0,0,360
664,3,19,2,0.0,0,0,360
665,3,19,3,0.0,0,0,360
666,3,19,4,0.0,0,0,360
667,3,19,5,0.0,0,0,360
668,3,19,6,0.0,0,0,360
669,3,19,7,0.0,0,0,360
670,3,19,8,0.0,0,0,360
671,3,19,9,0.0,0,0,360
672,3,19,10,3.0,2,2,356
673,3,20,1,0.0,0,0,360
674,3,20,2,0.0,0,0,360
675,3,20,3,0.0,0,0,360
676,3,20,4,0.0,0,0,360
677,3,20,5,0.0,0,0,360
678,3,20,6,0.0,0,0,360
679,3,20,7,0.0,0,0,360
680,3,20,8,2.0,2,1,357
681,3,20,9,0.0,0,0,360
682,3,20,10,0.0,0,0,360
683,3,21,1,0.0,0,0,360
684,3,21,2,0.0,0,0,360
685,3,21,3,3.5,3,2,355
686,3,21,4,3.0,2,2,356
687,3,21,5,0.0,0,0,360
688,3,21,6,16.0,2,15,343
689,3,21,7,116.0,20,106,234
690,3,21,8,0.0,0,0,360
691,3,21,9,58.5,17,50,293
692,3,21,10,30.0,60,0,300
693,3,22,1,0.5,1,0,359
694,3,22,2,0.0,0,0,360
695,3,22,3,0.0,0,0,360
696,3,22,4,0.0,0,0,360
697,3,22,5,27.5,7,24,329
698,3,22,6,0.0,0,0,360
699,3,22,7,0.0,0,0,360
700,3,22,8,0.0,0,0,360
701,3,22,9,0.0,0,0,360
702,3,22,10,0.0,0,0,360
703,3,23,1,0.0,0,0,360
704,3,23,2,15.5,7,12,341
705,3,23,3,0.0,0,0,360
706,3,23,4,0.0,0,0,360
707,3,23,5,6.0,2,5,353
708,3,23,6,0.0,0,0,360
709,3,23,7,0.0,0,0,360
710,3,23,8,0.0,0,0,360
711,3,23,9,0.0,0,0,360
712,3,23,10,0.0,0,0,360
713,4,0,1,0.0,0,0,360
714,4,0,2,0.0,0,0,360
715,4,0,3,0.0,0,0,360
716,4,0,4,0.0,0,0,360
717,4,0,5,0.0,0,0,360
718,4,0,6,0.0,0,0,360
719,4,0,7,0.0,0,0,360
720,4,0,8,0.0,0,0,360
721,4,0,9,0.0,0,0,360
722,4,0,10,0.0,0,0,360
723,4,1,1,0.0,0,0,360
724,4,1,2,0.0,0,0,360
725,4,1,3,0.0,0,0,360
726,4,1,4,0.0,0,0,360
727,4,1,5,0.0,0,0,360
728,4,1,6,0.0,0,0,360
729,4,1,7,0.0,0,0,360
730,4,1,8,0.0,0,0,360
731,4,1,9,0.0,0,0,360
732,4,1,10,0.0,0,0,360
733,4,2,1,0.0,0,0,360
734,4,2,2,0.0,0,0,360
735,4,2,3,0.0,0,0,360
736,4,2,4,0.0,0,0,360
737,4,2,5,0.0,0,0,360
738,4,2,6,0.0,0,0,360
739,4,2,7,0.0,0,0,360
740,4,2,8,0.0,0,0,360
741,4,2,9,0.0,0,0,360
742,4,2,10,0.0,0,0,360
743,4,3,1,0.0,0,0,360
744,4,3,2,0.0,0,0,360
745,4,3,3,0.0,0,0,360
746,4,3,4,0.0,0,0,360
747,4,3,5,0.0,0,0,360
748,4,3,6,0.0,0,0,360
749,4,3,7,0.0,0,0,360
750,4,3,8,0.0,0,0,360
751,4,3,9,0.0,0,0,360
752,4,3,10,0.0,0,0,360
753,4,4,1,0.0,0,0,360
754,4,4,2,0.0,0,0,360
755,4,4,3,0.0,0,0,360
756,4,4,4,0.0,0,0,360
757,4,4,5,0.0,0,0,360
758,4,4,6,0.0,0,0,360
759,4,4,7,0.0,0,0,360
760,4,4,8,0.0,0,0,360
761,4,4,9,0.0,0,0,360
762,4,4,10,0.0,0,0,360
763,4,5,1,0.0,0,0,360
764,4,5,2,0.0,0,0,360
765,4,5,3,0.0,0,0,360
766,4,5,4,0.0,0,0,360
767,4,5,5,0.0,0,0,360
768,4,5,6,0.0,0,0,360
769,4,5,7,0.0,0,0,360
770,4,5,8,0.0,0,0,360
771,4,5,9,0.0,0,0,360
772,4,5,10,0.0,0,0,360
773,4,6,1,0.0,0,0,360
774,4,6,2,0.0,0,0,360
775,4,6,3,0.0,0,0,360
776,4,6,4,0.0,0,0,360
777,4,6,5,0.0,0,0,360
778,4,6,6,0.0,0,0,360
779,4,6,7,0.0,0,0,360
780,4,6,8,0.0,0,0,360
781,4,6,9,0.0,0,0,360
782,4,6,10,0.0,0,0,360
783,4,7,1,0.0,0,0,360
784,4,7,2,0.0,0,0,360
785,4,7,3,0.0,0,0,360
786,4,7,4,0.0,0,0,360
787,4,7,5,0.0,0,0,360
788,4,7,6,0.0,0,0,360
789,4,7,7,0.0,0,0,360
790,4,7,8,0.0,0,0,360
791,4,7,9,0.0,0,0,360
792,4,7,10,0.0,0,0,360
793,4,8,1,0.0,0,0,360
794,4,8,2,0.0,0,0,360
795,4,8,3,0.0,0,0,360
796,4,8,4,11.5,13,5,342
797,4,8,5,16.5,27,3,330
798,4,8,6,0.0,0,0,360
799,4,8,7,0.0,0,0,360
800,4,8,8,0.0,0,0,360
801,4,8,9,0.0,0,0,360
802,4,8,10,0.0,0,0,360
803,4,9,1,0.0,0,0,360
804,4,9,2,0.0,0,0,360
805,4,9,3,0.0,0,0,360
806,4,9,4,0.0,0,0,360
807,4,9,5,0.0,0,0,360
808,4,9,6,0.0,0,0,360
809,4,9,7,0.0,0,0,360
810,4,9,8,0.0,0,0,360
811,4,9,9,0.0,0,0,360
812,4,9,10,0.0,0,0,360
813,4,10,1,0.0,0,0,360
814,4,10,2,0.0,0,0,360
815,4,10,3,0.0,0,0,360
816,4,10,4,0.0,0,0,360
817,4,10,5,0.0,0,0,421
818,4,10,6,0.0,0,0,720
819,4,10,7,0.0,0,0,720
820,4,10,8,0.0,0,0,720
821,4,10,9,0.0,0,0,720
822,4,10,10,0.0,0,0,720
823,4,11,1,6.0,4,4,712
824,4,11,2,0.0,0,0,720
825,4,11,3,0.0,0,0,622
826,4,11,4,0.0,0,0,360
827,4,11,5,9.0,4,7,349
828,4,11,6,0.0,0,0,360
829,4,11,7,0.0,0,0,360
830,4,11,8,0.0,0,0,360
831,4,11,9,0.0,0,0,360
832,4,11,10,3.5,1,3,356
833,4,12,1,4.5,7,1,352
834,4,12,2,0.0,0,0,360
835,4,12,3,0.0,0,0,360
836,4,12,4,13.5,17,5,338
837,4,12,5,0.0,0,0,360
838,4,12,6,1.0,2,0,358
839,4,12,7,10.0,14,3,343
840,4,12,8,20.5,31,5,324
841,4,12,9,0.0,0,0,360
842,4,12,10,1.5,1,1,358
843,4,13,1,48.0,64,16,280
844,4,13,2,14.5,29,0,331
845,4,13,3,3.5,7,0,353
846,4,13,4,2.0,2,1,357
847,4,13,5,0.5,1,0,359
848,4,13,6,93.5,137,25,198
849,4,13,7,32.5,65,0,295
850,4,13,8,13.0,0,13,347
851,4,13,9,20.5,37,2,321
852,4,13,10,1.5,1,1,358
853,4,14,1,0.0,0,0,360
854,4,14,2,26.5,53,0,307
855,4,14,3,27.5,55,0,305
856,4,14,4,0.0,0,0,360
857,4,14,5,15.0,22,4,334
858,4,14,6,0.0,0,0,360
859,4,14,7,20.5,31,5,324
860,4,14,8,0.0,0,0,360
861,4,14,9,1.5,3,0,357
862,4,14,10,0.0,0,0,360
863,4,15,1,0.0,0,0,360
864,4,15,2,2.0,2,1,357
865,4,15,3,10.0,4,8,348
866,4,15,4,0.0,0,0,360
867,4,15,5,0.0,0,0,360
868,4,15,6,0.0,0,0,360
869,4,15,7,0.0,0,0,360
870,4,15,8,0.5,1,0,359
871,4,15,9,32.5,17,24,319
872,4,15,10,1.5,1,1,358
873,4,16,1,2.5,3,1,356
874,4,16,2,5.0,10,0,350
875,4,16,3,0.0,0,0,360
876,4,16,4,1.0,2,0,358
877,4,16,5,2.0,2,1,357
878,4,16,6,44.0,64,12,284
879,4,16,7,51.0,44,29,287
880,4,16,8,37.0,58,8,294
881,4,16,9,31.0,48,7,305
882,4,16,10,6.5,1,6,353
883,4,17,1,1.0,2,0,358
884,4,17,2,0.0,0,0,360
885,4,17,3,22.5,37,4,319
886,4,17,4,37.0,30,22,308
887,4,17,5,41.5,41,21,298
888,4,17,6,148.0,104,96,160
889,4,17,7,214.0,172,128,60
890,4,17,8,51.5,5,49,306
891,4,17,9,62.5,113,6,241
892,4,17,10,202.5,135,135,90
893,4,18,1,248.5,99,199,62
894,4,18,2,0.0,0,0,360
895,4,18,3,66.0,118,7,235
896,4,18,4,0.0,0,0,360
897,4,18,5,0.0,0,0,360
898,4,18,6,0.0,0,0,360
899,4,18,7,0.0,0,0,360
900,4,18,8,0.0,0,0,360
901,4,18,9,0.0,0,0,360
902,4,18,10,0.0,0,0,360
903,4,19,1,0.0,0,0,360
904,4,19,2,0.0,0,0,360
905,4,19,3,87.0,162,6,192
906,4,19,4,0.0,0,0,360
907,4,19,5,0.0,0,0,360
908,4,19,6,0.0,0,0,360
909,4,19,7,0.0,0,0,360
910,4,19,8,59.0,52,33,275
911,4,19,9,78.0,90,33,237
912,4,19,10,0.0,0,0,360
913,4,20,1,43.0,48,19,293
914,4,20,2,250.0,98,201,61
915,4,20,3,131.0,20,121,219
916,4,20,4,70.5,139,1,220
917,4,20,5,0.0,0,0,360
918,4,20,6,0.0,0,0,360
919,4,20,7,0.0,0,0,360
920,4,20,8,0.0,0,0,360
921,4,20,9,0.0,0,0,360
922,4,20,10,0.0,0,0,360
923,4,21,1,0.0,0,0,360
924,4,21,2,0.0,0,0,360
925,4,21,3,0.0,0,0,360
926,4,21,4,0.0,0,0,360
927,4,21,5,0.0,0,0,360
928,4,21,6,3.5,7,0,353
929,4,21,7,174.0,348,0,12
930,4,21,8,18.0,36,0,324
931,4,21,9,39.5,63,8,289
932,4,21,10,0.0,0,0,360
933,4,22,1,0.0,0,0,360
934,4,22,2,0.0,0,0,360
935,4,22,3,99.5,195,2,163
936,4,22,4,37.5,63,6,291
937,4,22,5,0.0,0,0,360
938,4,22,6,0.0,0,0,360
939,4,22,7,0.0,0,0,360
940,4,22,8,5.0,6,2,352
941,4,22,9,2.5,1,2,357
942,4,22,10,0.0,0,0,360
943,4,23,1,0.0,0,0,360
944,4,23,2,0.0,0,0,360
945,4,23,3,0.0,0,0,360
946,4,23,4,9.0,4,7,349
947,4,23,5,0.0,0,0,360
948,4,23,6,0.0,0,0,360
949,4,23,7,0.0,0,0,360
950,4,23,8,0.0,0,0,360
951,4,23,9,0.0,0,0,360
952,4,23,10,0.0,0,0,360
953,5,0,1,0.0,0,0,360
954,5,0,2,0.0,0,0,360
955,5,0,3,0.0,0,0,360
956,5,0,4,0.0,0,0,360
957,5,0,5,0.0,0,0,360
958,5,0,6,0.0,0,0,360
959,5,0,7,0.0,0,0,360
960,5,0,8,0.0,0,0,360
961,5,0,9,0.0,0,0,360
962,5,0,10,0.0,0,0,360
963,5,1,1,96.0,188,2,170
964,5,1,2,131.5,179,42,139
965,5,1,3,0.0,0,0,360
966,5,1,4,0.0,0,0,360
967,5,1,5,0.0,0,0,360
968,5,1,6,0.0,0,0,360
969,5,1,7,0.0,0,0,360
970,5,1,8,0.0,0,0,360
971,5,1,9,0.0,0,0,360
972,5,1,10,0.0,0,0,360
973,5,2,1,0.0,0,0,360
974,5,2,2,0.0,0,0,360
975,5,2,3,0.0,0,0,360
976,5,2,4,0.0,0,0,360
977,5,2,5,0.0,0,0,360
978,5,2,6,0.0,0,0,360
979,5,2,7,0.0,0,0,360
980,5,2,8,0.0,0,0,360
981,5,2,9,0.0,0,0,360
982,5,2,10,0.0,0,0,360
983,5,3,1,0.0,0,0,360
984,5,3,2,0.0,0,0,360
985,5,3,3,0.0,0,0,360
986,5,3,4,0.0,0,0,360
987,5,3,5,0.0,0,0,360
988,5,3,6,0.0,0,0,360
989,5,3,7,0.0,0,0,360
990,5,3,8,0.0,0,0,360
991,5,3,9,0.0,0,0,360
992,5,3,10,0.0,0,0,360
993,5,4,1,0.0,0,0,360
994,5,4,2,0.0,0,0,360
995,5,4,3,0.0,0,0,360
996,5,4,4,0.0,0,0,360
997,5,4,5,0.0,0,0,360
998,5,4,6,0.0,0,0,360
999,5,4,7,0.0,0,0,360
1000,5,4,8,0.0,0,0,360
1001,5,4,9,0.0,0,0,360
1002,5,4,10,0.0,0,0,360
1003,5,5,1,139.5,245,17,98
1004,5,5,2,0.0,0,0,360
1005,5,5,3,0.0,0,0,360
1006,5,5,4,0.0,0,0,360
1007,5,5,5,0.0,0,0,360
1008,5,5,6,0.0,0,0,360
1009,5,5,7,0.0,0,0,360
1010,5,5,8,0.0,0,0,360
1011,5,5,9,0.0,0,0,360
1012,5,5,10,0.0,0,0,360
1013,5,6,1,0.0,0,0,360
1014,5,6,2,0.0,0,0,360
1015,5,6,3,0.0,0,0,360
1016,5,6,4,0.0,0,0,360
1017,5,6,5,0.0,0,0,360
1018,5,6,6,0.0,0,0,360
1019,5,6,7,0.0,0,0,360
1020,5,6,8,0.0,0,0,360
1021,5,6,9,0.0,0,0,360
1022,5,6,10,0.0,0,0,360
1023,5,7,1,0.0,0,0,360
1024,5,7,2,0.0,0,0,360
1025,5,7,3,0.0,0,0,360
1026,5,7,4,0.0,0,0,360
1027,5,7,5,0.0,0,0,360
1028,5,7,6,0.0,0,0,360
1029,5,7,7,0.0,0,0,360
1030,5,7,8,4.5,9,0,351
1031,5,7,9,124.5,249,0,111
1032,5,7,10,0.0,0,0,360
1033,5,8,1,0.0,0,0,360
1034,5,8,2,0.0,0,0,360
1035,5,8,3,0.0,0,0,360
1036,5,8,4,0.0,0,0,360
1037,5,8,5,0.0,0,0,360
1038,5,8,6,0.0,0,0,360
1039,5,8,7,0.0,0,0,360
1040,5,8,8,0.0,0,0,360
1041,5,8,9,0.0,0,0,360
1042,5,8,10,0.0,0,0,360
1043,5,9,1,0.0,0,0,360
1044,5,9,2,0.0,0,0,360
1045,5,9,3,0.0,0,0,360
1046,5,9,4,0.0,0,0,360
1047,5,9,5,0.0,0,0,360
1048,5,9,6,0.0,0,0,360
1049,5,9,7,0.0,0,0,360
1050,5,9,8,0.0,0,0,360
1051,5,9,9,0.0,0,0,360
1052,5,9,10,0.0,0,0,360
1053,5,10,1,0.0,0,0,360
1054,5,10,2,4.0,2,3,355
1055,5,10,3,0.0,0,0,360
1056,5,10,4,0.0,0,0,360
1057,5,10,5,0.0,0,0,360
1058,5,10,6,0.0,0,0,360
1059,5,10,7,0.0,0,0,360
1060,5,10,8,0.0,0,0,360
1061,5,10,9,0.0,0,0,360
1062,5,10,10,0.0,0,0,360
1063,5,11,1,0.0,0,0,360
1064,5,11,2,0.0,0,0,360
1065,5,11,3,1.0,2,0,456
1066,5,11,4,0.0,0,0,720
1067,5,11,5,0.0,0,0,720
1068,5,11,6,0.0,0,0,720
1069,5,11,7,2.5,1,2,410
1070,5,11,8,0.0,0,0,360
1071,5,11,9,20.5,41,0,319
1072,5,11,10,0.0,0,0,360
1073,5,12,1,0.0,0,0,360
1074,5,12,2,0.0,0,0,360
1075,5,12,3,23.5,41,3,316
1076,5,12,4,13.5,27,0,333
1077,5,12,5,33.5,59,4,297
1078,5,12,6,15.5,25,3,332
1079,5,12,7,33.5,61,3,296
1080,5,12,8,29.0,54,2,304
1081,5,12,9,0.0,0,0,360
1082,5,12,10,23.5,45,1,314
1083,5,13,1,0.0,0,0,360
1084,5,13,2,41.5,81,1,278
1085,5,13,3,2.5,3,1,356
1086,5,13,4,45.0,88,1,271
1087,5,13,5,20.5,33,4,323
1088,5,13,6,8.5,17,0,343
1089,5,13,7,10.0,20,0,340
1090,5,13,8,10.0,16,2,342
1091,5,13,9,7.5,15,0,345
1092,5,13,10,8.5,17,0,343
1093,5,14,1,19.5,37,1,322
1094,5,14,2,39.5,51,14,295
1095,5,14,3,25.5,49,1,310
1096,5,14,4,7.0,10,2,348
1097,5,14,5,38.0,76,0,284
1098,5,14,6,11.5,19,2,339
1099,5,14,7,19.0,38,0,322
1100,5,14,8,4.0,2,3,355
1101,5,14,9,31.5,61,1,298
1102,5,14,10,9.0,12,3,345
1103,5,15,1,1.0,2,0,358
1104,5,15,2,1.5,1,1,358
1105,5,15,3,18.5,37,0,323
1106,5,15,4,0.0,0,0,360
1107,5,15,5,43.0,86,0,274
1108,5,15,6,183.0,314,26,20
1109,5,15,7,19.5,3,18,339
1110,5,15,8,19.5,23,8,329
1111,5,15,9,2.0,4,0,356
1112,5,15,10,0.0,0,0,360
1113,5,16,1,84.5,169,0,191
1114,5,16,2,0.0,0,0,360
1115,5,16,3,4.0,8,0,352
1116,5,16,4,0.0,0,0,360
1117,5,16,5,0.0,0,0,360
1118,5,16,6,14.0,4,12,344
1119,5,16,7,0.0,0,0,360
1120,5,16,8,1.0,0,1,359
1121,5,16,9,21.5,41,1,318
1122,5,16,10,96.0,124,34,202
1123,5,17,1,0.0,0,0,360
1124,5,17,2,1.0,2,0,358
1125,5,17,3,23.5,35,6,319
1126,5,17,4,31.0,62,0,298
1127,5,17,5,61.0,96,13,251
1128,5,17,6,22.5,1,22,337
1129,5,17,7,46.5,67,13,280
1130,5,17,8,65.5,131,0,229
1131,5,17,9,30.5,61,0,299
1132,5,17,10,0.0,0,0,360
1133,5,18,1,49.5,85,7,268
1134,5,18,2,0.5,1,0,359
1135,5,18,3,93.5,123,32,205
1136,5,18,4,5.0,8,1,351
1137,5,18,5,0.0,0,0,360
1138,5,18,6,56.5,113,0,247
1139,5,18,7,222.0,116,164,80
1140,5,18,8,0.0,0,0,360
1141,5,18,9,111.0,208,7,145
1142,5,18,10,0.0,0,0,360
1143,5,19,1,0.0,0,0,360
1144,5,19,2,0.0,0,0,360
1145,5,19,3,3.5,5,1,354
1146,5,19,4,145.5,289,1,70
1147,5,19,5,53.5,67,20,273
1148,5,19,6,0.0,0,0,360
1149,5,19,7,0.0,0,0,360
1150,5,19,8,0.0,0,0,360
1151,5,19,9,0.0,0,0,360
1152,5,19,10,21.0,36,3,321
1153,5,20,1,0.0,0,0,360
1154,5,20,2,0.0,0,0,360
1155,5,20,3,0.0,0,0,360
1156,5,20,4,0.0,0,0,360
1157,5,20,5,0.0,0,0,360
1158,5,20,6,41.0,82,0,278
1159,5,20,7,50.0,100,0,260
1160,5,20,8,0.0,0,0,360
1161,5,20,9,0.0,0,0,360
1162,5,20,10,0.0,0,0,360
1163,5,21,1,0.0,0,0,360
1164,5,21,2,0.0,0,0,360
1165,5,21,3,0.0,0,0,360
1166,5,21,4,0.0,0,0,360
1167,5,21,5,42.5,85,0,275
1168,5,21,6,189.0,342,18,0
1169,5,21,7,15.5,19,6,335
1170,5,21,8,0.0,0,0,360
1171,5,21,9,75.5,117,17,226
1172,5,21,10,94.0,168,10,182
1173,5,22,1,0.0,0,0,360
1174,5,22,2,0.0,0,0,360
1175,5,22,3,0.0,0,0,360
1176,5,22,4,11.5,23,0,337
1177,5,22,5,128.0,256,0,104
1178,5,22,6,0.0,0,0,360
1179,5,22,7,0.0,0,0,360
1180,5,22,8,0.0,0,0,360
1181,5,22,9,0.0,0,0,360
1182,5,22,10,0.0,0,0,360
1183,5,23,1,0.0,0,0,360
1184,5,23,2,0.0,0,0,360
1185,5,23,3,0.0,0,0,360
1186,5,23,4,0.0,0,0,360
1187,5,23,5,103.5,189,9,162
1188,5,23,6,50.0,18,41,301
1189,5,23,7,8.0,16,0,344
1190,5,23,8,0.0,0,0,360
1191,5,23,9,0.0,0,0,360
1192,5,23,10,92.0,184,0,176
1193,6,0,1,0.0,0,0,360
1194,6,0,2,0.0,0,0,360
1195,6,0,3,0.0,0,0,360
1196,6,0,4,0.0,0,0,360
1197,6,0,5,0.0,0,0,360
1198,6,0,6,0.0,0,0,360
1199,6,0,7,0.0,0,0,360
1200,6,0,8,0.0,0,0,360
1201,6,0,9,0.0,0,0,360
1202,6,0,10,0.0,0,0,360
1203,6,1,1,0.0,0,0,360
1204,6,1,2,0.0,0,0,360
1205,6,1,3,0.0,0,0,360
1206,6,1,4,0.0,0,0,360
1207,6,1,5,0.0,0,0,360
1208,6,1,6,0.0,0,0,360
1209,6,1,7,0.0,0,0,360
1210,6,1,8,0.0,0,0,360
1211,6,1,9,0.0,0,0,360
1212,6,1,10,0.0,0,0,360
1213,6,2,1,0.0,0,0,360
1214,6,2,2,0.0,0,0,360
1215,6,2,3,0.0,0,0,360
1216,6,2,4,0.0,0,0,360
1217,6,2,5,0.0,0,0,360
1218,6,2,6,0.0,0,0,360
1219,6,2,7,0.0,0,0,360
1220,6,2,8,0.0,0,0,360
1221,6,2,9,0.0,0,0,360
1222,6,2,10,0.0,0,0,360
1223,6,3,1,0.0,0,0,360
1224,6,3,2,0.0,0,0,360
1225,6,3,3,0.0,0,0,360
1226,6,3,4,0.0,0,0,360
1227,6,3,5,0.0,0,0,360
1228,6,3,6,0.0,0,0,360
1229,6,3,7,0.0,0,0,360
1230,6,3,8,0.0,0,0,360
1231,6,3,9,0.0,0,0,360
1232,6,3,10,0.0,0,0,360
1233,6,4,1,0.0,0,0,360
1234,6,4,2,0.0,0,0,360
1235,6,4,3,121.0,70,86,204
1236,6,4,4,0.0,0,0,360
1237,6,4,5,0.0,0,0,360
1238,6,4,6,0.0,0,0,360
1239,6,4,7,0.0,0,0,360
1240,6,4,8,0.0,0,0,360
1241,6,4,9,0.0,0,0,360
1242,6,4,10,0.0,0,0,360
1243,6,5,1,0.0,0,0,360
1244,6,5,2,0.0,0,0,360
1245,6,5,3,0.0,0,0,360
1246,6,5,4,0.0,0,0,360
1247,6,5,5,0.0,0,0,360
1248,6,5,6,0.0,0,0,360
1249,6,5,7,0.0,0,0,360
1250,6,5,8,0.0,0,0,360
1251,6,5,9,0.0,0,0,360
1252,6,5,10,0.0,0,0,360
1253,6,6,1,0.0,0,0,360
1254,6,6,2,0.0,0,0,360
1255,6,6,3,0.0,0,0,360
1256,6,6,4,0.0,0,0,360
1257,6,6,5,0.0,0,0,360
1258,6,6,6,0.0,0,0,360
1259,6,6,7,0.0,0,0,360
1260,6,6,8,0.0,0,0,360
1261,6,6,9,0.0,0,0,360
1262,6,6,10,0.0,0,0,360
1263,6,7,1,0.0,0,0,360
1264,6,7,2,0.0,0,0,360
1265,6,7,3,0.0,0,0,360
1266,6,7,4,0.0,0,0,360
1267,6,7,5,0.0,0,0,360
1268,6,7,6,0.0,0,0,360
1269,6,7,7,0.0,0,0,360
1270,6,7,8,0.0,0,0,360
1271,6,7,9,0.0,0,0,360
1272,6,7,10,0.0,0,0,360
1273,6,8,1,0.0,0,0,360
1274,6,8,2,0.0,0,0,360
1275,6,8,3,0.0,0,0,360
1276,6,8,4,0.0,0,0,360
1277,6,8,5,0.0,0,0,360
1278,6,8,6,9.5,3,8,349
1279,6,8,7,0.0,0,0,360
1280,6,8,8,0.0,0,0,360
1281,6,8,9,0.0,0,0,360
1282,6,8,10,0.0,0,0,360
1283,6,9,1,0.0,0,0,360
1284,6,9,2,0.0,0,0,360
1285,6,9,3,0.0,0,0,360
1286,6,9,4,0.0,0,0,360
1287,6,9,5,0.0,0,0,360
1288,6,9,6,0.0,0,0,360
1289,6,9,7,0.0,0,0,360
1290,6,9,8,0.0,0,0,360
1291,6,9,9,0.0,0,0,360
1292,6,9,10,0.0,0,0,360
1293,6,10,1,0.0,0,0,360
1294,6,10,2,0.0,0,0,360
1295,6,10,3,0.0,0,0,360
1296,6,10,4,0.0,0,0,360
1297,6,10,5,0.0,0,0,360
1298,6,10,6,0.0,0,0,360
1299,6,10,7,0.0,0,0,360
1300,6,10,8,0.0,0,0,360
1301,6,10,9,0.0,0,0,360
1302,6,10,10,0.0,0,0,360
1303,6,11,1,0.0,0,0,360
1304,6,11,2,0.0,0,0,360
1305,6,11,3,0.0,0,0,360
1306,6,11,4,0.0,0,0,360
1307,6,11,5,0.0,0,0,117
1308,6,11,7,26.5,41,6,260
1309,6,11,8,5.0,10,0,350
1310,6,11,9,10.0,20,0,340
1311,6,11,10,3.0,6,0,354
1312,6,12,1,20.0,38,1,321
1313,6,12,2,0.0,0,0,360
1314,6,12,3,32.5,33,16,311
1315,6,12,4,0.0,0,0,360
1316,6,12,5,11.0,20,1,339
1317,6,12,6,0.5,1,0,359
1318,6,12,7,19.5,27,6,327
1319,6,12,8,6.5,13,0,347
1320,6,12,9,0.0,0,0,360
1321,6,12,10,17.0,2,16,342
1322,6,13,1,0.0,0,0,360
1323,6,13,2,0.0,0,0,360
1324,6,13,3,0.0,0,0,360
1325,6,13,4,0.0,0,0,360
1326,6,13,5,0.5,1,0,359
1327,6,13,6,0.0,0,0,360
1328,6,13,7,16.0,30,1,329
1329,6,13,8,1.0,2,0,358
1330,6,13,9,1.5,3,0,357
1331,6,13,10,40.0,66,7,287
1332,6,14,1,14.0,26,1,333
1333,6,14,2,10.5,19,1,340
1334,6,14,3,0.5,1,0,359
1335,6,14,4,78.5,123,17,220
1336,6,14,5,2.5,5,0,355
1337,6,14,6,18.5,7,15,338
1338,6,14,7,1.0,2,0,358
1339,6,14,8,26.5,33,10,317
1340,6,14,9,22.0,28,8,324
1341,6,14,10,0.5,1,0,359
1342,6,15,1,19.5,39,0,321
1343,6,15,2,0.5,1,0,359
1344,6,15,3,64.5,127,1,232
1345,6,15,4,0.5,1,0,359
1346,6,15,5,29.5,59,0,301
1347,6,15,6,0.0,0,0,360
1348,6,15,7,33.0,66,0,294
1349,6,15,8,99.5,169,15,176
1350,6,15,9,36.5,15,29,316
1351,6,15,10,26.0,50,1,309
1352,6,16,1,22.5,45,0,315
1353,6,16,2,37.0,30,22,308
1354,6,16,3,14.0,28,0,332
1355,6,16,4,0.0,0,0,360
1356,6,16,5,26.0,48,2,310
1357,6,16,6,41.0,58,12,290
1358,6,16,7,27.5,27,14,319
1359,6,16,8,1.5,3,0,357
1360,6,16,9,15.5,31,0,329
1361,6,16,10,56.0,26,43,291
1362,6,17,1,262.0,62,231,67
1363,6,17,2,65.0,118,6,236
1364,6,17,3,132.5,145,60,155
1365,6,17,4,19.0,38,0,322
1366,6,17,5,18.0,32,2,326
1367,6,17,6,52.5,23,41,296
1368,6,17,7,3.5,7,0,353
1369,6,17,8,0.0,0,0,360
1370,6,17,9,0.0,0,0,360
1371,6,17,10,0.0,0,0,360
1372,6,18,1,0.0,0,0,360
1373,6,18,2,0.0,0,0,360
1374,6,18,3,0.0,0,0,360
1375,6,18,4,0.0,0,0,360
1376,6,18,5,0.0,0,0,360
1377,6,18,6,0.0,0,0,360
1378,6,18,7,30.5,51,5,304
1379,6,18,8,49.5,55,22,283
1380,6,18,9,70.0,132,4,224
1381,6,18,10,9.0,0,9,351
1382,6,19,1,301.0,72,265,23
1383,6,19,2,97.0,164,15,181
1384,6,19,3,74.0,6,71,283
1385,6,19,4,1.0,2,0,358
1386,6,19,5,191.0,338,22,0
1387,6,19,6,13.5,27,0,333
1388,6,19,7,0.0,0,0,360
1389,6,19,8,211.0,272,75,13
1390,6,19,9,111.5,7,108,245
1391,6,19,10,0.0,0,0,360
1392,6,20,1,0.0,0,0,360
1393,6,20,2,0.0,0,0,360
1394,6,20,3,0.0,0,0,360
1395,6,20,4,0.0,0,0,360
1396,6,20,5,0.0,0,0,360
1397,6,20,6,0.0,0,0,360
1398,6,20,7,0.0,0,0,360
1399,6,20,8,0.0,0,0,360
1400,6,20,9,0.0,0,0,360
1401,6,20,10,0.0,0,0,360
1402,6,21,1,0.0,0,0,360
1403,6,21,2,9.0,16,1,343
1404,6,21,3,0.0,0,0,360
1405,6,21,4,0.0,0,0,360
1406,6,21,5,0.0,0,0,360
1407,6,21,6,0.0,0,0,360
1408,6,21,7,0.0,0,0,360
1409,6,21,8,0.0,0,0,360
1410,6,21,9,0.0,0,0,360
1411,6,21,10,0.0,0,0,360
1412,6,22,1,0.0,0,0,360
1413,6,22,2,0.0,0,0,360
1414,6,22,3,0.0,0,0,360
1415,6,22,4,0.0,0,0,360
1416,6,22,5,0.0,0,0,360
1417,6,22,6,0.0,0,0,360
1418,6,22,7,0.0,0,0,360
1419,6,22,8,0.0,0,0,360
1420,6,22,9,0.0,0,0,360
1421,6,22,10,0.0,0,0,360
1422,6,23,1,41.0,30,26,304
1423,6,23,2,0.0,0,0,360
1424,6,23,3,9.5,11,4,345
1425,6,23,4,57.5,113,1,246
1426,6,23,5,0.0,0,0,360
1427,6,23,6,0.0,0,0,360
1428,6,23,7,58.0,104,6,250
1429,6,23,8,0.0,0,0,360
1430,6,23,9,0.0,0,0,360
1431,6,23,10,0.0,0,0,360
1432,7,0,1,0.0,0,0,360
1433,7,0,2,0.0,0,0,360
1434,7,0,3,0.0,0,0,360
1435,7,0,4,0.0,0,0,360
1436,7,0,5,0.0,0,0,360
1437,7,0,6,0.0,0,0,360
1438,7,0,7,0.0,0,0,360
1439,7,0,8,0.0,0,0,360
1440,7,0,9,0.0,0,0,360
1441,7,0,10,0.0,0,0,360
1442,7,1,1,108.5,215,1,144
1443,7,1,2,96.0,126,33,201
1444,7,1,3,0.0,0,0,360
1445,7,1,4,0.0,0,0,360
1446,7,1,5,0.0,0,0,360
1447,7,1,6,0.0,0,0,360
1448,7,1,7,0.0,0,0,360
1449,7,1,8,0.0,0,0,360
1450,7,1,9,0.0,0,0,360
1451,7,1,10,0.0,0,0,360
1452,7,2,1,0.0,0,0,360
1453,7,2,2,0.0,0,0,360
1454,7,2,3,0.0,0,0,360
1455,7,2,4,0.0,0,0,360
1456,7,2,5,0.0,0,0,360
1457,7,2,6,0.0,0,0,360
1458,7,2,7,0.0,0,0,360
1459,7,2,8,0.0,0,0,360
1460,7,2,9,0.0,0,0,360
1461,7,2,10,71.5,115,14,231
1462,7,3,1,32.0,46,9,305
1463,7,3,2,49.5,81,9,270
1464,7,3,3,0.0,0,0,360
1465,7,3,4,0.0,0,0,360
1466,7,3,5,0.0,0,0,360
1467,7,3,6,0.0,0,0,360
1468,7,3,7,0.0,0,0,360
1469,7,3,8,0.0,0,0,360
1470,7,3,9,0.0,0,0,360
1471,7,3,10,0.0,0,0,360
1472,7,4,1,0.0,0,0,360
1473,7,4,2,0.0,0,0,360
1474,7,4,3,0.0,0,0,360
1475,7,4,4,0.0,0,0,360
1476,7,4,5,0.0,0,0,360
1477,7,4,6,0.0,0,0,360
1478,7,4,7,0.0,0,0,360
1479,7,4,8,0.0,0,0,360
1480,7,4,9,0.0,0,0,360
1481,7,4,10,0.0,0,0,360
1482,7,5,1,0.0,0,0,360
1483,7,5,2,0.0,0,0,360
1484,7,5,3,0.0,0,0,360
1485,7,5,4,0.0,0,0,360
1486,7,5,5,0.0,0,0,360
1487,7,5,6,0.0,0,0,360
1488,7,5,7,0.0,0,0,360
1489,7,5,8,0.0,0,0,360
1490,7,5,9,0.0,0,0,360
1491,7,5,10,0.0,0,0,360
1492,7,6,1,0.0,0,0,360
1493,7,6,2,0.0,0,0,360
1494,7,6,3,0.0,0,0,360
1495,7,6,4,0.0,0,0,360
1496,7,6,5,0.0,0,0,360
1497,7,6,6,0.0,0,0,360
1498,7,6,7,0.0,0,0,360
1499,7,6,8,0.0,0,0,360
1500,7,6,9,0.0,0,0,360
1501,7,6,10,0.0,0,0,360
1502,7,7,1,0.0,0,0,360
1503,7,7,2,0.0,0,0,360
1504,7,7,3,0.0,0,0,360
1505,7,7,4,0.0,0,0,360
1506,7,7,5,0.0,0,0,360
1507,7,7,6,0.0,0,0,360
1508,7,7,7,0.0,0,0,360
1509,7,7,8,0.0,0,0,360
1510,7,7,9,0.0,0,0,360
1511,7,7,10,0.0,0,0,360
1512,7,8,1,0.0,0,0,360
1513,7,8,2,0.0,0,0,360
1514,7,8,3,0.0,0,0,360
1515,7,8,4,0.0,0,0,360
1516,7,8,5,0.0,0,0,360
1517,7,8,6,0.0,0,0,360
1518,7,8,7,0.0,0,0,360
1519,7,8,8,0.0,0,0,360
1520,7,8,9,0.0,0,0,360
1521,7,8,10,0.0,0,0,360
1522,7,9,1,0.0,0,0,360
1523,7,9,2,52.5,17,44,299
1524,7,9,3,0.0,0,0,360
1525,7,9,4,0.0,0,0,360
1526,7,9,5,0.0,0,0,360
1527,7,9,6,0.0,0,0,360
1528,7,9,7,0.0,0,0,360
1529,7,9,8,0.0,0,0,360
1530,7,9,9,0.0,0,0,360
1531,7,9,10,0.0,0,0,360
1532,7,10,1,0.0,0,0,360
1533,7,10,2,0.0,0,0,360
1534,7,10,3,0.0,0,0,275
1535,7,11,5,5.0,0,5,238
1536,7,11,6,0.0,0,0,360
1537,7,11,7,0.0,0,0,360
1538,7,11,8,0.0,0,0,360
1539,7,11,9,0.0,0,0,360
1540,7,11,10,0.0,0,0,360
1541,7,12,1,0.0,0,0,360
1542,7,12,2,0.0,0,0,360
1543,7,12,3,0.0,0,0,360
1544,7,12,4,24.5,45,2,313
1545,7,12,5,19.5,33,3,324
1546,7,12,6,0.0,0,0,360
1547,7,12,7,72.0,136,4,220
1548,7,12,8,3.0,4,1,355
1549,7,12,9,4.0,4,2,354
1550,7,12,10,1.0,0,1,359
1551,7,13,1,15.5,29,1,330
1552,7,13,2,0.0,0,0,360
1553,7,13,3,11.0,22,0,338
1554,7,13,4,6.5,9,2,349
1555,7,13,5,3.5,7,0,353
1556,7,13,6,2.0,2,1,357
1557,7,13,7,51.5,99,2,259
1558,7,13,8,0.0,0,0,360
1559,7,13,9,19.0,30,4,326
1560,7,13,10,45.0,68,11,281
1561,7,14,1,46.0,58,17,285
1562,7,14,2,1.0,2,0,358
1563,7,14,3,1.0,2,0,358
1564,7,14,4,47.0,82,6,272
1565,7,14,5,0.0,0,0,360
1566,7,14,6,7.0,14,0,346
1567,7,14,7,60.5,115,3,242
1568,7,14,8,0.0,0,0,360
1569,7,14,9,45.0,40,25,295
1570,7,14,10,4.0,8,0,352
1571,7,15,1,50.5,99,1,260
1572,7,15,2,0.0,0,0,360
1573,7,15,3,39.5,77,1,282
1574,7,15,4,0.0,0,0,360
1575,7,15,5,0.0,0,0,360
1576,7,15,6,0.0,0,0,360
1577,7,15,7,44.5,89,0,271
1578,7,15,8,1.5,3,0,357
1579,7,15,9,21.0,40,1,319
1580,7,15,10,35.0,48,11,301
1581,7,16,1,101.0,202,0,158
1582,7,16,2,0.0,0,0,360
1583,7,16,3,72.5,15,65,280
1584,7,16,4,0.0,0,0,360
1585,7,16,5,17.5,25,5,330
1586,7,16,6,0.0,0,0,360
1587,7,16,7,0.0,0,0,360
1588,7,16,8,0.0,0,0,360
1589,7,16,9,52.0,80,12,268
1590,7,16,10,0.5,1,0,359
1591,7,17,1,203.0,214,96,50
1592,7,17,2,0.0,0,0,360
1593,7,17,3,105.0,188,11,161
1594,7,17,4,119.0,152,43,165
1595,7,17,5,70.0,140,0,220
1596,7,17,6,141.0,6,138,216
1597,7,17,7,262.5,163,181,16
1598,7,17,8,81.5,135,14,211
1599,7,17,9,5.0,10,0,350
1600,7,17,10,237.0,246,114,0
1601,7,18,1,153.5,169,69,122
1602,7,18,2,254.0,154,177,29
1603,7,18,3,257.5,205,155,0
1604,7,18,4,283.5,153,207,0
1605,7,18,5,140.0,120,80,160
1606,7,18,6,180.0,360,0,0
1607,7,18,7,180.0,360,0,0
1608,7,18,8,180.0,360,0,0
1609,7,18,9,180.0,360,0,0
1610,7,18,10,180.0,360,0,0
1611,7,19,1,180.0,360,0,0
1612,7,19,2,179.0,224,67,69
1613,7,19,3,180.0,360,0,0
1614,7,19,4,180.0,360,0,0
1615,7,19,5,176.0,352,0,8
1616,7,19,6,130.5,219,21,120
1617,7,19,7,52.5,35,35,290
1618,7,19,8,0.0,0,0,360
1619,7,19,9,0.0,0,0,360
1620,7,19,10,0.0,0,0,360
1621,7,20,1,0.0,0,0,360
1622,7,20,2,0.0,0,0,360
1623,7,20,3,0.0,0,0,360
1624,7,20,4,25.5,49,1,310
1625,7,20,5,0.0,0,0,360
1626,7,20,6,0.0,0,0,360
1627,7,20,7,0.0,0,0,360
1628,7,20,8,0.0,0,0,360
1629,7,20,9,0.0,0,0,360
1630,7,20,10,0.0,0,0,360
1631,7,21,1,0.0,0,0,360
1632,7,21,2,0.0,0,0,360
1633,7,21,3,9.5,15,2,343
1634,7,21,4,70.0,140,0,220
1635,7,21,5,4.5,9,0,351
1636,7,21,6,0.0,0,0,360
1637,7,21,7,0.0,0,0,360
1638,7,21,8,65.5,131,0,229
1639,7,21,9,85.5,99,36,225
1640,7,21,10,0.0,0,0,360
1641,7,22,1,195.0,186,102,72
1642,7,22,2,112.5,43,91,226
1643,7,22,3,0.0,0,0,360
1644,7,22,4,0.0,0,0,360
1645,7,22,5,0.0,0,0,360
1646,7,22,6,0.0,0,0,360
1647,7,22,7,0.0,0,0,360
1648,7,22,8,0.0,0,0,360
1649,7,22,9,0.0,0,0,360
1650,7,22,10,137.0,270,2,88
1651,7,23,1,17.5,35,0,325
1652,7,23,2,0.0,0,0,360
1653,7,23,3,0.0,0,0,360
1654,7,23,4,0.0,0,0,360
1655,7,23,5,0.0,0,0,360
1656,7,23,6,0.0,0,0,360
1657,7,23,7,0.0,0,0,360
1658,7,23,8,0.0,0,0,360
1659,7,23,9,0.0,0,0,360
1660,7,23,10,34.0,68,0,292
