Cday,CT,bin,middle,mid_sep,others
1,0,1,19,6,335
1,0,2,106,115,139
1,0,3,128,51,181
1,0,4,46,69,245
1,0,5,48,36,276
1,0,6,78,102,180
1,0,7,32,12,316
1,0,8,0,0,360
1,0,9,0,0,360
1,0,10,0,0,360
1,1,1,0,0,360
1,1,2,0,0,360
1,1,3,0,0,360
1,1,4,0,0,360
1,1,5,0,0,360
1,1,6,40,29,291
1,1,7,3,0,357
1,1,8,0,0,360
1,1,9,0,0,360
1,1,10,0,0,360
1,2,1,0,0,360
1,2,2,0,0,360
1,2,3,0,0,360
1,2,4,0,0,360
1,2,5,44,6,310
1,2,6,105,39,216
1,2,7,44,6,310
1,2,8,0,0,360
1,2,9,0,0,360
1,2,10,0,0,360
1,3,1,0,0,360
1,3,2,0,0,360
1,3,3,0,0,360
1,3,4,0,0,360
1,3,5,0,0,360
1,3,6,0,0,360
1,3,7,0,0,360
1,3,8,0,0,360
1,3,9,0,0,360
1,3,10,0,0,360
1,4,1,0,0,360
1,4,2,0,0,360
1,4,3,0,0,360
1,4,4,0,0,360
1,4,5,4,20,336
1,4,6,46,40,274
1,4,7,0,0,360
1,4,8,8,0,352
1,4,9,0,0,360
1,4,10,0,0,360
1,5,1,0,0,360
1,5,2,0,0,360
1,5,3,0,0,360
1,5,4,0,0,360
1,5,5,0,0,360
1,5,6,0,0,360
1,5,7,0,0,360
1,5,8,0,0,360
1,5,9,0,0,360
1,5,10,0,0,360
1,6,1,0,0,360
1,6,2,0,0,360
1,6,3,0,0,360
1,6,4,0,0,360
1,6,5,0,0,360
1,6,6,0,0,360
1,6,7,0,0,360
1,6,8,0,0,360
1,6,9,0,0,360
1,6,10,0,0,360
1,7,1,0,0,360
1,7,2,0,0,360
1,7,3,0,0,360
1,7,4,0,0,360
1,7,5,0,0,360
1,7,6,32,14,314
1,7,7,0,0,360
1,7,8,0,0,360
1,7,9,0,0,360
1,7,10,0,0,360
1,8,1,0,0,360
1,8,2,0,0,360
1,8,3,0,0,360
1,8,4,0,0,360
1,8,5,0,0,360
1,8,6,0,0,360
1,8,7,0,0,360
1,8,8,0,0,360
1,8,9,0,0,360
1,8,10,0,0,360
1,9,1,0,0,360
1,9,2,0,0,360
1,9,3,0,0,360
1,9,4,0,0,360
1,9,5,0,0,360
1,9,6,0,0,360
1,9,7,0,0,360
1,9,8,0,0,360
1,9,9,0,0,360
1,9,10,0,0,360
1,10,1,19,24,317
1,10,2,0,0,360
1,10,3,0,0,360
1,10,4,0,0,360
1,10,5,0,0,360
1,10,6,0,0,360
1,10,7,0,0,360
1,10,8,0,0,360
1,10,9,0,0,360
1,10,10,0,0,360
1,11,1,0,0,360
1,11,2,0,0,360
1,11,3,0,0,360
1,11,4,0,0,360
1,11,5,0,0,360
1,11,6,0,0,360
1,11,7,0,0,360
1,11,8,0,0,360
1,11,9,38,71,251
1,11,10,122,2,236
1,12,1,3,0,357
1,12,2,17,2,341
1,12,3,3,0,357
1,12,4,0,0,360
1,12,5,7,6,347
1,12,6,3,2,355
1,12,7,2,2,356
1,12,8,5,10,345
1,12,9,0,0,360
1,12,10,2,3,355
1,13,1,0,0,360
1,13,2,2,0,358
1,13,3,20,12,328
1,13,4,1,0,359
1,13,5,0,0,360
1,13,6,12,2,346
1,13,7,0,0,360
1,13,8,3,24,333
1,13,9,0,0,360
1,13,10,5,0,355
1,14,1,0,0,360
1,14,2,0,0,360
1,14,3,20,4,336
1,14,4,0,0,360
1,14,5,12,7,341
1,14,6,10,2,348
1,14,7,61,6,293
1,14,8,5,0,355
1,14,9,8,1,351
1,14,10,0,0,360
1,15,1,0,0,360
1,15,2,11,1,348
1,15,3,1,0,359
1,15,4,3,0,357
1,15,5,0,0,360
1,15,6,16,4,340
1,15,7,8,0,352
1,15,8,0,0,360
1,15,9,0,0,360
1,15,10,0,0,360
1,16,1,13,5,342
1,16,2,2,0,358
1,16,3,0,0,360
1,16,4,3,0,357
1,16,5,0,0,360
1,16,6,0,0,360
1,16,7,11,5,344
1,16,8,3,0,357
1,16,9,0,0,360
1,16,10,0,0,360
1,17,1,0,0,360
1,17,2,0,0,480
1,17,3,0,0,720
1,17,4,0,0,525
1,17,5,0,0,360
1,17,6,0,0,360
1,17,7,1,2,357
1,17,8,0,0,360
1,17,9,0,0,360
1,17,10,0,0,360
1,18,1,9,0,351
1,18,2,0,0,360
1,18,3,0,0,360
1,18,4,16,0,344
1,18,5,15,5,340
1,18,6,0,0,360
1,18,7,0,0,360
1,18,8,149,80,131
1,18,9,12,72,276
1,18,10,0,0,360
1,19,1,9,0,351
1,19,2,0,0,360
1,19,3,0,0,360
1,19,4,0,0,360
1,19,5,4,2,354
1,19,6,9,1,350
1,19,7,0,0,360
1,19,8,21,34,305
1,19,9,73,76,211
1,19,10,0,0,360
1,20,1,0,0,360
1,20,2,0,0,360
1,20,3,0,0,360
1,20,4,0,0,360
1,20,5,46,27,287
1,20,6,78,7,275
1,20,7,0,0,360
1,20,8,0,0,360
1,20,9,2,3,355
1,20,10,0,0,360
1,21,1,0,0,360
1,21,2,0,0,360
1,21,3,0,0,360
1,21,4,24,28,308
1,21,5,0,0,360
1,21,6,0,0,360
1,21,7,0,0,360
1,21,8,17,28,315
1,21,9,4,2,354
1,21,10,0,0,360
1,22,1,0,0,360
1,22,2,0,0,360
1,22,3,3,3,354
1,22,4,0,0,360
1,22,5,0,0,360
1,22,6,0,0,360
1,22,7,0,0,360
1,22,8,28,20,312
1,22,9,0,0,360
1,22,10,0,0,360
1,23,1,7,45,308
1,23,2,15,26,319
1,23,3,0,0,360
1,23,4,6,3,351
1,23,5,13,4,343
1,23,6,0,0,360
1,23,7,3,5,352
1,23,8,59,4,297
1,23,9,0,0,360
1,23,10,3,33,324
2,0,1,3,0,357
2,0,2,128,56,176
2,0,3,72,79,209
2,0,4,3,5,352
2,0,5,0,0,360
2,0,6,0,0,360
2,0,7,0,0,360
2,0,8,0,0,360
2,0,9,0,0,360
2,0,10,0,0,360
2,1,1,0,0,360
2,1,2,22,3,335
2,1,3,0,0,360
2,1,4,1,1,358
2,1,5,12,0,348
2,1,6,0,0,360
2,1,7,0,0,360
2,1,8,0,0,360
2,1,9,0,0,360
2,1,10,31,2,327
2,2,1,0,0,360
2,2,2,0,0,360
2,2,3,0,0,360
2,2,4,0,0,360
2,2,5,0,0,360
2,2,6,0,0,360
2,2,7,0,0,360
2,2,8,14,11,335
2,2,9,54,33,273
2,2,10,9,0,351
2,3,1,17,10,333
2,3,2,0,0,360
2,3,3,0,0,360
2,3,4,0,0,360
2,3,5,0,0,360
2,3,6,0,0,360
2,3,7,0,0,360
2,3,8,0,0,360
2,3,9,0,0,360
2,3,10,0,0,360
2,4,1,0,0,360
2,4,2,0,0,360
2,4,3,38,2,320
2,4,4,0,0,360
2,4,5,0,0,360
2,4,6,0,0,360
2,4,7,0,0,360
2,4,8,0,0,360
2,4,9,0,0,360
2,4,10,0,0,360
2,5,1,0,0,360
2,5,2,0,0,360
2,5,3,0,0,360
2,5,4,0,0,360
2,5,5,0,0,360
2,5,6,0,0,360
2,5,7,0,0,360
2,5,8,0,0,360
2,5,9,0,0,360
2,5,10,28,3,329
2,6,1,0,0,360
2,6,2,0,0,360
2,6,3,0,0,360
2,6,4,0,0,360
2,6,5,0,0,360
2,6,6,0,0,360
2,6,7,0,0,360
2,6,8,0,0,360
2,6,9,0,0,360
2,6,10,0,0,360
2,7,1,0,0,360
2,7,2,0,0,360
2,7,3,0,0,360
2,7,4,0,0,360
2,7,5,0,0,360
2,7,6,11,5,344
2,7,7,0,0,360
2,7,8,0,0,360
2,7,9,0,0,360
2,7,10,0,0,360
2,8,1,0,0,360
2,8,2,0,0,360
2,8,3,0,0,360
2,8,4,0,0,360
2,8,5,0,0,360
2,8,6,0,0,360
2,8,7,0,0,360
2,8,8,0,0,360
2,8,9,0,0,360
2,8,10,0,0,360
2,9,1,0,0,360
2,9,2,5,1,354
2,9,3,0,0,360
2,9,4,0,0,360
2,9,5,0,0,360
2,9,6,0,0,360
2,9,7,0,0,360
2,9,8,0,0,360
2,9,9,0,0,360
2,9,10,0,0,360
2,10,1,0,0,360
2,10,2,0,0,360
2,10,3,0,0,360
2,10,4,0,0,360
2,10,5,0,0,360
2,10,6,0,0,360
2,10,7,0,0,360
2,10,8,2,0,358
2,10,9,14,15,331
2,10,10,0,0,360
2,11,1,0,0,360
2,11,2,0,0,360
2,11,3,0,0,360
2,11,4,0,0,360
2,11,5,0,0,360
2,11,6,0,0,360
2,11,7,0,0,360
2,11,8,14,4,342
2,11,9,7,23,330
2,11,10,1,0,359
2,12,1,0,0,360
2,12,2,0,0,360
2,12,3,1,0,359
2,12,4,0,0,360
2,12,5,4,4,352
2,12,6,3,7,350
2,12,7,23,13,324
2,12,8,0,0,360
2,12,9,1,0,359
2,12,10,0,0,360
2,13,1,0,0,360
2,13,2,0,0,360
2,13,3,1,1,358
2,13,4,0,0,360
2,13,5,0,0,360
2,13,6,0,0,360
2,13,7,0,0,360
2,13,8,0,0,360
2,13,9,0,0,360
2,13,10,0,0,360
2,14,1,0,0,360
2,14,2,0,0,360
2,14,3,0,0,360
2,14,4,5,9,346
2,14,5,0,0,360
2,14,6,0,0,360
2,14,7,0,0,360
2,14,8,34,5,321
2,14,9,0,0,360
2,14,10,0,0,360
2,15,1,0,0,360
2,15,2,0,0,360
2,15,3,0,0,360
2,15,4,4,8,348
2,15,5,0,0,360
2,15,6,0,0,360
2,15,7,0,0,360
2,15,8,19,7,334
2,15,9,0,0,360
2,15,10,0,0,360
2,16,1,0,0,360
2,16,2,0,0,360
2,16,3,17,34,309
2,16,4,0,0,360
2,16,5,0,0,360
2,16,6,0,0,360
2,16,7,0,0,360
2,16,8,32,6,322
2,16,9,0,0,360
2,16,10,0,0,360
2,17,1,0,0,360
2,17,2,0,0,360
2,17,3,0,0,360
2,17,4,12,11,532
2,17,5,0,0,720
2,17,6,0,0,720
2,17,7,0,0,720
2,17,8,0,0,720
2,17,9,0,0,720
2,17,10,0,0,720
2,18,1,41,35,482
2,18,2,2,5,353
2,18,3,0,0,360
2,18,4,0,0,360
2,18,5,0,0,360
2,18,6,20,8,332
2,18,7,0,0,360
2,18,8,0,0,360
2,18,9,0,0,360
2,18,10,0,0,360
2,19,1,8,1,351
2,19,2,44,5,311
2,19,3,0,0,360
2,19,4,2,0,358
2,19,5,0,0,360
2,19,6,0,0,360
2,19,7,0,0,360
2,19,8,0,0,360
2,19,9,0,0,360
2,19,10,0,0,360
2,20,1,0,0,360
2,20,2,0,0,360
2,20,3,0,0,360
2,20,4,0,0,360
2,20,5,0,0,360
2,20,6,0,0,360
2,20,7,0,0,360
2,20,8,0,0,360
2,20,9,25,11,324
2,20,10,1,1,358
2,21,1,0,0,360
2,21,2,0,0,360
2,21,3,0,0,360
2,21,4,0,0,360
2,21,5,0,0,360
2,21,6,0,0,360
2,21,7,0,0,360
2,21,8,0,0,360
2,21,9,0,0,360
2,21,10,0,0,360
2,22,1,0,0,360
2,22,2,0,0,360
2,22,3,0,0,360
2,22,4,0,0,360
2,22,5,3,9,348
2,22,6,3,0,357
2,22,7,0,0,360
2,22,8,25,16,319
2,22,9,0,0,360
2,22,10,0,0,360
2,23,1,0,0,360
2,23,2,0,0,360
2,23,3,7,4,349
2,23,4,39,36,285
2,23,5,0,0,360
2,23,6,0,0,360
2,23,7,1,0,359
2,23,8,0,0,360
2,23,9,55,20,285
2,23,10,7,8,345
3,0,1,0,0,360
3,0,2,0,0,360
3,0,3,48,7,305
3,0,4,119,71,170
3,0,5,11,0,349
3,0,6,0,0,360
3,0,7,0,0,360
3,0,8,0,0,360
3,0,9,0,0,360
3,0,10,0,0,360
3,1,1,0,0,360
3,1,2,0,0,360
3,1,3,0,0,360
3,1,4,0,0,360
3,1,5,0,0,360
3,1,6,0,0,360
3,1,7,0,0,360
3,1,8,47,58,255
3,1,9,59,37,264
3,1,10,0,0,360
3,2,1,104,66,190
3,2,2,0,0,360
3,2,3,5,0,355
3,2,4,0,0,360
3,2,5,0,0,360
3,2,6,0,0,360
3,2,7,0,0,360
3,2,8,0,0,360
3,2,9,0,0,360
3,2,10,0,0,360
3,3,1,0,0,360
3,3,2,0,0,360
3,3,3,0,0,360
3,3,4,0,0,360
3,3,5,0,0,360
3,3,6,0,0,360
3,3,7,0,0,360
3,3,8,0,0,360
3,3,9,0,0,360
3,3,10,0,0,360
3,4,1,0,0,360
3,4,2,0,0,360
3,4,3,0,0,360
3,4,4,0,0,360
3,4,5,0,0,360
3,4,6,0,0,360
3,4,7,0,0,360
3,4,8,0,0,360
3,4,9,0,0,360
3,4,10,32,3,325
3,5,1,0,0,360
3,5,2,0,0,360
3,5,3,0,0,360
3,5,4,0,0,360
3,5,5,0,0,360
3,5,6,0,0,360
3,5,7,0,0,360
3,5,8,0,0,360
3,5,9,0,0,360
3,5,10,0,0,360
3,6,1,0,0,360
3,6,2,0,0,360
3,6,3,0,0,360
3,6,4,0,0,360
3,6,5,0,0,360
3,6,6,0,0,360
3,6,7,0,0,360
3,6,8,20,9,331
3,6,9,0,0,360
3,6,10,0,0,360
3,7,1,0,0,360
3,7,2,0,0,360
3,7,3,0,0,360
3,7,4,0,0,360
3,7,5,0,0,360
3,7,6,0,0,360
3,7,7,0,0,360
3,7,8,0,0,360
3,7,9,0,0,360
3,7,10,0,0,360
3,8,1,0,0,360
3,8,2,0,0,360
3,8,3,0,0,360
3,8,4,0,0,360
3,8,5,0,0,360
3,8,6,0,0,360
3,8,7,0,0,360
3,8,8,0,0,360
3,8,9,0,0,360
3,8,10,22,5,333
3,9,1,0,0,360
3,9,2,0,0,360
3,9,3,0,0,360
3,9,4,0,0,360
3,9,5,0,0,360
3,9,6,0,0,360
3,9,7,0,0,360
3,9,8,0,0,360
3,9,9,0,0,360
3,9,10,0,0,360
3,10,1,0,0,360
3,10,2,0,0,360
3,10,3,0,0,360
3,10,4,0,0,360
3,10,5,0,0,360
3,10,6,0,0,360
3,10,7,0,0,360
3,10,8,0,0,360
3,10,9,0,0,360
3,10,10,0,0,360
3,11,1,15,1,344
3,11,2,0,0,360
3,11,3,0,0,360
3,11,4,0,0,360
3,11,5,0,0,360
3,11,6,0,0,360
3,11,7,12,11,337
3,11,8,197,94,69
3,11,9,35,7,318
3,11,10,0,0,360
3,12,1,3,1,356
3,12,2,0,0,360
3,12,3,0,0,360
3,12,4,0,1,359
3,12,5,1,2,357
3,12,6,0,0,360
3,12,7,0,0,360
3,12,8,8,3,349
3,12,9,2,1,357
3,12,10,0,0,360
3,13,1,0,0,360
3,13,2,0,0,360
3,13,3,0,0,360
3,13,4,0,0,360
3,13,5,16,5,339
3,13,6,0,0,360
3,13,7,0,0,360
3,13,8,6,11,343
3,13,9,0,0,360
3,13,10,0,0,360
3,14,1,0,0,360
3,14,2,0,0,360
3,14,3,1,0,359
3,14,4,0,0,360
3,14,5,0,0,360
3,14,6,25,2,333
3,14,7,0,0,360
3,14,8,0,0,360
3,14,9,8,27,325
3,14,10,3,2,355
3,15,1,0,0,360
3,15,2,0,0,360
3,15,3,0,0,360
3,15,4,0,0,360
3,15,5,8,31,321
3,15,6,1,1,358
3,15,7,0,0,360
3,15,8,44,113,203
3,15,9,10,5,345
3,15,10,0,0,360
3,16,1,3,1,356
3,16,2,0,0,360
3,16,3,0,0,360
3,16,4,1,0,359
3,16,5,0,0,360
3,16,6,31,8,321
3,16,7,0,0,360
3,16,8,0,0,360
3,16,9,0,0,360
3,16,10,1,0,359
3,17,1,0,0,360
3,17,2,47,6,307
3,17,3,0,0,360
3,17,4,0,0,178
3,18,1,45,76,41
3,18,2,21,22,317
3,18,3,0,0,360
3,18,4,30,6,324
3,18,5,1,0,359
3,18,6,8,13,339
3,18,7,0,0,360
3,18,8,0,0,360
3,18,9,0,0,360
3,18,10,0,0,360
3,19,1,0,0,360
3,19,2,0,0,360
3,19,3,5,3,352
3,19,4,0,0,360
3,19,5,0,0,360
3,19,6,4,14,342
3,19,7,0,0,360
3,19,8,0,0,360
3,19,9,0,0,360
3,19,10,0,0,360
3,20,1,2,2,356
3,20,2,0,0,360
3,20,3,0,0,360
3,20,4,0,0,360
3,20,5,0,0,360
3,20,6,0,0,360
3,20,7,0,0,360
3,20,8,0,0,360
3,20,9,0,0,360
3,20,10,0,0,360
3,21,1,0,0,360
3,21,2,0,0,360
3,21,3,3,12,345
3,21,4,1,0,359
3,21,5,2,2,356
3,21,6,0,0,360
3,21,7,0,0,360
3,21,8,0,0,360
3,21,9,0,0,360
3,21,10,2,2,356
3,22,1,18,19,323
3,22,2,0,0,360
3,22,3,0,0,360
3,22,4,0,0,360
3,22,5,0,0,360
3,22,6,0,0,360
3,22,7,0,0,360
3,22,8,0,0,360
3,22,9,0,0,360
3,22,10,0,0,360
3,23,1,0,0,360
3,23,2,10,50,300
3,23,3,0,0,360
3,23,4,16,16,328
3,23,5,1,0,359
3,23,6,53,36,271
3,23,7,0,0,360
3,23,8,0,0,360
3,23,9,4,1,355
3,23,10,25,21,314
4,0,1,46,16,298
4,0,2,72,27,261
4,0,3,14,2,344
4,0,4,24,4,332
4,0,5,13,0,347
4,0,6,0,0,360
4,0,7,0,0,360
4,0,8,0,0,360
4,0,9,0,0,360
4,0,10,0,0,360
4,1,1,0,0,360
4,1,2,0,0,360
4,1,3,0,0,360
4,1,4,0,0,360
4,1,5,0,0,360
4,1,6,0,0,360
4,1,7,0,0,360
4,1,8,0,0,360
4,1,9,0,0,360
4,1,10,3,0,357
4,2,1,114,98,148
4,2,2,123,13,224
4,2,3,11,8,341
4,2,4,61,2,297
4,2,5,88,68,204
4,2,6,11,0,349
4,2,7,0,0,360
4,2,8,0,0,360
4,2,9,0,0,360
4,2,10,0,0,360
4,3,1,0,0,360
4,3,2,0,0,360
4,3,3,0,0,360
4,3,4,0,0,360
4,3,5,0,0,360
4,3,6,0,0,360
4,3,7,0,0,360
4,3,8,46,95,219
4,3,9,65,31,264
4,3,10,0,0,360
4,4,1,0,0,360
4,4,2,0,0,360
4,4,3,0,0,360
4,4,4,0,0,360
4,4,5,0,0,360
4,4,6,0,0,360
4,4,7,0,0,360
4,4,8,0,0,360
4,4,9,0,0,360
4,4,10,0,0,360
4,5,1,4,6,350
4,5,2,2,1,357
4,5,3,22,4,334
4,5,4,11,7,342
4,5,5,0,0,360
4,5,6,0,0,360
4,5,7,0,0,360
4,5,8,0,0,360
4,5,9,0,0,360
4,5,10,0,0,360
4,6,1,0,0,360
4,6,2,0,0,360
4,6,3,0,0,360
4,6,4,0,0,360
4,6,5,0,0,360
4,6,6,48,9,303
4,6,7,0,0,360
4,6,8,0,0,360
4,6,9,0,0,360
4,6,10,0,0,360
4,7,1,0,0,360
4,7,2,0,0,360
4,7,3,0,0,360
4,7,4,0,0,360
4,7,5,0,0,360
4,7,6,0,0,360
4,7,7,0,0,360
4,7,8,0,0,360
4,7,9,0,0,360
4,7,10,0,0,360
4,8,1,0,0,360
4,8,2,0,0,360
4,8,3,0,0,360
4,8,4,0,0,360
4,8,5,0,0,360
4,8,6,0,0,360
4,8,7,0,0,360
4,8,8,29,12,319
4,8,9,16,1,343
4,8,10,2,0,358
4,9,1,0,0,360
4,9,2,0,0,360
4,9,3,0,0,360
4,9,4,0,0,360
4,9,5,0,0,360
4,9,6,0,0,360
4,9,7,0,0,360
4,9,8,0,0,360
4,9,9,0,0,360
4,9,10,5,8,347
4,10,1,0,0,360
4,10,2,0,0,360
4,10,3,0,0,360
4,10,4,0,0,360
4,10,5,0,0,360
4,10,6,0,0,360
4,10,7,0,0,360
4,10,8,0,0,360
4,10,9,1,0,359
4,10,10,2,2,356
4,11,1,1,0,359
4,11,2,0,0,360
4,11,3,0,0,360
4,11,4,0,0,360
4,11,5,0,0,360
4,11,6,2,6,352
4,11,7,0,0,360
4,11,8,0,0,360
4,11,9,0,0,360
4,11,10,64,46,250
4,12,1,1,1,358
4,12,2,0,0,360
4,12,3,20,3,337
4,12,4,0,0,360
4,12,5,15,10,335
4,12,6,0,0,360
4,12,7,0,0,360
4,12,8,0,0,360
4,12,9,1,0,359
4,12,10,0,0,360
4,13,1,0,0,360
4,13,2,0,0,360
4,13,3,0,0,360
4,13,4,0,1,359
4,13,5,0,0,360
4,13,6,1,0,359
4,13,7,0,0,360
4,13,8,16,10,334
4,13,9,2,0,358
4,13,10,0,0,360
4,14,1,0,0,360
4,14,2,3,0,357
4,14,3,0,0,360
4,14,4,0,0,360
4,14,5,8,24,328
4,14,6,43,2,315
4,14,7,0,0,360
4,14,8,4,6,350
4,14,9,10,6,344
4,14,10,0,0,360
4,15,1,6,0,354
4,15,2,0,0,360
4,15,3,4,2,354
4,15,4,1,1,358
4,15,5,0,0,360
4,15,6,0,0,360
4,15,7,2,0,358
4,15,8,2,1,357
4,15,9,0,0,360
4,15,10,1,8,351
4,16,1,0,0,360
4,16,2,17,32,311
4,16,3,17,7,336
4,16,4,19,11,330
4,16,5,0,0,360
4,16,6,0,0,360
4,16,7,0,0,360
4,16,8,0,0,360
4,16,9,0,0,360
4,16,10,0,0,360
4,17,1,0,0,360
4,17,2,0,0,360
4,17,3,0,0,360
4,17,4,35,37,470
4,17,5,19,220,481
4,17,6,4,1,715
4,17,7,12,5,703
4,17,8,1,1,658
4,17,9,0,0,360
4,17,10,0,0,360
4,18,1,0,0,360
4,18,2,0,0,360
4,18,3,0,0,360
4,18,4,0,0,360
4,18,5,0,0,360
4,18,6,0,0,360
4,18,7,7,11,342
4,18,8,15,28,317
4,18,9,4,16,340
4,18,10,3,1,356
4,19,1,0,0,360
4,19,2,0,0,360
4,19,3,0,0,360
4,19,4,0,0,360
4,19,5,0,0,360
4,19,6,0,0,360
4,19,7,0,0,360
4,19,8,0,0,360
4,19,9,0,0,360
4,19,10,0,0,360
4,20,1,0,0,360
4,20,2,0,0,360
4,20,3,0,0,360
4,20,4,22,6,332
4,20,5,64,58,238
4,20,6,6,2,352
4,20,7,0,0,360
4,20,8,0,0,360
4,20,9,0,0,360
4,20,10,0,0,360
4,21,1,0,0,360
4,21,2,0,0,360
4,21,3,0,0,360
4,21,4,0,0,360
4,21,5,0,0,360
4,21,6,0,0,360
4,21,7,30,51,279
4,21,8,70,0,290
4,21,9,0,0,360
4,21,10,0,0,360
4,22,1,0,0,360
4,22,2,19,2,339
4,22,3,2,0,358
4,22,4,0,0,360
4,22,5,0,0,360
4,22,6,0,0,360
4,22,7,0,0,360
4,22,8,0,0,360
4,22,9,0,0,360
4,22,10,0,0,360
4,23,1,0,0,360
4,23,2,0,0,360
4,23,3,0,0,360
4,23,4,17,67,276
4,23,5,2,0,358
4,23,6,0,0,360
4,23,7,10,2,348
4,23,8,0,0,360
4,23,9,1,0,359
4,23,10,0,0,360
5,0,1,108,51,201
5,0,2,0,0,360
5,0,3,20,18,322
5,0,4,40,31,289
5,0,5,6,0,354
5,0,6,0,0,360
5,0,7,0,0,360
5,0,8,0,0,360
5,0,9,0,0,360
5,0,10,0,0,360
5,1,1,0,0,360
5,1,2,0,0,360
5,1,3,0,0,360
5,1,4,0,0,360
5,1,5,158,59,143
5,1,6,126,165,69
5,1,7,33,0,327
5,1,8,7,1,352
5,1,9,64,24,272
5,1,10,136,84,140
5,2,1,1,0,359
5,2,2,67,19,274
5,2,3,0,0,360
5,2,4,0,0,360
5,2,5,0,0,360
5,2,6,0,0,360
5,2,7,28,79,253
5,2,8,0,0,360
5,2,9,0,0,360
5,2,10,0,0,360
5,3,1,0,0,360
5,3,2,0,0,360
5,3,3,0,0,360
5,3,4,0,0,360
5,3,5,0,0,360
5,3,6,0,0,360
5,3,7,0,0,360
5,3,8,0,0,360
5,3,9,0,0,360
5,3,10,0,0,360
5,4,1,0,0,360
5,4,2,48,30,282
5,4,3,22,4,334
5,4,4,4,0,356
5,4,5,81,7,272
5,4,6,0,0,360
5,4,7,0,0,360
5,4,8,0,0,360
5,4,9,0,0,360
5,4,10,0,0,360
5,5,1,0,0,360
5,5,2,0,0,360
5,5,3,0,0,360
5,5,4,0,0,360
5,5,5,0,0,360
5,5,6,0,0,360
5,5,7,0,0,360
5,5,8,0,0,360
5,5,9,0,0,360
5,5,10,0,0,360
5,6,1,0,0,360
5,6,2,0,0,360
5,6,3,0,0,360
5,6,4,0,0,360
5,6,5,0,0,360
5,6,6,0,0,360
5,6,7,0,0,360
5,6,8,0,0,360
5,6,9,0,0,360
5,6,10,0,0,360
5,7,1,2,3,355
5,7,2,19,3,338
5,7,3,76,5,279
5,7,4,0,0,360
5,7,5,0,0,360
5,7,6,0,0,360
5,7,7,0,0,360
5,7,8,0,0,360
5,7,9,0,0,360
5,7,10,0,0,360
5,8,1,0,0,360
5,8,2,0,0,360
5,8,3,0,0,360
5,8,4,0,0,360
5,8,5,0,0,360
5,8,6,0,0,360
5,8,7,0,0,360
5,8,8,0,0,360
5,8,9,0,0,360
5,8,10,0,0,360
5,9,1,0,0,360
5,9,2,2,12,346
5,9,3,9,116,235
5,9,4,0,0,360
5,9,5,0,0,360
5,9,6,0,0,360
5,9,7,0,0,360
5,9,8,0,0,360
5,9,9,0,0,360
5,9,10,0,0,360
5,10,1,0,0,360
5,10,2,0,0,360
5,10,3,0,0,360
5,10,4,0,0,360
5,10,5,0,0,360
5,10,6,0,0,360
5,10,7,0,0,360
5,10,8,4,7,349
5,10,9,1,0,359
5,10,10,0,0,360
5,11,1,0,0,360
5,11,2,0,0,360
5,11,3,0,0,360
5,11,4,0,0,360
5,11,5,0,0,360
5,11,6,0,0,360
5,11,7,17,40,303
5,11,8,60,111,189
5,11,9,0,0,360
5,11,10,22,2,336
5,12,1,1,0,359
5,12,2,0,0,360
5,12,3,14,11,335
5,12,4,6,20,334
5,12,5,3,2,355
5,12,6,2,4,354
5,12,7,5,1,354
5,12,8,7,1,352
5,12,9,0,0,360
5,12,10,0,0,360
5,13,1,14,2,344
5,13,2,0,0,360
5,13,3,24,3,333
5,13,4,0,0,360
5,13,5,0,0,360
5,13,6,29,11,320
5,13,7,0,0,360
5,13,8,0,0,360
5,13,9,0,0,360
5,13,10,3,13,344
5,14,1,0,0,360
5,14,2,4,9,347
5,14,3,0,0,360
5,14,4,52,16,292
5,14,5,1,1,358
5,14,6,33,2,325
5,14,7,33,3,324
5,14,8,0,0,360
5,14,9,102,1,257
5,14,10,42,2,316
5,15,1,23,15,322
5,15,2,0,0,360
5,15,3,15,11,334
5,15,4,2,2,356
5,15,5,0,0,360
5,15,6,0,0,360
5,15,7,19,32,309
5,15,8,0,0,360
5,15,9,0,0,360
5,15,10,0,0,360
5,16,1,0,0,360
5,16,2,0,0,360
5,16,3,0,0,360
5,16,4,0,0,360
5,16,5,0,0,360
5,16,6,0,0,360
5,16,7,0,0,360
5,16,8,47,31,282
5,16,9,254,90,16
5,16,10,54,21,285
5,17,1,3,1,356
5,17,2,0,0,271
5,17,8,5,21,34
5,17,9,33,45,282
5,17,10,78,48,234
5,18,1,64,38,258
5,18,2,10,1,349
5,18,3,1,16,343
5,18,4,12,15,333
5,18,5,0,0,360
5,18,6,20,1,339
5,18,7,2,4,354
5,18,8,0,0,360
5,18,9,0,0,360
5,18,10,0,0,360
5,19,1,0,0,360
5,19,2,0,0,360
5,19,3,8,42,310
5,19,4,21,5,334
5,19,5,24,53,283
5,19,6,0,0,360
5,19,7,0,0,360
5,19,8,0,0,360
5,19,9,0,0,360
5,19,10,0,0,360
5,20,1,0,0,360
5,20,2,0,0,360
5,20,3,0,0,360
5,20,4,2,0,358
5,20,5,1,0,359
5,20,6,0,0,360
5,20,7,0,0,360
5,20,8,0,0,360
5,20,9,0,0,360
5,20,10,0,0,360
5,21,1,22,22,316
5,21,2,0,0,360
5,21,3,0,0,360
5,21,4,0,0,360
5,21,5,0,0,360
5,21,6,0,0,360
5,21,7,0,0,360
5,21,8,2,1,357
5,21,9,0,0,360
5,21,10,0,0,360
5,22,1,5,8,347
5,22,2,2,1,357
5,22,3,0,0,360
5,22,4,0,0,360
5,22,5,28,31,301
5,22,6,25,14,321
5,22,7,0,0,360
5,22,8,0,0,360
5,22,9,0,0,360
5,22,10,0,0,360
5,23,1,0,0,360
5,23,2,0,0,360
5,23,3,0,0,360
5,23,4,46,114,200
5,23,5,20,1,339
5,23,6,1,0,359
5,23,7,3,6,351
5,23,8,6,1,353
5,23,9,18,22,320
5,23,10,0,0,360
6,0,1,213,41,106
6,0,2,58,11,291
6,0,3,0,0,360
6,0,4,0,0,360
6,0,5,0,0,360
6,0,6,0,0,360
6,0,7,0,0,360
6,0,8,0,0,360
6,0,9,0,0,360
6,0,10,0,0,360
6,1,1,0,0,360
6,1,2,0,0,360
6,1,3,0,0,360
6,1,4,0,0,360
6,1,5,257,20,83
6,1,6,228,51,81
6,1,7,112,35,213
6,1,8,35,18,307
6,1,9,36,6,318
6,1,10,74,7,279
6,2,1,34,16,310
6,2,2,0,0,360
6,2,3,0,0,360
6,2,4,0,0,360
6,2,5,0,0,360
6,2,6,0,0,360
6,2,7,0,0,360
6,2,8,0,0,360
6,2,9,0,0,360
6,2,10,0,0,360
6,3,1,76,13,271
6,3,2,24,0,336
6,3,3,8,0,352
6,3,4,0,0,360
6,3,5,0,0,360
6,3,6,0,0,360
6,3,7,0,0,360
6,3,8,0,0,360
6,3,9,0,0,360
6,3,10,0,0,360
6,4,1,0,0,360
6,4,2,0,0,360
6,4,3,0,0,360
6,4,4,0,0,360
6,4,5,0,0,360
6,4,6,0,0,360
6,4,7,0,0,360
6,4,8,0,0,360
6,4,9,0,0,360
6,4,10,0,0,360
6,5,1,0,0,360
6,5,2,131,4,225
6,5,3,10,0,350
6,5,4,1,1,358
6,5,5,0,0,360
6,5,6,0,0,360
6,5,7,0,0,360
6,5,8,0,0,360
6,5,9,0,0,360
6,5,10,0,0,360
6,6,1,0,0,360
6,6,2,0,0,360
6,6,3,0,0,360
6,6,4,0,0,360
6,6,5,47,34,279
6,6,6,2,0,358
6,6,7,0,0,360
6,6,8,0,0,360
6,6,9,0,0,360
6,6,10,0,0,360
6,7,1,0,0,360
6,7,2,0,0,360
6,7,3,0,0,360
6,7,4,0,0,360
6,7,5,0,0,360
6,7,6,0,0,360
6,7,7,0,0,360
6,7,8,0,0,360
6,7,9,0,0,360
6,7,10,0,0,360
6,8,1,0,0,360
6,8,2,0,0,360
6,8,3,0,0,360
6,8,4,0,0,360
6,8,5,0,0,360
6,8,6,0,0,360
6,8,7,0,0,360
6,8,8,0,0,360
6,8,9,17,33,310
6,8,10,6,1,353
6,9,1,29,0,331
6,9,2,0,0,360
6,9,3,0,0,360
6,9,4,0,0,360
6,9,5,0,0,360
6,9,6,0,0,360
6,9,7,0,0,360
6,9,8,22,4,334
6,9,9,0,0,360
6,9,10,0,0,360
6,10,1,0,0,360
6,10,2,0,0,360
6,10,3,0,0,360
6,10,4,0,0,360
6,10,5,0,0,360
6,10,6,13,15,332
6,10,7,0,0,360
6,10,8,0,0,360
6,10,9,0,0,360
6,10,10,0,0,360
6,11,1,0,0,360
6,11,2,8,1,351
6,11,3,8,2,350
6,11,4,0,0,360
6,11,5,0,0,360
6,11,6,0,0,360
6,11,7,68,19,273
6,11,8,0,0,360
6,11,9,0,0,360
6,11,10,27,16,317
6,12,1,46,10,304
6,12,2,1,0,359
6,12,3,0,0,360
6,12,4,2,1,357
6,12,5,0,0,360
6,12,6,1,0,359
6,12,7,1,1,358
6,12,8,0,0,360
6,12,9,1,0,359
6,12,10,5,13,342
6,13,1,0,0,360
6,13,2,1,0,359
6,13,3,5,4,351
6,13,4,1,1,358
6,13,5,2,0,358
6,13,6,0,0,360
6,13,7,0,0,360
6,13,8,18,4,338
6,13,9,0,0,360
6,13,10,0,0,360
6,14,1,1,0,359
6,14,2,0,0,360
6,14,3,1,0,359
6,14,4,0,0,360
6,14,5,0,0,360
6,14,6,8,1,351
6,14,7,0,0,360
6,14,8,0,0,360
6,14,9,14,16,330
6,14,10,0,0,360
6,15,1,4,2,354
6,15,2,0,0,360
6,15,3,5,3,352
6,15,4,0,0,360
6,15,5,9,21,330
6,15,6,7,2,351
6,15,7,8,1,351
6,15,8,1,28,331
6,15,9,0,44,316
6,15,10,18,174,168
6,16,1,0,0,360
6,16,2,46,13,301
6,16,3,16,11,333
6,16,4,0,0,360
6,16,5,0,0,360
6,16,6,0,0,360
6,16,7,0,0,360
6,16,8,0,0,360
6,16,9,0,0,360
6,16,10,0,0,360
6,17,1,13,6,341
6,17,2,84,4,264
6,17,3,6,10,344
6,17,4,142,1,217
6,17,5,0,0,360
6,17,6,0,0,360
6,17,7,1,3,356
6,17,8,129,224,7
6,17,9,58,24,278
6,17,10,33,0,327
6,18,1,0,0,360
6,18,2,0,0,360
6,18,3,160,10,190
6,18,4,84,13,263
6,18,5,0,0,360
6,18,6,0,0,360
6,18,7,0,0,360
6,18,8,0,0,360
6,18,9,0,0,360
6,18,10,0,0,360
6,19,1,77,37,246
6,19,2,79,2,279
6,19,3,0,0,360
6,19,4,0,0,360
6,19,5,0,0,360
6,19,6,0,0,360
6,19,7,0,0,360
6,19,8,0,0,360
6,19,9,0,0,360
6,19,10,0,0,360
6,20,1,157,16,187
6,20,2,27,0,333
6,20,3,1,1,358
6,20,4,0,0,360
6,20,5,134,4,222
6,20,6,49,0,311
6,20,7,0,0,360
6,20,8,44,45,271
6,20,9,1,0,359
6,20,10,0,0,360
6,21,1,0,0,360
6,21,2,0,0,360
6,21,3,26,14,320
6,21,4,123,41,196
6,21,5,0,0,360
6,21,6,32,1,327
6,21,7,0,0,360
6,21,8,0,0,360
6,21,9,0,0,360
6,21,10,0,0,360
6,22,1,0,0,360
6,22,2,0,0,360
6,22,3,0,0,360
6,22,4,0,0,360
6,22,5,0,0,360
6,22,6,0,0,360
6,22,7,0,0,360
6,22,8,91,5,264
6,22,9,129,4,227
6,22,10,0,0,360
6,23,1,36,7,317
6,23,2,174,4,182
6,23,3,0,0,360
6,23,4,53,10,297
6,23,5,0,0,360
6,23,6,251,23,86
6,23,7,0,0,360
6,23,8,3,1,356
6,23,9,78,0,282
6,23,10,17,2,341
7,0,1,35,24,301
7,0,2,93,122,145
7,0,3,2,0,358
7,0,4,32,6,322
7,0,5,0,0,360
7,0,6,0,0,360
7,0,7,0,0,360
7,0,8,0,0,360
7,0,9,0,0,360
7,0,10,0,0,360
7,1,1,0,0,360
7,1,2,0,0,360
7,1,3,0,0,360
7,1,4,0,0,360
7,1,5,0,0,360
7,1,6,0,0,360
7,1,7,0,0,360
7,1,8,0,0,360
7,1,9,0,0,360
7,1,10,47,19,294
7,2,1,222,1,137
7,2,2,131,23,206
7,2,3,161,199,0
7,2,4,205,50,105
7,2,5,282,1,77
7,2,6,0,0,360
7,2,7,54,22,284
7,2,8,0,0,360
7,2,9,0,0,360
7,2,10,0,0,360
7,3,1,0,0,360
7,3,2,0,0,360
7,3,3,0,0,360
7,3,4,0,0,360
7,3,5,0,0,360
7,3,6,0,0,360
7,3,7,0,0,360
7,3,8,0,0,360
7,3,9,18,23,319
7,3,10,1,0,359
7,4,1,65,106,189
7,4,2,55,132,173
7,4,3,0,0,360
7,4,4,0,0,360
7,4,5,0,0,360
7,4,6,0,0,360
7,4,7,0,0,360
7,4,8,0,0,360
7,4,9,0,0,360
7,4,10,0,0,360
7,5,1,0,0,360
7,5,2,0,0,360
7,5,3,0,0,360
7,5,4,0,0,360
7,5,5,0,0,360
7,5,6,0,0,360
7,5,7,23,16,321
7,5,8,0,0,360
7,5,9,0,0,360
7,5,10,0,0,360
7,6,1,0,0,360
7,6,2,0,0,360
7,6,3,0,0,360
7,6,4,0,0,360
7,6,5,0,0,360
7,6,6,0,0,360
7,6,7,0,0,360
7,6,8,0,0,360
7,6,9,0,0,360
7,6,10,0,0,360
7,7,1,0,0,360
7,7,2,0,0,360
7,7,3,0,0,360
7,7,4,0,0,360
7,7,5,0,0,360
7,7,6,0,0,360
7,7,7,27,7,326
7,7,8,2,1,357
7,7,9,0,0,360
7,7,10,0,0,360
7,8,1,0,0,360
7,8,2,0,0,360
7,8,3,0,0,360
7,8,4,0,0,360
7,8,5,0,0,360
7,8,6,0,0,360
7,8,7,0,0,360
7,8,8,0,0,360
7,8,9,0,0,360
7,8,10,0,0,360
7,9,1,0,0,360
7,9,2,0,0,360
7,9,3,0,0,360
7,9,4,5,72,283
7,9,5,2,0,358
7,9,6,0,0,360
7,9,7,0,0,360
7,9,8,0,0,360
7,9,9,0,0,360
7,9,10,0,0,360
7,10,1,0,0,360
7,10,2,0,0,360
7,10,3,0,0,360
7,10,4,0,0,360
7,10,5,5,4,351
7,10,6,7,5,348
7,10,7,0,0,360
7,10,8,0,0,360
7,10,9,0,0,360
7,10,10,0,0,360
7,11,1,0,0,360
7,11,2,0,0,360
7,11,3,0,0,360
7,11,4,0,0,360
7,11,5,8,8,344
7,11,6,0,0,360
7,11,7,13,0,347
7,11,8,57,13,290
7,11,9,13,1,346
7,11,10,0,0,360
7,12,1,2,0,358
7,12,2,1,0,359
7,12,3,0,2,358
7,12,4,0,0,360
7,12,5,0,0,360
7,12,6,0,0,360
7,12,7,1,0,359
7,12,8,1,2,357
7,12,9,0,1,359
7,12,10,0,0,360
7,13,1,2,22,336
7,13,2,0,0,360
7,13,3,5,5,350
7,13,4,0,0,360
7,13,5,0,0,360
7,13,6,10,0,350
7,13,7,1,1,358
7,13,8,0,0,360
7,13,9,0,0,360
7,13,10,1,3,356
7,14,1,1,8,351
7,14,2,0,0,360
7,14,3,0,0,360
7,14,4,24,10,326
7,14,5,3,1,356
7,14,6,6,3,351
7,14,7,7,8,345
7,14,8,0,0,360
7,14,9,6,1,353
7,14,10,0,0,360
7,15,1,0,0,360
7,15,2,0,0,360
7,15,3,0,0,360
7,15,4,0,0,360
7,15,5,0,0,360
7,15,6,0,0,360
7,15,7,0,0,360
7,15,8,0,0,360
7,15,9,0,0,360
7,15,10,0,0,360
7,16,1,0,0,360
7,16,2,4,32,324
7,16,3,42,180,138
7,16,4,2,1,357
7,16,5,0,0,360
7,16,6,21,5,334
7,16,7,18,43,299
7,16,8,227,40,93
7,16,9,228,75,57
7,16,10,65,1,294
7,17,1,114,1,245
7,17,2,2,2,332
7,17,3,0,0,360
7,17,4,63,25,272
7,17,5,0,0,360
7,17,6,0,0,360
7,17,7,0,0,360
7,17,8,0,0,360
7,17,9,0,0,360
7,17,10,3,1,356
7,18,1,1,17,342
7,18,2,0,1,359
7,18,3,0,0,360
7,18,4,0,0,360
7,18,5,2,0,358
7,18,6,1,2,357
7,18,7,0,0,360
7,18,8,1,3,356
7,18,9,1,11,348
7,18,10,68,50,242
7,19,1,2,0,358
7,19,2,15,2,343
7,19,3,7,4,349
7,19,4,2,3,355
7,19,5,0,0,360
7,19,6,0,0,360
7,19,7,0,0,360
7,19,8,0,0,360
7,19,9,0,0,360
7,19,10,0,0,360
7,20,1,0,0,360
7,20,2,0,0,360
7,20,3,0,0,360
7,20,4,0,0,360
7,20,5,0,0,360
7,20,6,0,0,360
7,20,7,0,0,360
7,20,8,0,0,360
7,20,9,0,0,360
7,20,10,0,0,360
7,21,1,2,1,357
7,21,2,2,1,357
7,21,3,0,0,360
7,21,4,0,0,360
7,21,5,0,0,360
7,21,6,0,0,360
7,21,7,0,0,360
7,21,8,3,7,350
7,21,9,6,10,344
7,21,10,1,0,359
7,22,1,0,0,360
7,22,2,56,3,301
7,22,3,0,0,360
7,22,4,26,2,332
7,22,5,29,39,292
7,22,6,8,16,336
7,22,7,15,2,343
7,22,8,0,0,360
7,22,9,0,0,360
7,22,10,0,0,360
7,23,1,0,0,360
7,23,2,0,0,360
7,23,3,0,0,360
7,23,4,0,0,360
7,23,5,0,0,360
7,23,6,5,7,348
7,23,7,18,33,309
7,23,8,3,0,357
7,23,9,13,17,330
7,23,10,0,0,360
