DateTime,LeftMouseLocation
2025/8/14 17:06:35,side
2025/8/14 17:09:28,corridor
2025/8/14 17:09:29,middle
2025/8/14 17:09:29,mid-sep
2025/8/14 17:09:29,middle
2025/8/14 17:09:31,corridor
2025/8/14 17:09:32,side
2025/8/14 17:14:30,corridor
2025/8/14 17:14:30,middle
2025/8/14 17:14:33,mid-sep
2025/8/14 17:14:34,middle
2025/8/14 17:14:36,corridor
2025/8/14 17:14:37,side
2025/8/14 17:29:06,corridor
2025/8/14 17:29:07,middle
2025/8/14 17:29:10,mid-sep
2025/8/14 17:29:30,middle
2025/8/14 17:29:36,corridor
2025/8/14 17:29:37,side
2025/8/14 17:47:02,corridor
2025/8/14 17:47:02,middle
2025/8/14 17:47:02,mid-sep
2025/8/14 17:47:03,middle
2025/8/14 17:47:05,corridor
2025/8/14 17:47:06,side
2025/8/14 17:48:06,corridor
2025/8/14 17:48:06,middle
2025/8/14 17:48:10,mid-sep
2025/8/14 17:48:12,middle
2025/8/14 17:48:16,corridor
2025/8/14 17:48:17,side
2025/8/14 18:02:34,corridor
2025/8/14 18:02:34,middle
2025/8/14 18:02:35,corridor
2025/8/14 18:02:36,side
2025/8/14 18:04:29,corridor
2025/8/14 18:04:30,middle
2025/8/14 18:04:31,mid-sep
2025/8/14 18:04:32,middle
2025/8/14 18:04:32,corridor
2025/8/14 18:04:33,side
2025/8/14 18:08:46,corridor
2025/8/14 18:08:46,middle
2025/8/14 18:08:47,mid-sep
2025/8/14 18:08:52,middle
2025/8/14 18:08:52,corridor
2025/8/14 18:08:54,side
2025/8/14 18:17:25,corridor
2025/8/14 18:17:25,middle
2025/8/14 18:17:27,corridor
2025/8/14 18:17:28,side
2025/8/14 18:37:50,corridor
2025/8/14 18:37:51,middle
2025/8/14 18:37:54,mid-sep
2025/8/14 18:38:02,middle
2025/8/14 18:38:03,corridor
2025/8/14 18:38:04,side
2025/8/14 18:38:14,corridor
2025/8/14 18:38:14,middle
2025/8/14 18:38:15,corridor
2025/8/14 18:38:15,side
2025/8/14 18:40:00,corridor
2025/8/14 18:40:00,middle
2025/8/14 18:40:00,corridor
2025/8/14 18:40:01,side
2025/8/14 18:42:01,corridor
2025/8/14 18:42:02,middle
2025/8/14 18:42:02,mid-sep
2025/8/14 18:42:02,middle
2025/8/14 18:42:02,corridor
2025/8/14 18:42:05,side
2025/8/14 18:46:47,corridor
2025/8/14 18:46:47,middle
2025/8/14 18:46:49,mid-sep
2025/8/14 18:46:56,middle
2025/8/14 18:47:06,corridor
2025/8/14 18:47:07,side
2025/8/14 19:03:17,corridor
2025/8/14 19:03:17,side
2025/8/14 19:05:14,corridor
2025/8/14 19:05:14,middle
2025/8/14 19:05:16,corridor
2025/8/14 19:05:17,side
2025/8/14 19:05:30,corridor
2025/8/14 19:05:30,side
2025/8/14 19:27:13,corridor
2025/8/14 19:27:14,middle
2025/8/14 19:27:14,mid-sep
2025/8/14 19:27:17,middle
2025/8/14 19:27:19,corridor
2025/8/14 19:27:19,side
2025/8/14 19:42:30,corridor
2025/8/14 19:42:30,middle
2025/8/14 19:42:31,mid-sep
2025/8/14 19:42:31,middle
2025/8/14 19:42:32,corridor
2025/8/14 19:42:33,side
2025/8/14 19:57:51,corridor
2025/8/14 19:57:51,middle
2025/8/14 19:57:52,mid-sep
2025/8/14 19:57:54,middle
2025/8/14 19:57:55,corridor
2025/8/14 19:57:56,side
2025/8/14 20:04:29,corridor
2025/8/14 20:04:29,middle
2025/8/14 20:04:29,mid-sep
2025/8/14 20:04:30,middle
2025/8/14 20:04:31,corridor
2025/8/14 20:04:34,side
2025/8/14 20:18:38,corridor
2025/8/14 20:18:39,middle
2025/8/14 20:18:40,corridor
2025/8/14 20:18:44,side
2025/8/14 20:40:10,corridor
2025/8/14 20:40:10,middle
2025/8/14 20:40:11,corridor
2025/8/14 20:40:12,side
2025/8/14 20:43:47,corridor
2025/8/14 20:43:47,middle
2025/8/14 20:43:49,corridor
2025/8/14 20:43:50,side
2025/8/14 20:49:52,corridor
2025/8/14 20:49:53,middle
2025/8/14 20:50:08,mid-sep
2025/8/14 20:50:13,middle
2025/8/14 20:50:16,corridor
2025/8/14 20:50:18,side
2025/8/14 20:58:33,corridor
2025/8/14 20:58:34,middle
2025/8/14 20:58:34,mid-sep
2025/8/14 20:58:36,middle
2025/8/14 20:58:36,corridor
2025/8/14 20:58:37,side
2025/8/14 21:01:47,corridor
2025/8/14 21:01:48,side
2025/8/14 21:04:50,corridor
2025/8/14 21:04:50,middle
2025/8/14 21:04:51,mid-sep
2025/8/14 21:04:52,middle
2025/8/14 21:04:52,corridor
2025/8/14 21:04:54,side
2025/8/14 21:15:02,corridor
2025/8/14 21:15:02,middle
2025/8/14 21:15:36,corridor
2025/8/14 21:15:37,side
2025/8/14 21:25:23,corridor
2025/8/14 21:25:24,side
2025/8/14 21:32:45,corridor
2025/8/14 21:32:45,middle
2025/8/14 21:32:48,corridor
2025/8/14 21:32:51,side
2025/8/14 21:41:23,corridor
2025/8/14 21:41:23,side
2025/8/14 21:46:17,corridor
2025/8/14 21:46:17,side
2025/8/14 22:01:48,corridor
2025/8/14 22:01:49,middle
2025/8/14 22:01:51,mid-sep
2025/8/14 22:02:19,middle
2025/8/14 22:02:20,corridor
2025/8/14 22:02:24,middle
2025/8/14 22:02:27,mid-sep
2025/8/14 22:02:36,middle
2025/8/14 22:02:37,corridor
2025/8/14 22:02:37,side
2025/8/14 22:23:16,corridor
2025/8/14 22:23:16,middle
2025/8/14 22:23:17,mid-sep
2025/8/14 22:23:19,middle
2025/8/14 22:23:20,corridor
2025/8/14 22:23:20,side
2025/8/14 22:44:14,corridor
2025/8/14 22:44:14,middle
2025/8/14 22:45:30,mid-sep
2025/8/14 22:45:43,middle
2025/8/14 22:45:47,corridor
2025/8/14 22:45:52,side
2025/8/14 23:10:29,corridor
2025/8/14 23:10:29,middle
2025/8/14 23:10:30,corridor
2025/8/14 23:10:30,side
2025/8/14 23:23:04,corridor
2025/8/14 23:23:04,middle
2025/8/14 23:23:06,mid-sep
2025/8/14 23:23:07,middle
2025/8/14 23:23:20,mid-sep
2025/8/14 23:23:27,middle
2025/8/14 23:23:29,corridor
2025/8/14 23:23:29,side
2025/8/14 23:34:48,corridor
2025/8/14 23:34:58,side
2025/8/14 23:49:28,corridor
2025/8/14 23:49:29,middle
2025/8/14 23:49:32,corridor
2025/8/14 23:49:33,side
2025/8/15 0:04:14,corridor
2025/8/15 0:04:14,middle
2025/8/15 0:04:15,mid-sep
2025/8/15 0:04:34,middle
2025/8/15 0:04:43,corridor
2025/8/15 0:04:44,side
2025/8/15 0:04:49,corridor
2025/8/15 0:04:49,middle
2025/8/15 0:04:49,mid-sep
2025/8/15 0:04:51,middle
2025/8/15 0:05:01,corridor
2025/8/15 0:05:01,side
2025/8/15 0:11:04,corridor
2025/8/15 0:11:04,middle
2025/8/15 0:11:05,mid-sep
2025/8/15 0:11:05,middle
2025/8/15 0:14:01,corridor
2025/8/15 0:14:03,side
2025/8/15 0:27:15,corridor
2025/8/15 0:27:15,middle
2025/8/15 0:27:17,mid-sep
2025/8/15 0:27:25,middle
2025/8/15 0:27:26,corridor
2025/8/15 0:27:26,side
2025/8/15 0:47:24,corridor
2025/8/15 0:47:24,middle
2025/8/15 0:47:24,mid-sep
2025/8/15 0:47:26,middle
2025/8/15 0:47:28,corridor
2025/8/15 0:47:29,side
2025/8/15 0:59:45,corridor
2025/8/15 0:59:45,middle
2025/8/15 0:59:55,corridor
2025/8/15 0:59:55,side
2025/8/15 0:59:59,corridor
2025/8/15 0:59:59,side
2025/8/15 1:08:08,corridor
2025/8/15 1:08:08,middle
2025/8/15 1:08:08,mid-sep
2025/8/15 1:08:10,middle
2025/8/15 1:08:11,corridor
2025/8/15 1:08:12,side
2025/8/15 1:26:53,corridor
2025/8/15 1:26:54,middle
2025/8/15 1:26:55,mid-sep
2025/8/15 1:26:55,middle
2025/8/15 1:26:56,corridor
2025/8/15 1:26:57,side
2025/8/15 1:35:55,corridor
2025/8/15 1:35:55,middle
2025/8/15 1:35:57,mid-sep
2025/8/15 1:36:07,middle
2025/8/15 1:36:09,corridor
2025/8/15 1:36:11,side
2025/8/15 1:37:05,corridor
2025/8/15 1:37:06,middle
2025/8/15 1:37:12,corridor
2025/8/15 1:37:13,side
2025/8/15 1:37:29,corridor
2025/8/15 1:37:33,side
2025/8/15 1:50:48,corridor
2025/8/15 1:50:48,middle
2025/8/15 1:50:49,mid-sep
2025/8/15 1:51:26,middle
2025/8/15 1:51:31,corridor
2025/8/15 1:51:32,side
2025/8/15 2:02:07,corridor
2025/8/15 2:02:07,middle
2025/8/15 2:02:10,mid-sep
2025/8/15 2:02:21,middle
2025/8/15 2:02:27,mid-sep
2025/8/15 2:02:41,middle
2025/8/15 2:02:43,corridor
2025/8/15 2:02:44,side
2025/8/15 2:04:45,corridor
2025/8/15 2:04:46,middle
2025/8/15 2:04:47,mid-sep
2025/8/15 2:04:56,middle
2025/8/15 2:04:58,corridor
2025/8/15 2:04:59,side
2025/8/15 2:08:31,corridor
2025/8/15 2:08:31,middle
2025/8/15 2:08:32,mid-sep
2025/8/15 2:08:47,middle
2025/8/15 2:08:57,corridor
2025/8/15 2:08:57,side
2025/8/15 2:12:47,corridor
2025/8/15 2:12:47,middle
2025/8/15 2:12:52,corridor
2025/8/15 2:12:54,middle
2025/8/15 2:12:55,mid-sep
2025/8/15 2:13:17,middle
2025/8/15 2:13:53,mid-sep
2025/8/15 2:14:13,middle
2025/8/15 2:14:25,mid-sep
2025/8/15 2:14:46,middle
2025/8/15 2:15:20,corridor
2025/8/15 2:15:21,side
2025/8/15 2:24:43,corridor
2025/8/15 2:24:44,middle
2025/8/15 2:24:45,mid-sep
2025/8/15 2:25:35,middle
2025/8/15 2:25:49,mid-sep
2025/8/15 2:28:26,middle
2025/8/15 2:28:28,corridor
2025/8/15 2:28:30,side
2025/8/15 3:51:25,corridor
2025/8/15 3:51:26,middle
2025/8/15 3:51:27,mid-sep
2025/8/15 3:51:28,middle
2025/8/15 3:51:29,corridor
2025/8/15 3:51:29,side
2025/8/15 3:54:16,corridor
2025/8/15 3:54:17,middle
2025/8/15 3:54:21,mid-sep
2025/8/15 3:54:24,middle
2025/8/15 3:54:29,corridor
2025/8/15 3:54:30,side
2025/8/15 4:00:19,corridor
2025/8/15 4:00:19,middle
2025/8/15 4:00:20,mid-sep
2025/8/15 4:00:23,middle
2025/8/15 4:00:24,corridor
2025/8/15 4:00:25,side
2025/8/15 4:02:04,corridor
2025/8/15 4:02:05,middle
2025/8/15 4:02:08,mid-sep
2025/8/15 4:02:17,middle
2025/8/15 4:02:23,mid-sep
2025/8/15 4:02:51,middle
2025/8/15 4:02:54,corridor
2025/8/15 4:02:57,side
2025/8/15 4:12:34,corridor
2025/8/15 4:12:34,middle
2025/8/15 4:12:35,mid-sep
2025/8/15 4:12:48,middle
2025/8/15 4:13:07,corridor
2025/8/15 4:13:08,side
2025/8/15 5:06:15,corridor
2025/8/15 5:06:17,middle
2025/8/15 5:06:23,corridor
2025/8/15 5:06:24,side
2025/8/15 5:10:34,corridor
2025/8/15 5:10:34,middle
2025/8/15 5:10:38,mid-sep
2025/8/15 5:10:41,middle
2025/8/15 5:10:46,corridor
2025/8/15 5:10:51,side
2025/8/15 5:19:25,corridor
2025/8/15 5:19:26,middle
2025/8/15 5:19:26,corridor
2025/8/15 5:19:30,side
2025/8/15 5:21:34,corridor
2025/8/15 5:21:34,middle
2025/8/15 5:21:37,mid-sep
2025/8/15 5:21:59,middle
2025/8/15 5:22:09,corridor
2025/8/15 5:22:16,side
2025/8/15 5:24:53,corridor
2025/8/15 5:24:53,middle
2025/8/15 5:24:53,mid-sep
2025/8/15 5:25:07,middle
2025/8/15 5:25:10,corridor
2025/8/15 5:25:10,side
2025/8/15 5:35:27,corridor
2025/8/15 5:35:27,middle
2025/8/15 5:35:28,mid-sep
2025/8/15 5:35:29,middle
2025/8/15 5:35:30,corridor
2025/8/15 5:35:32,side
2025/8/15 5:39:32,corridor
2025/8/15 5:39:33,middle
2025/8/15 5:39:34,mid-sep
2025/8/15 5:39:57,middle
2025/8/15 5:40:02,corridor
2025/8/15 5:40:03,side
2025/8/15 5:57:32,corridor
2025/8/15 5:57:33,middle
2025/8/15 5:57:38,mid-sep
2025/8/15 5:57:50,middle
2025/8/15 5:57:58,corridor
2025/8/15 5:57:59,side
2025/8/15 6:04:00,corridor
2025/8/15 6:04:00,middle
2025/8/15 6:04:03,mid-sep
2025/8/15 6:04:09,middle
2025/8/15 6:04:11,corridor
2025/8/15 6:04:13,side
2025/8/15 6:04:36,corridor
2025/8/15 6:04:36,middle
2025/8/15 6:04:37,corridor
2025/8/15 6:04:37,side
2025/8/15 7:27:52,corridor
2025/8/15 7:27:53,middle
2025/8/15 7:27:54,mid-sep
2025/8/15 7:27:56,middle
2025/8/15 7:27:56,corridor
2025/8/15 7:27:56,side
2025/8/15 7:30:20,corridor
2025/8/15 7:30:21,middle
2025/8/15 7:30:24,mid-sep
2025/8/15 7:30:30,middle
2025/8/15 7:30:42,corridor
2025/8/15 7:30:48,side
2025/8/15 11:00:46,corridor
2025/8/15 11:00:48,middle
2025/8/15 11:00:52,mid-sep
2025/8/15 11:01:09,middle
2025/8/15 11:01:14,corridor
2025/8/15 11:01:23,side
2025/8/15 11:03:24,corridor
2025/8/15 11:03:24,middle
2025/8/15 11:03:25,mid-sep
2025/8/15 11:03:40,middle
2025/8/15 11:03:43,corridor
2025/8/15 11:03:45,side
2025/8/15 11:08:23,corridor
2025/8/15 11:08:24,middle
2025/8/15 11:08:32,mid-sep
2025/8/15 11:08:41,middle
2025/8/15 11:08:46,corridor
2025/8/15 11:08:47,side
2025/8/15 13:09:36,corridor
2025/8/15 13:09:38,middle
2025/8/15 13:09:53,corridor
2025/8/15 13:09:54,side
2025/8/15 13:10:27,corridor
2025/8/15 13:10:28,middle
2025/8/15 13:10:31,mid-sep
2025/8/15 13:10:39,middle
2025/8/15 13:10:48,corridor
2025/8/15 13:10:49,side
2025/8/15 15:54:18,corridor
2025/8/15 15:54:19,middle
2025/8/15 15:54:19,mid-sep
2025/8/15 15:54:20,middle
2025/8/15 15:54:21,corridor
2025/8/15 15:54:24,side
2025/8/15 17:17:41,corridor
2025/8/15 17:17:43,middle
2025/8/15 17:17:43,mid-sep
2025/8/15 17:17:49,middle
2025/8/15 17:17:53,corridor
2025/8/15 17:17:54,side
2025/8/15 18:02:29,corridor
2025/8/15 18:02:29,middle
2025/8/15 18:02:39,corridor
2025/8/15 18:02:41,side
2025/8/15 18:04:20,corridor
2025/8/15 18:04:21,middle
2025/8/15 18:04:21,mid-sep
2025/8/15 18:04:26,middle
2025/8/15 18:04:27,corridor
2025/8/15 18:04:28,side
2025/8/15 18:25:12,corridor
2025/8/15 18:25:13,middle
2025/8/15 18:25:18,corridor
2025/8/15 18:25:18,side
2025/8/15 18:42:55,corridor
2025/8/15 18:42:55,middle
2025/8/15 18:42:57,corridor
2025/8/15 18:42:58,side
2025/8/15 18:49:09,corridor
2025/8/15 18:49:09,middle
2025/8/15 18:49:10,mid-sep
2025/8/15 18:49:11,middle
2025/8/15 18:49:11,corridor
2025/8/15 18:49:12,side
2025/8/15 19:01:08,corridor
2025/8/15 19:01:08,middle
2025/8/15 19:01:25,mid-sep
2025/8/15 19:01:27,middle
2025/8/15 19:01:29,corridor
2025/8/15 19:01:30,side
2025/8/15 19:04:12,corridor
2025/8/15 19:04:12,middle
2025/8/15 19:04:42,corridor
2025/8/15 19:04:43,side
2025/8/15 19:09:16,corridor
2025/8/15 19:09:17,side
2025/8/15 19:17:04,corridor
2025/8/15 19:17:04,middle
2025/8/15 19:17:23,corridor
2025/8/15 19:17:24,side
2025/8/15 19:33:47,corridor
2025/8/15 19:33:47,middle
2025/8/15 19:33:49,corridor
2025/8/15 19:33:50,side
2025/8/15 19:48:19,corridor
2025/8/15 19:48:20,side
2025/8/15 19:49:45,corridor
2025/8/15 19:49:45,middle
2025/8/15 19:49:48,corridor
2025/8/15 19:49:55,side
2025/8/15 20:06:35,corridor
2025/8/15 20:06:35,middle
2025/8/15 20:06:37,corridor
2025/8/15 20:06:38,side
2025/8/15 20:20:44,corridor
2025/8/15 20:20:45,middle
2025/8/15 20:20:46,corridor
2025/8/15 20:20:46,side
2025/8/15 20:27:58,corridor
2025/8/15 20:27:58,middle
2025/8/15 20:28:19,mid-sep
2025/8/15 20:28:21,middle
2025/8/15 20:28:24,corridor
2025/8/15 20:28:24,side
2025/8/15 20:38:31,corridor
2025/8/15 20:38:31,middle
2025/8/15 20:38:32,corridor
2025/8/15 20:38:32,side
2025/8/15 20:45:08,corridor
2025/8/15 20:45:09,middle
2025/8/15 20:45:10,mid-sep
2025/8/15 20:45:11,middle
2025/8/15 20:45:32,mid-sep
2025/8/15 20:45:45,middle
2025/8/15 20:45:52,corridor
2025/8/15 20:45:54,side
2025/8/15 20:58:38,corridor
2025/8/15 20:58:39,middle
2025/8/15 20:58:39,mid-sep
2025/8/15 20:58:40,middle
2025/8/15 20:58:43,corridor
2025/8/15 20:58:46,side
2025/8/15 21:00:47,corridor
2025/8/15 21:00:47,middle
2025/8/15 21:01:03,mid-sep
2025/8/15 21:01:10,middle
2025/8/15 21:01:11,corridor
2025/8/15 21:01:11,side
2025/8/15 21:07:26,corridor
2025/8/15 21:07:26,middle
2025/8/15 21:07:26,mid-sep
2025/8/15 21:07:27,middle
2025/8/15 21:07:58,corridor
2025/8/15 21:08:01,side
2025/8/15 21:11:14,corridor
2025/8/15 21:11:14,middle
2025/8/15 21:11:16,corridor
2025/8/15 21:11:17,side
2025/8/15 21:12:30,corridor
2025/8/15 21:12:31,middle
2025/8/15 21:12:33,corridor
2025/8/15 21:12:33,side
2025/8/15 21:20:42,corridor
2025/8/15 21:20:43,middle
2025/8/15 21:22:55,mid-sep
2025/8/15 21:22:57,middle
2025/8/15 21:23:30,corridor
2025/8/15 21:23:31,side
2025/8/15 21:27:29,corridor
2025/8/15 21:27:30,middle
2025/8/15 21:27:30,corridor
2025/8/15 21:27:31,side
2025/8/15 21:32:07,corridor
2025/8/15 21:32:07,middle
2025/8/15 21:32:20,corridor
2025/8/15 21:32:22,side
2025/8/15 21:40:59,corridor
2025/8/15 21:40:59,middle
2025/8/15 21:41:01,corridor
2025/8/15 21:41:06,side
2025/8/15 21:47:43,corridor
2025/8/15 21:47:43,middle
2025/8/15 21:47:43,mid-sep
2025/8/15 21:47:44,middle
2025/8/15 21:48:00,corridor
2025/8/15 21:48:01,side
2025/8/15 21:56:38,corridor
2025/8/15 21:56:38,middle
2025/8/15 21:56:39,mid-sep
2025/8/15 21:56:39,middle
2025/8/15 21:56:41,corridor
2025/8/15 21:56:41,side
2025/8/15 22:05:36,corridor
2025/8/15 22:05:37,middle
2025/8/15 22:05:38,mid-sep
2025/8/15 22:05:45,middle
2025/8/15 22:05:45,corridor
2025/8/15 22:05:46,side
2025/8/15 22:13:09,corridor
2025/8/15 22:13:09,middle
2025/8/15 22:13:10,mid-sep
2025/8/15 22:13:18,middle
2025/8/15 22:13:20,corridor
2025/8/15 22:13:21,side
2025/8/15 22:15:40,corridor
2025/8/15 22:15:40,middle
2025/8/15 22:15:57,mid-sep
2025/8/15 22:15:58,middle
2025/8/15 22:16:00,corridor
2025/8/15 22:16:19,side
2025/8/15 22:30:23,corridor
2025/8/15 22:30:23,middle
2025/8/15 22:30:24,corridor
2025/8/15 22:30:25,side
2025/8/15 22:43:11,corridor
2025/8/15 22:43:11,middle
2025/8/15 22:43:12,mid-sep
2025/8/15 22:43:12,middle
2025/8/15 22:46:49,corridor
2025/8/15 22:46:53,side
2025/8/15 23:14:28,corridor
2025/8/15 23:14:28,middle
2025/8/15 23:14:30,mid-sep
2025/8/15 23:14:31,middle
2025/8/15 23:14:34,corridor
2025/8/15 23:14:37,side
2025/8/15 23:28:02,corridor
2025/8/15 23:28:02,middle
2025/8/15 23:28:02,mid-sep
2025/8/15 23:28:03,middle
2025/8/15 23:28:25,corridor
2025/8/15 23:28:26,side
2025/8/15 23:35:04,corridor
2025/8/15 23:35:04,middle
2025/8/15 23:35:04,mid-sep
2025/8/15 23:35:04,middle
2025/8/15 23:35:05,corridor
2025/8/15 23:35:06,side
2025/8/15 23:47:52,corridor
2025/8/15 23:47:52,middle
2025/8/15 23:47:53,mid-sep
2025/8/15 23:48:01,middle
2025/8/15 23:48:07,mid-sep
2025/8/15 23:48:27,middle
2025/8/15 23:48:33,corridor
2025/8/15 23:48:37,middle
2025/8/15 23:48:38,mid-sep
2025/8/15 23:48:51,middle
2025/8/15 23:48:53,corridor
2025/8/15 23:48:54,side
2025/8/15 23:53:52,corridor
2025/8/15 23:53:52,middle
2025/8/15 23:53:53,corridor
2025/8/15 23:53:56,side
2025/8/15 23:56:02,corridor
2025/8/15 23:56:02,middle
2025/8/15 23:56:03,mid-sep
2025/8/15 23:56:41,middle
2025/8/15 23:56:41,corridor
2025/8/15 23:56:42,side
2025/8/16 0:08:40,corridor
2025/8/16 0:08:40,middle
2025/8/16 0:09:08,corridor
2025/8/16 0:09:09,side
2025/8/16 0:09:27,corridor
2025/8/16 0:09:27,middle
2025/8/16 0:09:31,mid-sep
2025/8/16 0:10:02,middle
2025/8/16 0:10:10,mid-sep
2025/8/16 0:10:38,middle
2025/8/16 0:10:40,corridor
2025/8/16 0:10:41,side
2025/8/16 0:16:40,corridor
2025/8/16 0:16:40,middle
2025/8/16 0:16:42,mid-sep
2025/8/16 0:16:56,middle
2025/8/16 0:17:10,corridor
2025/8/16 0:17:12,middle
2025/8/16 0:17:13,mid-sep
2025/8/16 0:18:09,middle
2025/8/16 0:18:18,corridor
2025/8/16 0:18:20,side
2025/8/16 0:25:04,corridor
2025/8/16 0:25:04,middle
2025/8/16 0:25:10,mid-sep
2025/8/16 0:25:11,middle
2025/8/16 0:25:18,mid-sep
2025/8/16 0:25:19,middle
2025/8/16 0:25:20,corridor
2025/8/16 0:25:21,side
2025/8/16 0:31:48,corridor
2025/8/16 0:31:48,middle
2025/8/16 0:31:50,mid-sep
2025/8/16 0:31:53,middle
2025/8/16 0:31:57,mid-sep
2025/8/16 0:32:10,middle
2025/8/16 0:32:11,corridor
2025/8/16 0:32:12,side
2025/8/16 0:37:00,corridor
2025/8/16 0:37:01,middle
2025/8/16 0:37:03,mid-sep
2025/8/16 0:37:03,middle
2025/8/16 0:37:12,corridor
2025/8/16 0:37:13,side
2025/8/16 0:37:26,corridor
2025/8/16 0:37:27,middle
2025/8/16 0:38:56,mid-sep
2025/8/16 0:40:24,middle
2025/8/16 0:40:26,corridor
2025/8/16 0:40:29,side
2025/8/16 0:55:23,corridor
2025/8/16 0:55:24,middle
2025/8/16 0:55:24,mid-sep
2025/8/16 0:55:29,middle
2025/8/16 0:55:37,corridor
2025/8/16 0:55:38,side
2025/8/16 0:55:51,corridor
2025/8/16 0:55:52,middle
2025/8/16 0:56:15,corridor
2025/8/16 0:56:18,middle
2025/8/16 0:56:20,mid-sep
2025/8/16 0:56:32,middle
2025/8/16 0:56:40,corridor
2025/8/16 0:56:42,side
2025/8/16 2:42:03,corridor
2025/8/16 2:42:03,middle
2025/8/16 2:42:04,mid-sep
2025/8/16 2:42:04,middle
2025/8/16 2:42:08,corridor
2025/8/16 2:42:14,side
2025/8/16 2:45:34,corridor
2025/8/16 2:45:34,middle
2025/8/16 2:45:35,mid-sep
2025/8/16 2:45:36,middle
2025/8/16 2:45:37,corridor
2025/8/16 2:45:38,side
2025/8/16 3:11:43,corridor
2025/8/16 3:11:44,middle
2025/8/16 3:11:45,mid-sep
2025/8/16 3:11:48,middle
2025/8/16 3:11:49,corridor
2025/8/16 3:11:50,side
2025/8/16 3:12:47,corridor
2025/8/16 3:12:47,middle
2025/8/16 3:12:48,mid-sep
2025/8/16 3:12:51,middle
2025/8/16 3:13:02,corridor
2025/8/16 3:13:02,side
2025/8/16 4:03:57,corridor
2025/8/16 4:03:58,middle
2025/8/16 4:04:03,mid-sep
2025/8/16 4:04:08,middle
2025/8/16 4:04:12,corridor
2025/8/16 4:04:14,side
2025/8/16 4:22:05,corridor
2025/8/16 4:22:06,middle
2025/8/16 4:22:07,mid-sep
2025/8/16 4:22:08,middle
2025/8/16 4:22:08,corridor
2025/8/16 4:22:09,side
2025/8/16 4:28:32,corridor
2025/8/16 4:28:35,side
2025/8/16 4:31:47,corridor
2025/8/16 4:31:47,middle
2025/8/16 4:31:49,mid-sep
2025/8/16 4:32:00,middle
2025/8/16 4:32:05,mid-sep
2025/8/16 4:32:29,middle
2025/8/16 4:32:29,corridor
2025/8/16 4:32:33,side
2025/8/16 4:35:14,corridor
2025/8/16 4:35:14,middle
2025/8/16 4:35:16,mid-sep
2025/8/16 4:35:22,middle
2025/8/16 4:35:23,corridor
2025/8/16 4:35:23,side
2025/8/16 4:43:00,corridor
2025/8/16 4:43:01,middle
2025/8/16 4:43:06,mid-sep
2025/8/16 4:43:30,middle
2025/8/16 4:43:30,corridor
2025/8/16 4:43:33,side
2025/8/16 4:55:44,corridor
2025/8/16 4:55:45,middle
2025/8/16 4:56:01,corridor
2025/8/16 4:56:03,side
2025/8/16 5:02:29,corridor
2025/8/16 5:02:30,middle
2025/8/16 5:02:49,mid-sep
2025/8/16 5:02:57,middle
2025/8/16 5:03:16,mid-sep
2025/8/16 5:03:31,middle
2025/8/16 5:03:35,corridor
2025/8/16 5:03:38,side
2025/8/16 8:32:07,corridor
2025/8/16 8:32:12,middle
2025/8/16 8:32:16,mid-sep
2025/8/16 8:32:27,middle
2025/8/16 8:32:37,mid-sep
2025/8/16 8:32:43,middle
2025/8/16 8:33:39,mid-sep
2025/8/16 8:33:45,middle
2025/8/16 8:33:56,corridor
2025/8/16 8:34:04,side
2025/8/16 8:34:26,corridor
2025/8/16 8:34:27,middle
2025/8/16 8:34:29,mid-sep
2025/8/16 8:34:36,middle
2025/8/16 8:34:47,mid-sep
2025/8/16 8:35:10,middle
2025/8/16 8:35:25,mid-sep
2025/8/16 8:35:26,middle
2025/8/16 8:35:32,corridor
2025/8/16 8:36:21,middle
2025/8/16 8:37:01,corridor
2025/8/16 8:37:09,side
2025/8/16 11:09:27,corridor
2025/8/16 11:09:28,middle
2025/8/16 11:09:42,mid-sep
2025/8/16 11:09:54,middle
2025/8/16 11:10:00,corridor
2025/8/16 11:10:01,side
2025/8/16 15:10:13,corridor
2025/8/16 15:10:14,middle
2025/8/16 15:10:16,mid-sep
2025/8/16 15:10:23,middle
2025/8/16 15:10:32,corridor
2025/8/16 15:10:35,side
2025/8/16 16:24:55,corridor
2025/8/16 16:24:56,middle
2025/8/16 16:24:59,corridor
2025/8/16 16:25:01,side
2025/8/16 16:54:54,corridor
2025/8/16 16:54:55,middle
2025/8/16 16:54:58,mid-sep
2025/8/16 16:55:01,middle
2025/8/16 16:55:16,corridor
2025/8/16 16:55:18,side
2025/8/16 18:18:56,corridor
2025/8/16 18:18:56,middle
2025/8/16 18:19:00,corridor
2025/8/16 18:19:02,side
2025/8/16 18:27:46,corridor
2025/8/16 18:27:46,middle
2025/8/16 18:27:49,corridor
2025/8/16 18:27:50,side
2025/8/16 18:34:05,corridor
2025/8/16 18:34:05,middle
2025/8/16 18:34:05,mid-sep
2025/8/16 18:34:05,middle
2025/8/16 18:34:06,corridor
2025/8/16 18:34:09,side
2025/8/16 18:54:20,corridor
2025/8/16 18:54:20,middle
2025/8/16 18:54:20,mid-sep
2025/8/16 18:54:20,middle
2025/8/16 18:54:21,corridor
2025/8/16 18:54:22,side
2025/8/16 19:01:25,corridor
2025/8/16 19:01:25,middle
2025/8/16 19:01:37,mid-sep
2025/8/16 19:01:41,middle
2025/8/16 19:01:41,corridor
2025/8/16 19:01:45,side
2025/8/16 19:10:30,corridor
2025/8/16 19:10:30,middle
2025/8/16 19:10:32,corridor
2025/8/16 19:10:33,side
2025/8/16 19:12:59,corridor
2025/8/16 19:12:59,middle
2025/8/16 19:13:28,mid-sep
2025/8/16 19:13:29,middle
2025/8/16 19:13:32,corridor
2025/8/16 19:13:33,side
2025/8/16 19:17:20,corridor
2025/8/16 19:17:21,middle
2025/8/16 19:18:42,mid-sep
2025/8/16 19:18:46,middle
2025/8/16 19:18:48,corridor
2025/8/16 19:18:50,side
2025/8/16 19:23:36,corridor
2025/8/16 19:23:37,middle
2025/8/16 19:23:51,corridor
2025/8/16 19:23:52,side
2025/8/16 19:30:09,corridor
2025/8/16 19:30:09,middle
2025/8/16 19:31:23,corridor
2025/8/16 19:31:23,side
2025/8/16 19:36:43,corridor
2025/8/16 19:36:43,middle
2025/8/16 19:36:44,mid-sep
2025/8/16 19:36:44,middle
2025/8/16 19:36:44,corridor
2025/8/16 19:36:45,side
2025/8/16 19:42:59,corridor
2025/8/16 19:42:59,middle
2025/8/16 19:44:35,corridor
2025/8/16 19:44:37,side
2025/8/16 19:50:00,corridor
2025/8/16 19:50:00,middle
2025/8/16 19:50:13,mid-sep
2025/8/16 19:50:18,middle
2025/8/16 19:50:20,corridor
2025/8/16 19:50:21,side
2025/8/16 19:55:58,corridor
2025/8/16 19:55:58,middle
2025/8/16 19:56:00,corridor
2025/8/16 19:56:01,side
2025/8/16 19:58:35,corridor
2025/8/16 19:58:35,middle
2025/8/16 19:59:55,corridor
2025/8/16 19:59:56,side
2025/8/16 20:07:10,corridor
2025/8/16 20:07:10,middle
2025/8/16 20:08:05,corridor
2025/8/16 20:08:06,side
2025/8/16 20:09:27,corridor
2025/8/16 20:09:27,middle
2025/8/16 20:09:29,corridor
2025/8/16 20:09:29,side
2025/8/16 20:21:14,corridor
2025/8/16 20:21:14,middle
2025/8/16 20:21:35,corridor
2025/8/16 20:21:36,side
2025/8/16 20:23:39,corridor
2025/8/16 20:23:40,middle
2025/8/16 20:23:42,mid-sep
2025/8/16 20:23:48,middle
2025/8/16 20:23:49,corridor
2025/8/16 20:23:50,side
2025/8/16 20:32:20,corridor
2025/8/16 20:32:21,middle
2025/8/16 20:32:22,corridor
2025/8/16 20:32:24,side
2025/8/16 20:36:08,corridor
2025/8/16 20:36:08,middle
2025/8/16 20:40:00,corridor
2025/8/16 20:40:01,side
2025/8/16 20:43:55,corridor
2025/8/16 20:43:55,middle
2025/8/16 20:43:56,mid-sep
2025/8/16 20:43:59,middle
2025/8/16 20:44:19,corridor
2025/8/16 20:44:20,side
2025/8/16 20:48:28,corridor
2025/8/16 20:48:28,middle
2025/8/16 20:48:28,mid-sep
2025/8/16 20:48:29,middle
2025/8/16 20:48:54,corridor
2025/8/16 20:48:56,side
2025/8/16 20:57:05,corridor
2025/8/16 20:57:05,middle
2025/8/16 20:57:05,mid-sep
2025/8/16 20:57:06,middle
2025/8/16 20:57:20,mid-sep
2025/8/16 20:57:23,middle
2025/8/16 20:57:44,corridor
2025/8/16 20:57:46,side
2025/8/16 21:05:57,corridor
2025/8/16 21:05:57,middle
2025/8/16 21:05:59,mid-sep
2025/8/16 21:06:25,middle
2025/8/16 21:06:26,corridor
2025/8/16 21:06:27,side
2025/8/16 21:15:07,corridor
2025/8/16 21:15:07,middle
2025/8/16 21:18:51,corridor
2025/8/16 21:18:52,side
2025/8/16 21:24:09,corridor
2025/8/16 21:24:09,middle
2025/8/16 21:24:20,corridor
2025/8/16 21:24:21,side
2025/8/16 21:30:49,corridor
2025/8/16 21:30:49,middle
2025/8/16 21:30:49,mid-sep
2025/8/16 21:30:49,middle
2025/8/16 21:30:50,corridor
2025/8/16 21:30:51,side
2025/8/16 21:33:44,corridor
2025/8/16 21:33:44,middle
2025/8/16 21:34:01,corridor
2025/8/16 21:34:01,side
2025/8/16 21:36:36,corridor
2025/8/16 21:36:36,side
2025/8/16 21:40:43,corridor
2025/8/16 21:40:43,middle
2025/8/16 21:41:25,corridor
2025/8/16 21:41:26,side
2025/8/16 21:49:46,corridor
2025/8/16 21:49:46,middle
2025/8/16 21:49:48,corridor
2025/8/16 21:49:49,side
2025/8/16 22:01:21,corridor
2025/8/16 22:01:22,middle
2025/8/16 22:01:55,corridor
2025/8/16 22:01:56,side
2025/8/16 22:04:36,corridor
2025/8/16 22:04:37,middle
2025/8/16 22:04:56,corridor
2025/8/16 22:04:57,side
2025/8/16 22:11:06,corridor
2025/8/16 22:11:06,middle
2025/8/16 22:11:06,mid-sep
2025/8/16 22:11:07,middle
2025/8/16 22:11:08,corridor
2025/8/16 22:11:09,side
2025/8/16 22:13:40,corridor
2025/8/16 22:13:40,middle
2025/8/16 22:13:41,corridor
2025/8/16 22:13:41,side
2025/8/16 22:27:53,corridor
2025/8/16 22:27:53,middle
2025/8/16 22:28:31,corridor
2025/8/16 22:28:31,side
2025/8/16 22:35:02,corridor
2025/8/16 22:35:02,middle
2025/8/16 22:35:03,corridor
2025/8/16 22:35:03,side
2025/8/16 22:38:44,corridor
2025/8/16 22:38:44,middle
2025/8/16 22:38:48,corridor
2025/8/16 22:38:49,side
2025/8/16 22:44:13,corridor
2025/8/16 22:44:13,middle
2025/8/16 22:49:24,corridor
2025/8/16 22:49:25,side
2025/8/16 22:55:21,corridor
2025/8/16 22:55:21,middle
2025/8/16 22:55:31,corridor
2025/8/16 22:55:32,side
2025/8/16 23:02:18,corridor
2025/8/16 23:02:18,middle
2025/8/16 23:02:18,corridor
2025/8/16 23:02:19,side
2025/8/16 23:13:22,corridor
2025/8/16 23:13:22,middle
2025/8/16 23:13:25,corridor
2025/8/16 23:13:27,side
2025/8/16 23:16:45,corridor
2025/8/16 23:16:46,middle
2025/8/16 23:16:46,mid-sep
2025/8/16 23:17:08,middle
2025/8/16 23:17:12,mid-sep
2025/8/16 23:17:20,middle
2025/8/16 23:17:21,corridor
2025/8/16 23:17:22,side
2025/8/16 23:20:47,corridor
2025/8/16 23:20:47,middle
2025/8/16 23:20:48,mid-sep
2025/8/16 23:20:48,middle
2025/8/16 23:20:49,corridor
2025/8/16 23:20:49,side
2025/8/16 23:25:25,corridor
2025/8/16 23:25:25,middle
2025/8/16 23:28:25,mid-sep
2025/8/16 23:28:49,middle
2025/8/16 23:28:55,mid-sep
2025/8/16 23:28:56,middle
2025/8/16 23:28:57,corridor
2025/8/16 23:28:59,side
2025/8/16 23:30:48,corridor
2025/8/16 23:30:48,middle
2025/8/16 23:30:50,corridor
2025/8/16 23:30:50,side
2025/8/16 23:34:40,corridor
2025/8/16 23:34:40,middle
2025/8/16 23:34:43,mid-sep
2025/8/16 23:34:47,middle
2025/8/16 23:34:47,corridor
2025/8/16 23:34:48,side
2025/8/16 23:50:15,corridor
2025/8/16 23:50:16,middle
2025/8/16 23:50:18,mid-sep
2025/8/16 23:50:20,middle
2025/8/16 23:50:37,corridor
2025/8/16 23:50:44,side
2025/8/16 23:51:44,corridor
2025/8/16 23:51:45,middle
2025/8/16 23:51:45,corridor
2025/8/16 23:51:55,side
2025/8/16 23:56:32,corridor
2025/8/16 23:56:33,middle
2025/8/16 23:56:33,corridor
2025/8/16 23:56:41,side
2025/8/17 0:06:23,corridor
2025/8/17 0:06:24,middle
2025/8/17 0:06:25,corridor
2025/8/17 0:06:25,side
2025/8/17 0:25:27,corridor
2025/8/17 0:25:27,middle
2025/8/17 0:25:28,mid-sep
2025/8/17 0:25:40,middle
2025/8/17 0:25:41,corridor
2025/8/17 0:25:41,side
2025/8/17 0:28:45,corridor
2025/8/17 0:28:45,middle
2025/8/17 0:28:48,mid-sep
2025/8/17 0:32:40,middle
2025/8/17 0:32:42,corridor
2025/8/17 0:32:44,side
2025/8/17 0:35:32,corridor
2025/8/17 0:35:33,middle
2025/8/17 0:35:36,mid-sep
2025/8/17 0:35:40,middle
2025/8/17 0:35:41,corridor
2025/8/17 0:35:45,side
2025/8/17 0:40:38,corridor
2025/8/17 0:40:38,middle
2025/8/17 0:40:39,mid-sep
2025/8/17 0:40:39,middle
2025/8/17 0:40:39,corridor
2025/8/17 0:40:40,side
2025/8/17 0:47:34,corridor
2025/8/17 0:47:35,middle
2025/8/17 0:47:40,mid-sep
2025/8/17 0:48:35,middle
2025/8/17 0:49:20,corridor
2025/8/17 0:49:28,side
2025/8/17 0:50:56,corridor
2025/8/17 0:50:57,middle
2025/8/17 0:50:58,mid-sep
2025/8/17 0:51:24,middle
2025/8/17 0:51:39,mid-sep
2025/8/17 0:51:43,middle
2025/8/17 0:51:48,corridor
2025/8/17 0:51:49,side
2025/8/17 1:24:03,corridor
2025/8/17 1:24:03,middle
2025/8/17 1:24:05,mid-sep
2025/8/17 1:24:15,middle
2025/8/17 1:24:21,corridor
2025/8/17 1:24:22,side
2025/8/17 2:47:45,corridor
2025/8/17 2:47:46,middle
2025/8/17 2:47:47,mid-sep
2025/8/17 2:47:49,middle
2025/8/17 2:47:50,corridor
2025/8/17 2:47:52,side
2025/8/17 3:36:20,corridor
2025/8/17 3:36:20,middle
2025/8/17 3:36:21,mid-sep
2025/8/17 3:36:22,middle
2025/8/17 3:36:23,corridor
2025/8/17 3:36:23,side
2025/8/17 4:06:03,corridor
2025/8/17 4:06:03,middle
2025/8/17 4:06:04,mid-sep
2025/8/17 4:06:06,middle
2025/8/17 4:06:08,corridor
2025/8/17 4:06:09,side
2025/8/17 4:13:01,corridor
2025/8/17 4:13:01,middle
2025/8/17 4:13:02,mid-sep
2025/8/17 4:13:04,middle
2025/8/17 4:13:05,corridor
2025/8/17 4:13:05,side
2025/8/17 4:25:42,corridor
2025/8/17 4:25:43,middle
2025/8/17 4:25:43,mid-sep
2025/8/17 4:25:58,middle
2025/8/17 4:26:13,mid-sep
2025/8/17 4:27:59,middle
2025/8/17 4:28:06,corridor
2025/8/17 4:28:10,side
2025/8/17 4:39:56,corridor
2025/8/17 4:39:57,middle
2025/8/17 4:40:05,mid-sep
2025/8/17 4:40:33,middle
2025/8/17 4:40:34,corridor
2025/8/17 4:40:35,side
2025/8/17 4:40:39,corridor
2025/8/17 4:40:39,middle
2025/8/17 4:40:40,mid-sep
2025/8/17 4:40:51,middle
2025/8/17 4:40:54,corridor
2025/8/17 4:40:59,side
2025/8/17 4:43:26,corridor
2025/8/17 4:43:26,middle
2025/8/17 4:43:30,mid-sep
2025/8/17 4:43:41,middle
2025/8/17 4:43:41,corridor
2025/8/17 4:43:42,side
2025/8/17 4:45:50,corridor
2025/8/17 4:45:50,middle
2025/8/17 4:46:50,corridor
2025/8/17 4:47:15,side
2025/8/17 4:47:17,corridor
2025/8/17 4:47:46,side
2025/8/17 4:51:49,corridor
2025/8/17 4:51:50,middle
2025/8/17 4:51:50,mid-sep
2025/8/17 4:51:50,middle
2025/8/17 4:51:51,corridor
2025/8/17 4:51:53,side
2025/8/17 5:17:30,corridor
2025/8/17 5:17:30,middle
2025/8/17 5:17:32,mid-sep
2025/8/17 5:17:43,middle
2025/8/17 5:17:44,corridor
2025/8/17 5:17:46,middle
2025/8/17 5:17:46,mid-sep
2025/8/17 5:17:59,middle
2025/8/17 5:18:03,corridor
2025/8/17 5:18:04,side
2025/8/17 6:00:33,corridor
2025/8/17 6:00:34,middle
2025/8/17 6:00:35,mid-sep
2025/8/17 6:00:47,middle
2025/8/17 6:00:53,corridor
2025/8/17 6:00:55,side
2025/8/17 6:09:19,corridor
2025/8/17 6:09:19,middle
2025/8/17 6:09:19,corridor
2025/8/17 6:09:20,side
2025/8/17 6:17:30,corridor
2025/8/17 6:17:31,middle
2025/8/17 6:17:32,mid-sep
2025/8/17 6:17:37,middle
2025/8/17 6:17:38,corridor
2025/8/17 6:17:41,side
2025/8/17 6:18:48,corridor
2025/8/17 6:18:49,middle
2025/8/17 6:18:49,corridor
2025/8/17 6:18:51,side
2025/8/17 8:01:42,corridor
2025/8/17 8:01:42,middle
2025/8/17 8:01:43,mid-sep
2025/8/17 8:01:48,middle
2025/8/17 8:02:05,mid-sep
2025/8/17 8:03:13,middle
2025/8/17 8:03:27,mid-sep
2025/8/17 8:03:36,middle
2025/8/17 8:03:57,corridor
2025/8/17 8:04:02,middle
2025/8/17 8:04:32,mid-sep
2025/8/17 8:05:31,middle
2025/8/17 8:05:43,corridor
2025/8/17 8:05:44,side
2025/8/17 8:11:19,corridor
2025/8/17 8:11:20,middle
2025/8/17 8:11:23,corridor
2025/8/17 8:11:24,side
2025/8/17 8:11:33,middle
2025/8/17 8:11:36,mid-sep
2025/8/17 8:11:36,middle
2025/8/17 8:11:48,mid-sep
2025/8/17 8:12:11,middle
2025/8/17 8:13:06,mid-sep
2025/8/17 8:13:16,middle
2025/8/17 8:13:36,mid-sep
2025/8/17 8:14:17,middle
2025/8/17 8:14:45,mid-sep
2025/8/17 8:14:58,middle
2025/8/17 8:15:19,corridor
2025/8/17 8:15:20,side
2025/8/17 13:23:48,corridor
2025/8/17 13:23:49,middle
2025/8/17 13:23:51,mid-sep
2025/8/17 13:23:57,middle
2025/8/17 13:23:58,corridor
2025/8/17 13:23:59,side
2025/8/17 16:32:20,corridor
2025/8/17 16:32:22,middle
2025/8/17 16:32:23,mid-sep
2025/8/17 16:32:23,middle
2025/8/17 16:32:29,corridor
2025/8/17 16:32:30,side
2025/8/17 17:18:59,corridor
2025/8/17 17:19:00,middle
2025/8/17 17:19:00,corridor
2025/8/17 17:19:02,side
2025/8/17 17:51:32,corridor
2025/8/17 17:51:33,middle
2025/8/17 17:51:34,mid-sep
2025/8/17 17:51:38,middle
2025/8/17 17:51:41,corridor
2025/8/17 17:51:42,side
2025/8/17 18:15:57,corridor
2025/8/17 18:15:57,middle
2025/8/17 18:15:58,corridor
2025/8/17 18:16:00,side
2025/8/17 18:18:24,corridor
2025/8/17 18:18:24,middle
2025/8/17 18:18:26,mid-sep
2025/8/17 18:18:33,middle
2025/8/17 18:18:34,corridor
2025/8/17 18:18:35,side
2025/8/17 18:45:19,corridor
2025/8/17 18:45:21,middle
2025/8/17 18:45:21,mid-sep
2025/8/17 18:45:24,middle
2025/8/17 18:45:25,corridor
2025/8/17 18:45:26,side
2025/8/17 18:55:51,corridor
2025/8/17 18:55:51,middle
2025/8/17 18:55:56,mid-sep
2025/8/17 18:55:57,middle
2025/8/17 18:55:59,corridor
2025/8/17 18:56:00,side
2025/8/17 19:11:22,corridor
2025/8/17 19:11:22,middle
2025/8/17 19:11:23,mid-sep
2025/8/17 19:11:28,middle
2025/8/17 19:11:44,corridor
2025/8/17 19:11:44,side
2025/8/17 19:20:15,corridor
2025/8/17 19:20:15,middle
2025/8/17 19:20:15,mid-sep
2025/8/17 19:20:15,middle
2025/8/17 19:20:16,corridor
2025/8/17 19:20:17,side
2025/8/17 19:24:58,corridor
2025/8/17 19:24:58,middle
2025/8/17 19:24:59,corridor
2025/8/17 19:25:00,side
2025/8/17 19:26:12,corridor
2025/8/17 19:26:12,middle
2025/8/17 19:26:25,mid-sep
2025/8/17 19:26:28,middle
2025/8/17 19:26:29,corridor
2025/8/17 19:26:30,side
2025/8/17 19:33:54,corridor
2025/8/17 19:33:54,middle
2025/8/17 19:33:54,mid-sep
2025/8/17 19:33:57,middle
2025/8/17 19:34:23,mid-sep
2025/8/17 19:34:25,middle
2025/8/17 19:34:29,corridor
2025/8/17 19:34:31,side
2025/8/17 19:35:16,corridor
2025/8/17 19:35:16,middle
2025/8/17 19:35:17,corridor
2025/8/17 19:35:19,side
2025/8/17 19:44:47,corridor
2025/8/17 19:44:47,side
2025/8/17 19:46:03,corridor
2025/8/17 19:46:03,middle
2025/8/17 19:46:03,mid-sep
2025/8/17 19:46:04,middle
2025/8/17 19:46:05,corridor
2025/8/17 19:46:05,side
2025/8/17 19:52:02,corridor
2025/8/17 19:52:02,middle
2025/8/17 19:52:30,mid-sep
2025/8/17 19:52:45,middle
2025/8/17 19:53:16,mid-sep
2025/8/17 19:53:17,middle
2025/8/17 19:53:22,corridor
2025/8/17 19:53:23,side
2025/8/17 19:58:40,corridor
2025/8/17 19:58:40,middle
2025/8/17 19:58:40,mid-sep
2025/8/17 19:58:40,middle
2025/8/17 19:59:09,corridor
2025/8/17 19:59:10,side
2025/8/17 20:03:25,corridor
2025/8/17 20:03:25,middle
2025/8/17 20:03:31,corridor
2025/8/17 20:03:32,side
2025/8/17 20:04:39,corridor
2025/8/17 20:04:39,middle
2025/8/17 20:04:39,mid-sep
2025/8/17 20:04:39,middle
2025/8/17 20:04:40,corridor
2025/8/17 20:04:41,side
2025/8/17 20:13:21,corridor
2025/8/17 20:13:21,middle
2025/8/17 20:13:22,mid-sep
2025/8/17 20:13:23,middle
2025/8/17 20:13:24,corridor
2025/8/17 20:13:25,side
2025/8/17 20:17:13,corridor
2025/8/17 20:17:13,middle
2025/8/17 20:17:14,corridor
2025/8/17 20:17:15,side
2025/8/17 20:23:18,corridor
2025/8/17 20:23:18,middle
2025/8/17 20:23:19,mid-sep
2025/8/17 20:23:30,middle
2025/8/17 20:25:45,mid-sep
2025/8/17 20:25:59,middle
2025/8/17 20:27:05,corridor
2025/8/17 20:27:07,side
2025/8/17 20:35:17,corridor
2025/8/17 20:35:17,middle
2025/8/17 20:35:17,mid-sep
2025/8/17 20:35:30,middle
2025/8/17 20:35:30,corridor
2025/8/17 20:35:31,side
2025/8/17 20:39:55,corridor
2025/8/17 20:39:56,middle
2025/8/17 20:40:32,mid-sep
2025/8/17 20:40:34,middle
2025/8/17 20:40:35,corridor
2025/8/17 20:40:35,side
2025/8/17 20:47:02,corridor
2025/8/17 20:47:02,middle
2025/8/17 20:47:03,mid-sep
2025/8/17 20:47:04,middle
2025/8/17 20:47:04,corridor
2025/8/17 20:47:05,side
2025/8/17 20:58:26,corridor
2025/8/17 20:58:26,middle
2025/8/17 20:59:19,corridor
2025/8/17 20:59:24,side
2025/8/17 21:02:47,corridor
2025/8/17 21:02:48,middle
2025/8/17 21:02:50,corridor
2025/8/17 21:02:59,side
2025/8/17 21:04:28,corridor
2025/8/17 21:04:29,middle
2025/8/17 21:05:22,corridor
2025/8/17 21:05:23,side
2025/8/17 21:14:11,corridor
2025/8/17 21:14:11,middle
2025/8/17 21:14:12,corridor
2025/8/17 21:14:14,side
2025/8/17 21:19:11,corridor
2025/8/17 21:19:11,middle
2025/8/17 21:19:12,mid-sep
2025/8/17 21:19:15,middle
2025/8/17 21:19:34,mid-sep
2025/8/17 21:19:35,middle
2025/8/17 21:19:36,corridor
2025/8/17 21:19:37,side
2025/8/17 21:26:30,corridor
2025/8/17 21:26:30,middle
2025/8/17 21:26:31,mid-sep
2025/8/17 21:26:36,middle
2025/8/17 21:26:37,corridor
2025/8/17 21:26:37,side
2025/8/17 21:30:30,corridor
2025/8/17 21:30:30,middle
2025/8/17 21:30:31,mid-sep
2025/8/17 21:30:31,middle
2025/8/17 21:30:59,corridor
2025/8/17 21:31:07,side
2025/8/17 21:43:12,corridor
2025/8/17 21:43:12,middle
2025/8/17 21:43:13,mid-sep
2025/8/17 21:43:13,middle
2025/8/17 21:43:15,corridor
2025/8/17 21:43:17,side
2025/8/17 21:59:06,corridor
2025/8/17 21:59:06,middle
2025/8/17 21:59:06,mid-sep
2025/8/17 21:59:07,middle
2025/8/17 21:59:09,corridor
2025/8/17 21:59:10,side
2025/8/17 22:06:10,corridor
2025/8/17 22:06:11,middle
2025/8/17 22:06:11,mid-sep
2025/8/17 22:06:19,middle
2025/8/17 22:06:21,corridor
2025/8/17 22:06:23,side
2025/8/17 22:07:36,corridor
2025/8/17 22:07:36,middle
2025/8/17 22:07:38,corridor
2025/8/17 22:07:39,side
2025/8/17 22:13:42,corridor
2025/8/17 22:13:46,side
2025/8/17 22:34:48,corridor
2025/8/17 22:34:48,middle
2025/8/17 22:34:49,corridor
2025/8/17 22:34:52,side
2025/8/17 22:40:00,corridor
2025/8/17 22:40:01,middle
2025/8/17 22:40:01,mid-sep
2025/8/17 22:40:05,middle
2025/8/17 22:40:17,mid-sep
2025/8/17 22:40:37,middle
2025/8/17 22:40:40,corridor
2025/8/17 22:40:40,side
2025/8/17 22:43:26,corridor
2025/8/17 22:43:26,middle
2025/8/17 22:43:26,mid-sep
2025/8/17 22:43:26,middle
2025/8/17 22:43:28,corridor
2025/8/17 22:43:30,side
2025/8/17 22:49:16,corridor
2025/8/17 22:49:16,middle
2025/8/17 22:49:17,mid-sep
2025/8/17 22:49:18,middle
2025/8/17 22:49:18,corridor
2025/8/17 22:49:20,side
2025/8/17 22:51:23,corridor
2025/8/17 22:51:23,middle
2025/8/17 22:51:24,mid-sep
2025/8/17 22:51:25,middle
2025/8/17 22:51:27,corridor
2025/8/17 22:51:31,side
2025/8/17 22:58:31,corridor
2025/8/17 22:58:31,middle
2025/8/17 22:58:41,corridor
2025/8/17 22:58:42,side
2025/8/17 23:02:55,corridor
2025/8/17 23:02:55,middle
2025/8/17 23:02:55,corridor
2025/8/17 23:02:57,side
2025/8/17 23:13:32,corridor
2025/8/17 23:13:32,middle
2025/8/17 23:13:32,mid-sep
2025/8/17 23:13:32,middle
2025/8/17 23:13:34,corridor
2025/8/17 23:13:35,side
2025/8/17 23:18:43,corridor
2025/8/17 23:18:44,middle
2025/8/17 23:18:45,mid-sep
2025/8/17 23:18:46,middle
2025/8/17 23:18:47,corridor
2025/8/17 23:18:48,side
2025/8/17 23:20:56,corridor
2025/8/17 23:20:56,middle
2025/8/17 23:21:35,mid-sep
2025/8/17 23:21:47,middle
2025/8/17 23:22:12,corridor
2025/8/17 23:22:24,side
2025/8/17 23:28:44,corridor
2025/8/17 23:29:00,middle
2025/8/17 23:29:07,mid-sep
2025/8/17 23:29:12,middle
2025/8/17 23:29:33,mid-sep
2025/8/17 23:29:44,middle
2025/8/17 23:29:52,mid-sep
2025/8/17 23:30:05,middle
2025/8/17 23:30:13,corridor
2025/8/17 23:30:15,side
2025/8/17 23:32:44,corridor
2025/8/17 23:32:47,middle
2025/8/17 23:33:23,mid-sep
2025/8/17 23:33:28,middle
2025/8/17 23:33:37,mid-sep
2025/8/17 23:33:39,middle
2025/8/17 23:33:51,mid-sep
2025/8/17 23:33:52,middle
2025/8/17 23:33:53,corridor
2025/8/17 23:33:53,side
2025/8/17 23:42:47,corridor
2025/8/17 23:43:05,middle
2025/8/17 23:43:53,mid-sep
2025/8/17 23:44:06,middle
2025/8/17 23:44:07,corridor
2025/8/17 23:44:08,side
2025/8/17 23:46:40,corridor
2025/8/17 23:46:44,side
2025/8/17 23:50:38,corridor
2025/8/17 23:50:40,middle
2025/8/17 23:50:42,corridor
2025/8/17 23:50:43,side
2025/8/18 0:05:52,corridor
2025/8/18 0:05:54,middle
2025/8/18 0:05:54,mid-sep
2025/8/18 0:05:58,middle
2025/8/18 0:06:35,corridor
2025/8/18 0:06:36,side
2025/8/18 0:08:50,corridor
2025/8/18 0:08:50,middle
2025/8/18 0:08:51,corridor
2025/8/18 0:08:55,side
2025/8/18 0:11:00,corridor
2025/8/18 0:11:01,middle
2025/8/18 0:11:28,mid-sep
2025/8/18 0:11:50,middle
2025/8/18 0:11:52,corridor
2025/8/18 0:11:53,side
2025/8/18 0:14:54,corridor
2025/8/18 0:14:54,middle
2025/8/18 0:14:54,mid-sep
2025/8/18 0:14:55,middle
2025/8/18 0:14:56,corridor
2025/8/18 0:14:57,side
2025/8/18 0:16:56,corridor
2025/8/18 0:17:01,middle
2025/8/18 0:17:37,mid-sep
2025/8/18 0:17:57,middle
2025/8/18 0:18:01,corridor
2025/8/18 0:18:03,side
2025/8/18 0:21:01,corridor
2025/8/18 0:21:03,middle
2025/8/18 0:21:05,mid-sep
2025/8/18 0:21:50,middle
2025/8/18 0:22:15,mid-sep
2025/8/18 0:23:06,middle
2025/8/18 0:24:23,corridor
2025/8/18 0:24:29,side
2025/8/18 0:26:48,corridor
2025/8/18 0:26:49,middle
2025/8/18 0:26:50,mid-sep
2025/8/18 0:26:55,middle
2025/8/18 0:27:39,mid-sep
2025/8/18 0:28:16,middle
2025/8/18 0:28:21,mid-sep
2025/8/18 0:29:47,middle
2025/8/18 0:31:49,corridor
2025/8/18 0:31:49,side
2025/8/18 0:32:08,corridor
2025/8/18 0:32:09,middle
2025/8/18 0:32:10,mid-sep
2025/8/18 0:32:59,middle
2025/8/18 0:33:03,corridor
2025/8/18 0:33:06,side
2025/8/18 0:38:43,corridor
2025/8/18 0:38:44,middle
2025/8/18 0:40:33,mid-sep
2025/8/18 0:40:39,middle
2025/8/18 0:40:43,corridor
2025/8/18 0:40:44,side
2025/8/18 0:44:43,corridor
2025/8/18 0:44:45,middle
2025/8/18 0:44:46,mid-sep
2025/8/18 0:44:48,middle
2025/8/18 0:45:56,corridor
2025/8/18 0:45:57,side
2025/8/18 0:46:18,corridor
2025/8/18 0:46:19,middle
2025/8/18 0:46:25,corridor
2025/8/18 0:46:31,side
2025/8/18 0:46:47,corridor
2025/8/18 0:46:47,middle
2025/8/18 0:46:49,mid-sep
2025/8/18 0:49:02,middle
2025/8/18 0:50:02,mid-sep
2025/8/18 0:50:45,middle
2025/8/18 0:51:24,mid-sep
2025/8/18 0:53:20,middle
2025/8/18 0:53:51,mid-sep
2025/8/18 0:54:31,middle
2025/8/18 0:54:58,corridor
2025/8/18 0:55:00,side
2025/8/18 1:04:09,corridor
2025/8/18 1:04:10,middle
2025/8/18 1:05:33,mid-sep
2025/8/18 1:05:40,middle
2025/8/18 1:06:15,corridor
2025/8/18 1:06:16,side
2025/8/18 2:02:29,corridor
2025/8/18 2:02:32,middle
2025/8/18 2:02:34,mid-sep
2025/8/18 2:02:40,middle
2025/8/18 2:05:20,corridor
2025/8/18 2:05:22,side
2025/8/18 2:32:09,corridor
2025/8/18 2:32:10,middle
2025/8/18 2:32:18,mid-sep
2025/8/18 2:32:37,middle
2025/8/18 2:32:59,corridor
2025/8/18 2:33:00,side
2025/8/18 2:33:52,corridor
2025/8/18 2:33:53,middle
2025/8/18 2:33:56,corridor
2025/8/18 2:33:58,side
2025/8/18 2:34:59,corridor
2025/8/18 2:35:00,middle
2025/8/18 2:35:01,mid-sep
2025/8/18 2:35:11,middle
2025/8/18 2:35:26,mid-sep
2025/8/18 2:35:30,middle
2025/8/18 2:35:33,corridor
2025/8/18 2:35:34,side
2025/8/18 2:38:10,corridor
2025/8/18 2:38:11,middle
2025/8/18 2:38:11,mid-sep
2025/8/18 2:38:12,middle
2025/8/18 2:39:29,mid-sep
2025/8/18 2:39:32,middle
2025/8/18 2:39:44,mid-sep
2025/8/18 2:40:13,corridor
2025/8/18 2:40:14,side
2025/8/18 2:43:16,corridor
2025/8/18 2:43:18,middle
2025/8/18 2:43:19,mid-sep
2025/8/18 2:43:19,middle
2025/8/18 2:43:19,corridor
2025/8/18 2:43:20,side
2025/8/18 2:48:14,corridor
2025/8/18 2:48:14,side
2025/8/18 2:51:40,corridor
2025/8/18 2:51:40,side
2025/8/18 2:53:37,corridor
2025/8/18 2:53:39,middle
2025/8/18 2:53:39,mid-sep
2025/8/18 2:53:40,middle
2025/8/18 2:54:27,mid-sep
2025/8/18 2:54:45,middle
2025/8/18 2:54:46,corridor
2025/8/18 2:54:49,side
2025/8/18 2:56:01,corridor
2025/8/18 2:56:02,middle
2025/8/18 2:56:02,mid-sep
2025/8/18 2:56:02,middle
2025/8/18 2:56:04,corridor
2025/8/18 2:56:05,side
2025/8/18 2:56:48,corridor
2025/8/18 2:56:49,middle
2025/8/18 2:56:51,corridor
2025/8/18 2:56:51,side
2025/8/18 2:57:04,corridor
2025/8/18 2:57:05,middle
2025/8/18 2:57:12,mid-sep
2025/8/18 2:58:40,middle
2025/8/18 3:00:07,mid-sep
2025/8/18 3:02:42,middle
2025/8/18 3:03:00,mid-sep
2025/8/18 3:04:19,middle
2025/8/18 3:04:21,corridor
2025/8/18 3:04:22,side
2025/8/18 3:09:13,corridor
2025/8/18 3:09:14,middle
2025/8/18 3:09:16,corridor
2025/8/18 3:09:16,side
2025/8/18 3:09:45,corridor
2025/8/18 3:09:46,middle
2025/8/18 3:09:46,mid-sep
2025/8/18 3:09:47,middle
2025/8/18 3:12:04,corridor
2025/8/18 3:12:08,side
2025/8/18 4:25:52,corridor
2025/8/18 4:25:53,middle
2025/8/18 4:25:54,mid-sep
2025/8/18 4:25:54,middle
2025/8/18 4:31:48,corridor
2025/8/18 4:31:53,side
2025/8/18 4:37:23,corridor
2025/8/18 4:37:24,middle
2025/8/18 4:38:55,mid-sep
2025/8/18 4:39:02,middle
2025/8/18 4:39:03,corridor
2025/8/18 4:39:08,side
2025/8/18 4:39:24,corridor
2025/8/18 4:39:25,middle
2025/8/18 4:39:25,mid-sep
2025/8/18 4:39:26,middle
2025/8/18 4:39:33,corridor
2025/8/18 4:39:34,side
2025/8/18 5:04:42,corridor
2025/8/18 5:04:43,middle
2025/8/18 5:04:44,mid-sep
2025/8/18 5:04:46,middle
2025/8/18 5:09:01,mid-sep
2025/8/18 5:09:07,middle
2025/8/18 5:09:09,corridor
2025/8/18 5:09:12,side
2025/8/18 5:11:43,corridor
2025/8/18 5:11:43,side
2025/8/18 5:12:12,corridor
2025/8/18 5:12:14,side
2025/8/18 5:15:59,corridor
2025/8/18 5:15:59,side
2025/8/18 5:21:06,corridor
2025/8/18 5:21:07,middle
2025/8/18 5:21:07,mid-sep
2025/8/18 5:21:07,middle
2025/8/18 5:21:07,corridor
2025/8/18 5:21:07,side
2025/8/18 5:36:36,corridor
2025/8/18 5:36:36,middle
2025/8/18 5:36:39,mid-sep
2025/8/18 5:36:41,middle
2025/8/18 5:36:44,corridor
2025/8/18 5:36:45,side
2025/8/18 5:42:14,corridor
2025/8/18 5:42:28,middle
2025/8/18 5:42:28,mid-sep
2025/8/18 5:42:30,middle
2025/8/18 5:42:31,corridor
2025/8/18 5:42:33,side
2025/8/18 5:52:13,corridor
2025/8/18 5:52:14,side
2025/8/18 5:55:54,corridor
2025/8/18 5:55:55,middle
2025/8/18 5:55:55,corridor
2025/8/18 5:55:56,side
2025/8/18 6:10:03,corridor
2025/8/18 6:10:04,middle
2025/8/18 6:10:05,mid-sep
2025/8/18 6:10:12,middle
2025/8/18 6:10:15,corridor
2025/8/18 6:10:22,side
2025/8/18 15:13:37,corridor
2025/8/18 15:13:39,middle
2025/8/18 15:13:41,mid-sep
2025/8/18 15:13:42,middle
2025/8/18 15:13:43,mid-sep
2025/8/18 15:13:44,middle
2025/8/18 15:13:51,mid-sep
2025/8/18 15:13:53,middle
2025/8/18 15:13:53,mid-sep
2025/8/18 15:13:54,middle
2025/8/18 15:13:57,corridor
2025/8/18 15:14:00,side
2025/8/18 15:15:14,corridor
2025/8/18 15:15:16,middle
2025/8/18 15:15:18,mid-sep
2025/8/18 15:15:18,middle
2025/8/18 15:15:23,mid-sep
2025/8/18 15:15:24,middle
2025/8/18 15:15:31,mid-sep
2025/8/18 15:15:31,middle
2025/8/18 15:15:32,mid-sep
2025/8/18 15:15:32,middle
2025/8/18 15:15:33,mid-sep
2025/8/18 15:15:34,middle
2025/8/18 15:15:38,mid-sep
2025/8/18 15:15:38,middle
2025/8/18 15:15:38,mid-sep
2025/8/18 15:15:38,middle
2025/8/18 15:15:39,mid-sep
2025/8/18 15:15:39,middle
2025/8/18 15:15:40,mid-sep
2025/8/18 15:15:40,middle
2025/8/18 15:15:40,mid-sep
2025/8/18 15:15:41,middle
2025/8/18 15:15:46,corridor
2025/8/18 15:15:48,side
2025/8/18 18:06:22,corridor
2025/8/18 18:06:23,middle
2025/8/18 18:06:25,corridor
2025/8/18 18:06:26,side
2025/8/18 18:26:20,corridor
2025/8/18 18:26:20,middle
2025/8/18 18:26:21,mid-sep
2025/8/18 18:26:23,middle
2025/8/18 18:26:23,corridor
2025/8/18 18:26:26,side
2025/8/18 18:41:21,corridor
2025/8/18 18:41:22,middle
2025/8/18 18:41:23,corridor
2025/8/18 18:41:24,side
2025/8/18 18:42:03,corridor
2025/8/18 18:42:05,middle
2025/8/18 18:42:05,mid-sep
2025/8/18 18:42:05,middle
2025/8/18 18:42:45,corridor
2025/8/18 18:42:46,side
2025/8/18 19:04:36,corridor
2025/8/18 19:04:36,middle
2025/8/18 19:04:52,mid-sep
2025/8/18 19:04:53,middle
2025/8/18 19:04:55,corridor
2025/8/18 19:04:56,side
2025/8/18 19:06:28,corridor
2025/8/18 19:06:29,middle
2025/8/18 19:06:31,mid-sep
2025/8/18 19:06:33,middle
2025/8/18 19:06:54,corridor
2025/8/18 19:06:56,side
2025/8/18 19:10:08,corridor
2025/8/18 19:10:09,middle
2025/8/18 19:10:36,corridor
2025/8/18 19:10:37,side
2025/8/18 19:10:57,corridor
2025/8/18 19:11:02,side
2025/8/18 19:14:41,corridor
2025/8/18 19:14:41,middle
2025/8/18 19:14:55,mid-sep
2025/8/18 19:14:58,middle
2025/8/18 19:15:41,corridor
2025/8/18 19:15:43,side
2025/8/18 19:19:27,corridor
2025/8/18 19:19:28,middle
2025/8/18 19:19:29,mid-sep
2025/8/18 19:19:30,middle
2025/8/18 19:19:31,corridor
2025/8/18 19:19:31,side
2025/8/18 19:21:56,corridor
2025/8/18 19:21:56,middle
2025/8/18 19:21:56,mid-sep
2025/8/18 19:21:57,middle
2025/8/18 19:21:58,corridor
2025/8/18 19:21:59,side
2025/8/18 19:22:44,corridor
2025/8/18 19:22:45,middle
2025/8/18 19:23:09,mid-sep
2025/8/18 19:23:11,middle
2025/8/18 19:23:11,corridor
2025/8/18 19:23:12,side
2025/8/18 19:28:27,corridor
2025/8/18 19:28:28,middle
2025/8/18 19:29:03,mid-sep
2025/8/18 19:29:04,middle
2025/8/18 19:29:13,corridor
2025/8/18 19:29:15,side
2025/8/18 19:30:54,corridor
2025/8/18 19:30:55,middle
2025/8/18 19:31:11,mid-sep
2025/8/18 19:31:13,middle
2025/8/18 19:31:14,corridor
2025/8/18 19:31:14,side
2025/8/18 19:35:44,corridor
2025/8/18 19:35:45,middle
2025/8/18 19:36:09,mid-sep
2025/8/18 19:36:10,middle
2025/8/18 19:36:11,corridor
2025/8/18 19:36:11,side
2025/8/18 19:36:25,corridor
2025/8/18 19:36:25,middle
2025/8/18 19:36:50,mid-sep
2025/8/18 19:36:51,middle
2025/8/18 19:36:55,corridor
2025/8/18 19:36:56,side
2025/8/18 19:44:12,corridor
2025/8/18 19:44:12,middle
2025/8/18 19:44:13,corridor
2025/8/18 19:44:14,side
2025/8/18 19:47:27,corridor
2025/8/18 19:47:32,middle
2025/8/18 19:48:15,mid-sep
2025/8/18 19:48:16,middle
2025/8/18 19:48:17,corridor
2025/8/18 19:48:18,side
2025/8/18 19:56:41,corridor
2025/8/18 19:56:42,middle
2025/8/18 19:57:08,mid-sep
2025/8/18 19:57:08,middle
2025/8/18 19:57:09,corridor
2025/8/18 19:57:10,side
2025/8/18 19:57:23,corridor
2025/8/18 19:57:26,middle
2025/8/18 19:57:55,mid-sep
2025/8/18 19:57:56,middle
2025/8/18 19:58:06,corridor
2025/8/18 19:58:07,side
2025/8/18 20:01:29,corridor
2025/8/18 20:01:31,middle
2025/8/18 20:01:46,corridor
2025/8/18 20:01:46,side
2025/8/18 20:04:26,corridor
2025/8/18 20:04:27,middle
2025/8/18 20:04:27,mid-sep
2025/8/18 20:04:28,middle
2025/8/18 20:04:28,corridor
2025/8/18 20:04:31,side
2025/8/18 20:06:51,corridor
2025/8/18 20:06:53,middle
2025/8/18 20:06:56,corridor
2025/8/18 20:06:57,side
2025/8/18 20:09:17,corridor
2025/8/18 20:09:18,middle
2025/8/18 20:09:19,mid-sep
2025/8/18 20:09:19,middle
2025/8/18 20:10:45,mid-sep
2025/8/18 20:10:46,middle
2025/8/18 20:10:47,corridor
2025/8/18 20:10:47,side
2025/8/18 20:19:22,corridor
2025/8/18 20:19:23,middle
2025/8/18 20:19:44,mid-sep
2025/8/18 20:19:48,middle
2025/8/18 20:20:17,corridor
2025/8/18 20:20:18,side
2025/8/18 20:24:36,corridor
2025/8/18 20:24:39,side
2025/8/18 20:27:48,corridor
2025/8/18 20:27:51,side
2025/8/18 20:30:13,corridor
2025/8/18 20:30:16,middle
2025/8/18 20:30:36,corridor
2025/8/18 20:30:36,side
2025/8/18 20:36:54,corridor
2025/8/18 20:36:56,middle
2025/8/18 20:37:12,mid-sep
2025/8/18 20:37:14,middle
2025/8/18 20:37:14,corridor
2025/8/18 20:37:14,side
2025/8/18 20:39:44,corridor
2025/8/18 20:39:46,middle
2025/8/18 20:40:01,corridor
2025/8/18 20:40:02,side
2025/8/18 20:44:38,corridor
2025/8/18 20:44:39,middle
2025/8/18 20:44:56,corridor
2025/8/18 20:44:57,side
2025/8/18 20:51:32,corridor
2025/8/18 20:51:33,middle
2025/8/18 20:52:08,mid-sep
2025/8/18 20:52:09,middle
2025/8/18 20:52:11,corridor
2025/8/18 20:52:11,side
2025/8/18 20:57:36,corridor
2025/8/18 20:57:37,middle
2025/8/18 20:57:40,mid-sep
2025/8/18 20:57:54,middle
2025/8/18 20:58:42,corridor
2025/8/18 20:58:43,side
2025/8/18 21:03:20,corridor
2025/8/18 21:03:21,middle
2025/8/18 21:04:02,mid-sep
2025/8/18 21:04:03,middle
2025/8/18 21:04:03,corridor
2025/8/18 21:04:04,side
2025/8/18 21:06:47,corridor
2025/8/18 21:06:48,middle
2025/8/18 21:06:56,corridor
2025/8/18 21:06:57,side
2025/8/18 21:09:42,corridor
2025/8/18 21:09:43,middle
2025/8/18 21:09:43,mid-sep
2025/8/18 21:09:45,middle
2025/8/18 21:09:55,corridor
2025/8/18 21:09:56,side
2025/8/18 21:14:46,corridor
2025/8/18 21:14:47,middle
2025/8/18 21:16:03,corridor
2025/8/18 21:16:04,side
2025/8/18 21:21:17,corridor
2025/8/18 21:21:18,middle
2025/8/18 21:21:19,mid-sep
2025/8/18 21:21:20,middle
2025/8/18 21:21:38,mid-sep
2025/8/18 21:21:39,middle
2025/8/18 21:21:39,corridor
2025/8/18 21:21:40,side
2025/8/18 21:30:52,corridor
2025/8/18 21:30:52,middle
2025/8/18 21:31:30,corridor
2025/8/18 21:31:32,side
2025/8/18 21:33:06,corridor
2025/8/18 21:33:07,middle
2025/8/18 21:33:08,mid-sep
2025/8/18 21:33:11,middle
2025/8/18 21:33:12,corridor
2025/8/18 21:33:13,side
2025/8/18 21:38:14,corridor
2025/8/18 21:38:15,middle
2025/8/18 21:38:15,mid-sep
2025/8/18 21:38:16,middle
2025/8/18 21:39:15,corridor
2025/8/18 21:39:16,side
2025/8/18 21:42:07,corridor
2025/8/18 21:42:08,middle
2025/8/18 21:42:08,mid-sep
2025/8/18 21:42:08,middle
2025/8/18 21:42:10,corridor
2025/8/18 21:42:11,side
2025/8/18 21:47:49,corridor
2025/8/18 21:47:56,middle
2025/8/18 21:48:01,mid-sep
2025/8/18 21:48:04,middle
2025/8/18 21:48:11,corridor
2025/8/18 21:48:11,side
2025/8/18 21:50:36,corridor
2025/8/18 21:50:37,middle
2025/8/18 21:50:37,mid-sep
2025/8/18 21:50:37,middle
2025/8/18 21:50:38,corridor
2025/8/18 21:50:39,side
2025/8/18 21:50:54,corridor
2025/8/18 21:50:54,middle
2025/8/18 21:50:55,corridor
2025/8/18 21:50:56,side
2025/8/18 21:56:59,corridor
2025/8/18 21:56:59,middle
2025/8/18 21:56:59,mid-sep
2025/8/18 21:57:00,middle
2025/8/18 21:57:01,corridor
2025/8/18 21:57:02,side
2025/8/18 22:02:39,corridor
2025/8/18 22:02:39,middle
2025/8/18 22:02:39,mid-sep
2025/8/18 22:02:39,middle
2025/8/18 22:03:16,corridor
2025/8/18 22:03:19,side
2025/8/18 22:11:31,corridor
2025/8/18 22:11:32,middle
2025/8/18 22:11:32,corridor
2025/8/18 22:11:33,side
2025/8/18 22:18:34,corridor
2025/8/18 22:18:34,middle
2025/8/18 22:21:11,mid-sep
2025/8/18 22:21:14,middle
2025/8/18 22:24:29,mid-sep
2025/8/18 22:24:49,middle
2025/8/18 22:25:20,mid-sep
2025/8/18 22:25:23,middle
2025/8/18 22:25:40,corridor
2025/8/18 22:25:40,side
2025/8/18 22:29:51,corridor
2025/8/18 22:29:51,middle
2025/8/18 22:29:54,mid-sep
2025/8/18 22:30:12,middle
2025/8/18 22:30:12,corridor
2025/8/18 22:30:13,side
2025/8/18 22:33:05,corridor
2025/8/18 22:33:06,middle
2025/8/18 22:33:07,mid-sep
2025/8/18 22:33:15,middle
2025/8/18 22:33:16,corridor
2025/8/18 22:33:17,side
2025/8/18 22:37:39,corridor
2025/8/18 22:37:39,middle
2025/8/18 22:38:04,corridor
2025/8/18 22:38:05,side
2025/8/18 22:45:52,corridor
2025/8/18 22:45:53,side
2025/8/18 22:51:40,corridor
2025/8/18 22:51:41,middle
2025/8/18 22:54:30,corridor
2025/8/18 22:54:31,side
2025/8/18 23:02:08,corridor
2025/8/18 23:02:09,middle
2025/8/18 23:02:09,mid-sep
2025/8/18 23:02:09,middle
2025/8/18 23:02:15,corridor
2025/8/18 23:02:15,side
2025/8/18 23:04:41,corridor
2025/8/18 23:04:41,middle
2025/8/18 23:04:42,mid-sep
2025/8/18 23:04:42,middle
2025/8/18 23:04:43,corridor
2025/8/18 23:04:43,side
2025/8/18 23:25:33,corridor
2025/8/18 23:25:33,middle
2025/8/18 23:25:34,mid-sep
2025/8/18 23:25:46,middle
2025/8/18 23:25:49,corridor
2025/8/18 23:25:50,side
2025/8/18 23:32:33,corridor
2025/8/18 23:32:33,middle
2025/8/18 23:32:33,mid-sep
2025/8/18 23:32:34,middle
2025/8/18 23:32:34,side
2025/8/18 23:38:35,corridor
2025/8/18 23:38:35,middle
2025/8/18 23:38:35,mid-sep
2025/8/18 23:38:36,middle
2025/8/18 23:39:17,corridor
2025/8/18 23:39:18,side
2025/8/18 23:45:44,corridor
2025/8/18 23:45:44,middle
2025/8/18 23:46:24,mid-sep
2025/8/18 23:46:47,middle
2025/8/18 23:48:06,mid-sep
2025/8/18 23:48:17,middle
2025/8/18 23:48:22,corridor
2025/8/18 23:48:24,side
2025/8/18 23:57:32,corridor
2025/8/18 23:57:32,middle
2025/8/18 23:57:33,mid-sep
2025/8/18 23:57:33,middle
2025/8/18 23:57:34,corridor
2025/8/18 23:57:35,side
2025/8/19 0:03:23,corridor
2025/8/19 0:03:24,middle
2025/8/19 0:03:53,mid-sep
2025/8/19 0:03:59,middle
2025/8/19 0:03:59,corridor
2025/8/19 0:04:01,side
2025/8/19 0:07:54,corridor
2025/8/19 0:07:54,middle
2025/8/19 0:08:12,corridor
2025/8/19 0:08:13,side
2025/8/19 0:09:37,corridor
2025/8/19 0:09:37,middle
2025/8/19 0:09:39,mid-sep
2025/8/19 0:09:39,middle
2025/8/19 0:10:27,corridor
2025/8/19 0:10:28,side
2025/8/19 0:16:06,corridor
2025/8/19 0:16:06,middle
2025/8/19 0:17:41,mid-sep
2025/8/19 0:17:54,middle
2025/8/19 0:17:55,corridor
2025/8/19 0:17:56,side
2025/8/19 0:21:19,corridor
2025/8/19 0:21:20,middle
2025/8/19 0:21:20,mid-sep
2025/8/19 0:21:42,middle
2025/8/19 0:21:43,corridor
2025/8/19 0:21:44,side
2025/8/19 0:26:39,corridor
2025/8/19 0:26:39,middle
2025/8/19 0:26:39,mid-sep
2025/8/19 0:26:39,middle
2025/8/19 0:26:41,corridor
2025/8/19 0:26:48,side
2025/8/19 0:30:01,corridor
2025/8/19 0:30:01,middle
2025/8/19 0:30:02,mid-sep
2025/8/19 0:30:15,middle
2025/8/19 0:30:16,corridor
2025/8/19 0:30:17,side
2025/8/19 0:30:57,corridor
2025/8/19 0:30:57,middle
2025/8/19 0:34:03,corridor
2025/8/19 0:34:04,side
2025/8/19 0:37:51,corridor
2025/8/19 0:37:52,middle
2025/8/19 0:39:01,corridor
2025/8/19 0:39:01,side
2025/8/19 0:43:47,corridor
2025/8/19 0:43:51,side
2025/8/19 0:52:09,corridor
2025/8/19 0:52:10,middle
2025/8/19 0:52:41,corridor
2025/8/19 0:52:41,side
2025/8/19 0:52:59,corridor
2025/8/19 0:53:00,middle
2025/8/19 0:53:53,mid-sep
2025/8/19 0:54:00,middle
2025/8/19 0:54:01,corridor
2025/8/19 0:54:01,side
2025/8/19 0:59:51,corridor
2025/8/19 0:59:52,middle
2025/8/19 0:59:53,corridor
2025/8/19 0:59:54,side
2025/8/19 1:02:16,corridor
2025/8/19 1:02:17,middle
2025/8/19 1:04:13,corridor
2025/8/19 1:04:14,side
2025/8/19 1:04:33,corridor
2025/8/19 1:04:34,middle
2025/8/19 1:04:38,mid-sep
2025/8/19 1:05:10,middle
2025/8/19 1:05:13,corridor
2025/8/19 1:05:15,side
2025/8/19 1:08:28,corridor
2025/8/19 1:08:56,middle
2025/8/19 1:08:58,mid-sep
2025/8/19 1:08:59,middle
2025/8/19 1:09:05,corridor
2025/8/19 1:09:06,side
2025/8/19 1:20:43,corridor
2025/8/19 1:20:44,middle
2025/8/19 1:22:37,corridor
2025/8/19 1:22:38,side
2025/8/19 1:26:26,corridor
2025/8/19 1:26:31,middle
2025/8/19 1:26:36,mid-sep
2025/8/19 1:26:41,middle
2025/8/19 1:26:48,mid-sep
2025/8/19 1:26:51,middle
2025/8/19 1:26:57,corridor
2025/8/19 1:26:58,side
2025/8/19 1:27:01,corridor
2025/8/19 1:27:02,middle
2025/8/19 1:27:07,mid-sep
2025/8/19 1:27:12,middle
2025/8/19 1:28:29,mid-sep
2025/8/19 1:29:01,middle
2025/8/19 1:29:17,mid-sep
2025/8/19 1:31:16,middle
2025/8/19 1:31:16,corridor
2025/8/19 1:31:16,side
2025/8/19 1:36:11,corridor
2025/8/19 1:36:18,side
2025/8/19 1:38:25,middle
2025/8/19 1:38:44,mid-sep
2025/8/19 1:38:51,middle
2025/8/19 1:42:00,corridor
2025/8/19 1:42:01,side
2025/8/19 1:44:01,corridor
2025/8/19 1:44:02,side
2025/8/19 1:57:28,corridor
2025/8/19 1:57:30,side
2025/8/19 2:02:47,corridor
2025/8/19 2:02:51,middle
2025/8/19 2:02:56,mid-sep
2025/8/19 2:02:57,middle
2025/8/19 2:02:57,corridor
2025/8/19 2:02:58,side
2025/8/19 2:05:03,corridor
2025/8/19 2:05:04,side
2025/8/19 2:09:08,corridor
2025/8/19 2:09:10,middle
2025/8/19 2:09:10,mid-sep
2025/8/19 2:09:11,middle
2025/8/19 2:15:05,mid-sep
2025/8/19 2:15:25,middle
2025/8/19 2:15:27,corridor
2025/8/19 2:15:29,side
2025/8/19 2:48:56,corridor
2025/8/19 2:48:56,middle
2025/8/19 2:48:59,mid-sep
2025/8/19 2:49:00,middle
2025/8/19 2:49:12,corridor
2025/8/19 2:49:16,middle
2025/8/19 2:49:16,mid-sep
2025/8/19 2:49:18,middle
2025/8/19 2:49:39,corridor
2025/8/19 2:49:40,side
2025/8/19 3:24:36,corridor
2025/8/19 3:24:38,middle
2025/8/19 3:24:39,mid-sep
2025/8/19 3:24:39,middle
2025/8/19 3:27:40,corridor
2025/8/19 3:27:41,side
2025/8/19 4:18:34,corridor
2025/8/19 4:18:35,middle
2025/8/19 4:23:12,mid-sep
2025/8/19 4:23:30,middle
2025/8/19 4:26:10,mid-sep
2025/8/19 4:26:16,middle
2025/8/19 4:26:25,corridor
2025/8/19 4:26:28,side
2025/8/19 4:32:39,corridor
2025/8/19 4:32:41,side
2025/8/19 4:38:55,corridor
2025/8/19 4:38:56,middle
2025/8/19 4:39:10,mid-sep
2025/8/19 4:39:17,middle
2025/8/19 4:39:18,corridor
2025/8/19 4:39:19,side
2025/8/19 4:41:10,corridor
2025/8/19 4:41:12,middle
2025/8/19 4:41:46,mid-sep
2025/8/19 4:41:56,middle
2025/8/19 4:43:04,corridor
2025/8/19 4:43:04,side
2025/8/19 4:45:45,corridor
2025/8/19 4:45:47,middle
2025/8/19 4:47:44,mid-sep
2025/8/19 4:47:54,middle
2025/8/19 4:48:45,corridor
2025/8/19 4:48:46,side
2025/8/19 4:58:37,corridor
2025/8/19 4:58:39,side
2025/8/19 5:13:35,corridor
2025/8/19 5:13:37,middle
2025/8/19 5:18:16,corridor
2025/8/19 5:18:17,side
2025/8/19 6:15:18,corridor
2025/8/19 6:15:20,middle
2025/8/19 6:15:20,mid-sep
2025/8/19 6:15:21,middle
2025/8/19 6:16:36,mid-sep
2025/8/19 6:16:41,middle
2025/8/19 6:18:04,mid-sep
2025/8/19 6:18:06,middle
2025/8/19 6:18:07,corridor
2025/8/19 6:18:08,side
2025/8/19 6:19:12,corridor
2025/8/19 6:19:13,middle
2025/8/19 6:19:14,mid-sep
2025/8/19 6:19:15,middle
2025/8/19 6:19:44,corridor
2025/8/19 6:19:47,side
2025/8/19 6:25:00,corridor
2025/8/19 6:25:01,middle
2025/8/19 6:25:02,mid-sep
2025/8/19 6:25:03,middle
2025/8/19 6:25:09,mid-sep
2025/8/19 6:25:21,middle
2025/8/19 6:25:31,mid-sep
2025/8/19 6:25:59,middle
2025/8/19 6:26:16,corridor
2025/8/19 6:26:17,side
2025/8/19 6:32:48,corridor
2025/8/19 6:32:51,side
2025/8/19 6:46:16,corridor
2025/8/19 6:46:19,middle
2025/8/19 6:49:23,corridor
2025/8/19 6:49:24,side
2025/8/19 7:52:50,corridor
2025/8/19 7:52:50,middle
2025/8/19 7:52:50,mid-sep
2025/8/19 7:52:52,middle
2025/8/19 7:57:23,mid-sep
2025/8/19 7:57:30,middle
2025/8/19 7:57:57,corridor
2025/8/19 7:58:08,middle
2025/8/19 7:58:09,mid-sep
2025/8/19 7:58:14,middle
2025/8/19 7:58:20,mid-sep
2025/8/19 7:58:41,middle
2025/8/19 7:59:21,mid-sep
2025/8/19 7:59:30,middle
2025/8/19 7:59:52,corridor
2025/8/19 7:59:56,side
2025/8/19 11:50:03,corridor
2025/8/19 11:50:05,middle
2025/8/19 11:50:06,mid-sep
2025/8/19 11:50:14,middle
2025/8/19 11:53:45,mid-sep
2025/8/19 11:53:54,middle
2025/8/19 11:54:27,corridor
2025/8/19 11:54:31,side
2025/8/19 14:37:49,corridor
2025/8/19 14:37:51,middle
2025/8/19 14:42:09,corridor
2025/8/19 14:42:11,side
2025/8/19 16:56:13,corridor
2025/8/19 16:56:13,middle
2025/8/19 16:56:14,mid-sep
2025/8/19 16:56:17,middle
2025/8/19 16:56:18,corridor
2025/8/19 16:56:22,side
2025/8/19 18:26:53,corridor
2025/8/19 18:26:53,middle
2025/8/19 18:27:33,mid-sep
2025/8/19 18:27:39,middle
2025/8/19 18:27:40,corridor
2025/8/19 18:27:42,side
2025/8/19 18:37:49,corridor
2025/8/19 18:37:50,middle
2025/8/19 18:38:20,corridor
2025/8/19 18:38:24,side
2025/8/19 18:49:53,corridor
2025/8/19 18:49:54,middle
2025/8/19 18:50:24,corridor
2025/8/19 18:50:25,side
2025/8/19 18:50:49,corridor
2025/8/19 18:50:49,middle
2025/8/19 18:51:02,mid-sep
2025/8/19 18:51:03,middle
2025/8/19 18:51:04,corridor
2025/8/19 18:51:06,side
2025/8/19 19:04:51,corridor
2025/8/19 19:04:55,middle
2025/8/19 19:05:10,corridor
2025/8/19 19:05:10,side
2025/8/19 19:05:32,corridor
2025/8/19 19:05:33,middle
2025/8/19 19:05:34,mid-sep
2025/8/19 19:05:50,middle
2025/8/19 19:06:07,corridor
2025/8/19 19:06:07,side
2025/8/19 19:12:24,corridor
2025/8/19 19:12:25,side
2025/8/19 19:12:47,corridor
2025/8/19 19:12:48,side
2025/8/19 19:14:58,corridor
2025/8/19 19:14:59,middle
2025/8/19 19:15:17,mid-sep
2025/8/19 19:15:18,middle
2025/8/19 19:15:20,corridor
2025/8/19 19:15:21,side
2025/8/19 19:24:47,corridor
2025/8/19 19:24:47,middle
2025/8/19 19:24:48,corridor
2025/8/19 19:24:48,side
2025/8/19 19:28:29,corridor
2025/8/19 19:28:29,middle
2025/8/19 19:28:37,mid-sep
2025/8/19 19:28:38,middle
2025/8/19 19:28:55,mid-sep
2025/8/19 19:29:00,middle
2025/8/19 19:29:02,corridor
2025/8/19 19:29:03,side
2025/8/19 19:31:41,corridor
2025/8/19 19:31:44,side
2025/8/19 19:33:30,corridor
2025/8/19 19:33:32,side
2025/8/19 19:35:46,corridor
2025/8/19 19:35:47,middle
2025/8/19 19:36:00,corridor
2025/8/19 19:36:01,side
2025/8/19 19:45:02,corridor
2025/8/19 19:45:03,middle
2025/8/19 19:45:04,mid-sep
2025/8/19 19:45:20,middle
2025/8/19 19:45:21,corridor
2025/8/19 19:45:21,side
2025/8/19 19:49:18,corridor
2025/8/19 19:49:18,side
2025/8/19 19:52:07,corridor
2025/8/19 19:52:08,side
2025/8/19 19:58:06,corridor
2025/8/19 19:58:07,middle
2025/8/19 19:58:07,corridor
2025/8/19 19:58:08,side
2025/8/19 20:08:19,corridor
2025/8/19 20:08:19,middle
2025/8/19 20:08:19,corridor
2025/8/19 20:08:20,side
2025/8/19 20:17:29,corridor
2025/8/19 20:17:30,middle
2025/8/19 20:17:31,mid-sep
2025/8/19 20:17:31,middle
2025/8/19 20:17:31,corridor
2025/8/19 20:17:37,side
2025/8/19 20:26:57,corridor
2025/8/19 20:26:57,middle
2025/8/19 20:27:27,mid-sep
2025/8/19 20:27:28,middle
2025/8/19 20:27:28,corridor
2025/8/19 20:27:29,side
2025/8/19 20:32:45,corridor
2025/8/19 20:32:45,middle
2025/8/19 20:32:47,corridor
2025/8/19 20:32:48,side
2025/8/19 20:35:03,corridor
2025/8/19 20:35:04,middle
2025/8/19 20:35:04,corridor
2025/8/19 20:35:04,side
2025/8/19 20:42:38,corridor
2025/8/19 20:42:38,middle
2025/8/19 20:42:40,mid-sep
2025/8/19 20:42:40,middle
2025/8/19 20:42:41,corridor
2025/8/19 20:42:42,side
2025/8/19 20:47:56,corridor
2025/8/19 20:47:56,middle
2025/8/19 20:48:59,mid-sep
2025/8/19 20:49:06,middle
2025/8/19 20:49:09,corridor
2025/8/19 20:49:10,side
2025/8/19 20:53:14,corridor
2025/8/19 20:53:15,middle
2025/8/19 20:53:16,mid-sep
2025/8/19 20:53:17,middle
2025/8/19 20:53:40,corridor
2025/8/19 20:53:40,side
2025/8/19 20:53:54,corridor
2025/8/19 20:53:54,middle
2025/8/19 20:53:56,corridor
2025/8/19 20:53:57,side
2025/8/19 20:57:17,corridor
2025/8/19 20:57:20,middle
2025/8/19 20:57:38,mid-sep
2025/8/19 20:57:39,middle
2025/8/19 20:57:40,corridor
2025/8/19 20:57:41,side
2025/8/19 21:03:49,corridor
2025/8/19 21:03:50,middle
2025/8/19 21:03:51,corridor
2025/8/19 21:03:55,side
2025/8/19 21:09:21,corridor
2025/8/19 21:09:22,middle
2025/8/19 21:10:58,mid-sep
2025/8/19 21:11:03,middle
2025/8/19 21:11:08,corridor
2025/8/19 21:11:08,side
2025/8/19 21:11:23,corridor
2025/8/19 21:11:29,middle
2025/8/19 21:11:32,mid-sep
2025/8/19 21:11:44,middle
2025/8/19 21:12:03,corridor
2025/8/19 21:12:04,side
2025/8/19 21:18:00,corridor
2025/8/19 21:18:01,middle
2025/8/19 21:18:06,corridor
2025/8/19 21:18:08,side
2025/8/19 21:21:10,corridor
2025/8/19 21:21:11,middle
2025/8/19 21:21:13,mid-sep
2025/8/19 21:21:28,middle
2025/8/19 21:21:33,corridor
2025/8/19 21:21:33,side
2025/8/19 21:27:59,corridor
2025/8/19 21:27:59,side
2025/8/19 21:31:57,corridor
2025/8/19 21:31:58,middle
2025/8/19 21:32:31,mid-sep
2025/8/19 21:32:41,middle
2025/8/19 21:32:42,corridor
2025/8/19 21:32:43,side
2025/8/19 21:36:01,corridor
2025/8/19 21:36:02,middle
2025/8/19 21:36:03,corridor
2025/8/19 21:36:04,side
2025/8/19 21:39:04,corridor
2025/8/19 21:39:05,middle
2025/8/19 21:39:06,mid-sep
2025/8/19 21:39:13,middle
2025/8/19 21:39:33,mid-sep
2025/8/19 21:39:34,middle
2025/8/19 21:39:41,corridor
2025/8/19 21:39:42,side
2025/8/19 21:49:23,corridor
2025/8/19 21:49:24,middle
2025/8/19 21:49:25,corridor
2025/8/19 21:49:25,side
2025/8/19 21:51:48,corridor
2025/8/19 21:51:49,middle
2025/8/19 21:52:17,corridor
2025/8/19 21:52:18,side
2025/8/19 21:55:33,corridor
2025/8/19 21:55:33,middle
2025/8/19 21:55:44,corridor
2025/8/19 21:55:45,side
2025/8/19 21:58:56,corridor
2025/8/19 21:58:57,middle
2025/8/19 21:58:58,corridor
2025/8/19 21:59:00,side
2025/8/19 22:02:40,corridor
2025/8/19 22:02:41,middle
2025/8/19 22:02:51,mid-sep
2025/8/19 22:02:52,middle
2025/8/19 22:04:25,corridor
2025/8/19 22:04:27,side
2025/8/19 22:06:38,corridor
2025/8/19 22:06:38,middle
2025/8/19 22:07:02,corridor
2025/8/19 22:07:02,side
2025/8/19 22:11:22,corridor
2025/8/19 22:11:23,middle
2025/8/19 22:11:24,corridor
2025/8/19 22:11:25,side
2025/8/19 22:14:03,corridor
2025/8/19 22:14:04,middle
2025/8/19 22:14:05,corridor
2025/8/19 22:14:06,side
2025/8/19 22:16:42,corridor
2025/8/19 22:16:43,middle
2025/8/19 22:17:41,corridor
2025/8/19 22:17:41,side
2025/8/19 22:22:05,corridor
2025/8/19 22:22:05,side
2025/8/19 22:30:53,corridor
2025/8/19 22:30:54,middle
2025/8/19 22:34:47,mid-sep
2025/8/19 22:35:02,middle
2025/8/19 22:35:04,corridor
2025/8/19 22:35:05,side
2025/8/19 22:40:41,corridor
2025/8/19 22:40:44,middle
2025/8/19 22:40:45,mid-sep
2025/8/19 22:40:46,middle
2025/8/19 22:40:56,mid-sep
2025/8/19 22:41:24,middle
2025/8/19 22:41:28,corridor
2025/8/19 22:41:29,side
2025/8/19 22:45:52,corridor
2025/8/19 22:45:53,middle
2025/8/19 22:45:53,corridor
2025/8/19 22:45:57,side
2025/8/19 22:48:53,corridor
2025/8/19 22:48:54,middle
2025/8/19 22:49:43,mid-sep
2025/8/19 22:49:44,middle
2025/8/19 22:49:45,corridor
2025/8/19 22:49:45,side
2025/8/19 22:55:04,corridor
2025/8/19 22:55:05,middle
2025/8/19 22:55:50,corridor
2025/8/19 22:55:51,side
2025/8/19 22:59:38,corridor
2025/8/19 22:59:38,middle
2025/8/19 23:00:07,mid-sep
2025/8/19 23:00:29,middle
2025/8/19 23:00:30,corridor
2025/8/19 23:00:30,side
2025/8/19 23:05:46,corridor
2025/8/19 23:05:47,middle
2025/8/19 23:06:15,corridor
2025/8/19 23:06:16,side
2025/8/19 23:14:10,corridor
2025/8/19 23:14:14,middle
2025/8/19 23:15:02,mid-sep
2025/8/19 23:15:04,middle
2025/8/19 23:15:04,corridor
2025/8/19 23:15:05,side
2025/8/19 23:20:37,corridor
2025/8/19 23:20:38,middle
2025/8/19 23:21:04,corridor
2025/8/19 23:21:05,side
2025/8/19 23:23:35,corridor
2025/8/19 23:23:43,middle
2025/8/19 23:24:01,mid-sep
2025/8/19 23:24:10,middle
2025/8/19 23:24:24,mid-sep
2025/8/19 23:24:27,middle
2025/8/19 23:24:27,corridor
2025/8/19 23:24:28,side
2025/8/19 23:28:49,corridor
2025/8/19 23:29:00,middle
2025/8/19 23:29:26,mid-sep
2025/8/19 23:29:40,middle
2025/8/19 23:29:41,corridor
2025/8/19 23:29:41,side
2025/8/19 23:33:52,corridor
2025/8/19 23:33:57,middle
2025/8/19 23:33:58,mid-sep
2025/8/19 23:33:58,middle
2025/8/19 23:34:00,corridor
2025/8/19 23:34:01,side
2025/8/19 23:42:16,corridor
2025/8/19 23:42:17,middle
2025/8/19 23:42:48,corridor
2025/8/19 23:42:48,side
2025/8/19 23:45:03,corridor
2025/8/19 23:45:07,middle
2025/8/19 23:45:32,mid-sep
2025/8/19 23:46:15,middle
2025/8/19 23:46:16,corridor
2025/8/19 23:46:17,side
2025/8/19 23:50:42,corridor
2025/8/19 23:50:44,middle
2025/8/19 23:50:57,mid-sep
2025/8/19 23:51:30,middle
2025/8/19 23:52:10,corridor
2025/8/19 23:52:12,side
2025/8/19 23:52:32,corridor
2025/8/19 23:52:33,middle
2025/8/19 23:52:34,mid-sep
2025/8/19 23:54:55,middle
2025/8/19 23:55:03,mid-sep
2025/8/19 23:56:06,middle
2025/8/19 23:58:04,corridor
2025/8/19 23:58:05,side
2025/8/20 0:03:57,corridor
2025/8/20 0:03:58,middle
2025/8/20 0:03:58,mid-sep
2025/8/20 0:04:01,middle
2025/8/20 0:06:26,mid-sep
2025/8/20 0:07:23,middle
2025/8/20 0:07:23,corridor
2025/8/20 0:07:24,side
2025/8/20 0:10:24,corridor
2025/8/20 0:10:25,middle
2025/8/20 0:10:27,mid-sep
2025/8/20 0:10:27,middle
2025/8/20 0:10:31,corridor
2025/8/20 0:10:31,side
2025/8/20 0:10:43,corridor
2025/8/20 0:10:43,middle
2025/8/20 0:11:15,corridor
2025/8/20 0:11:16,side
2025/8/20 0:17:02,corridor
2025/8/20 0:17:03,middle
2025/8/20 0:17:03,mid-sep
2025/8/20 0:17:05,middle
2025/8/20 0:17:37,corridor
2025/8/20 0:18:07,side
2025/8/20 0:20:00,corridor
2025/8/20 0:20:03,middle
2025/8/20 0:20:04,corridor
2025/8/20 0:20:11,side
2025/8/20 0:20:59,corridor
2025/8/20 0:21:22,middle
2025/8/20 0:21:23,mid-sep
2025/8/20 0:22:04,middle
2025/8/20 0:22:05,corridor
2025/8/20 0:22:15,side
2025/8/20 0:25:38,corridor
2025/8/20 0:25:40,middle
2025/8/20 0:26:07,corridor
2025/8/20 0:26:23,side
2025/8/20 0:33:22,corridor
2025/8/20 0:33:23,side
2025/8/20 1:31:03,corridor
2025/8/20 1:31:04,middle
2025/8/20 1:31:46,mid-sep
2025/8/20 1:31:51,middle
2025/8/20 1:32:22,mid-sep
2025/8/20 1:32:39,middle
2025/8/20 1:32:47,corridor
2025/8/20 1:32:49,side
2025/8/20 1:33:24,corridor
2025/8/20 1:33:31,middle
2025/8/20 1:33:35,mid-sep
2025/8/20 1:33:40,middle
2025/8/20 1:34:01,corridor
2025/8/20 1:34:05,side
2025/8/20 1:38:53,corridor
2025/8/20 1:38:55,middle
2025/8/20 1:41:02,corridor
2025/8/20 1:41:09,side
2025/8/20 1:42:49,corridor
2025/8/20 1:42:50,middle
2025/8/20 1:42:52,mid-sep
2025/8/20 1:42:56,middle
2025/8/20 1:42:59,corridor
2025/8/20 1:42:59,side
2025/8/20 1:49:50,corridor
2025/8/20 1:49:51,middle
2025/8/20 1:49:51,mid-sep
2025/8/20 1:50:04,middle
2025/8/20 1:50:56,mid-sep
2025/8/20 1:55:17,middle
2025/8/20 1:55:37,corridor
2025/8/20 1:55:40,side
2025/8/20 1:59:00,corridor
2025/8/20 1:59:01,middle
2025/8/20 1:59:01,mid-sep
2025/8/20 1:59:01,middle
2025/8/20 2:00:21,mid-sep
2025/8/20 2:00:35,middle
2025/8/20 2:01:59,mid-sep
2025/8/20 2:03:11,middle
2025/8/20 2:03:17,corridor
2025/8/20 2:03:18,side
2025/8/20 2:13:58,corridor
2025/8/20 2:13:58,middle
2025/8/20 2:14:03,mid-sep
2025/8/20 2:14:25,middle
2025/8/20 2:20:27,corridor
2025/8/20 2:20:28,side
2025/8/20 2:32:11,corridor
2025/8/20 2:32:13,middle
2025/8/20 2:32:16,mid-sep
2025/8/20 2:32:21,middle
2025/8/20 2:32:48,mid-sep
2025/8/20 2:32:52,middle
2025/8/20 2:36:46,mid-sep
2025/8/20 2:37:15,middle
2025/8/20 2:37:23,mid-sep
2025/8/20 2:39:48,middle
2025/8/20 2:39:55,corridor
2025/8/20 2:39:58,side
2025/8/20 3:58:37,corridor
2025/8/20 3:58:39,middle
2025/8/20 3:58:51,mid-sep
2025/8/20 3:58:52,middle
2025/8/20 3:58:56,corridor
2025/8/20 3:58:58,side
2025/8/20 5:53:00,corridor
2025/8/20 5:53:01,middle
2025/8/20 5:53:02,mid-sep
2025/8/20 5:53:09,middle
2025/8/20 5:53:20,corridor
2025/8/20 5:53:23,side
2025/8/20 5:55:08,corridor
2025/8/20 5:55:09,middle
2025/8/20 5:55:15,mid-sep
2025/8/20 5:55:17,middle
2025/8/20 5:55:20,corridor
2025/8/20 5:55:22,middle
2025/8/20 5:55:27,mid-sep
2025/8/20 5:55:44,middle
2025/8/20 5:55:48,corridor
2025/8/20 5:55:49,side
2025/8/20 6:05:09,corridor
2025/8/20 6:05:11,middle
2025/8/20 6:05:13,mid-sep
2025/8/20 6:05:16,middle
2025/8/20 6:05:17,corridor
2025/8/20 6:05:17,side
2025/8/20 6:05:52,corridor
2025/8/20 6:05:53,middle
2025/8/20 6:05:58,mid-sep
2025/8/20 6:05:59,middle
2025/8/20 6:06:02,corridor
2025/8/20 6:06:04,side
2025/8/20 6:10:37,corridor
2025/8/20 6:10:39,middle
2025/8/20 6:10:39,mid-sep
2025/8/20 6:10:40,middle
2025/8/20 6:12:33,corridor
2025/8/20 6:12:36,side
2025/8/20 6:28:05,corridor
2025/8/20 6:28:06,middle
2025/8/20 6:29:15,mid-sep
2025/8/20 6:29:21,middle
2025/8/20 6:29:56,corridor
2025/8/20 6:29:59,side
2025/8/20 11:02:26,corridor
2025/8/20 11:02:27,middle
2025/8/20 11:02:27,mid-sep
2025/8/20 11:02:48,middle
2025/8/20 11:02:58,mid-sep
2025/8/20 11:03:00,middle
2025/8/20 11:03:32,mid-sep
2025/8/20 11:03:51,middle
2025/8/20 11:03:58,mid-sep
2025/8/20 11:04:23,middle
2025/8/20 11:04:40,mid-sep
2025/8/20 11:04:59,middle
2025/8/20 11:05:03,corridor
2025/8/20 11:05:06,side
2025/8/20 15:25:46,corridor
2025/8/20 15:25:48,middle
2025/8/20 15:25:50,mid-sep
2025/8/20 15:25:58,middle
2025/8/20 15:25:59,corridor
2025/8/20 15:26:02,side
2025/8/20 18:15:57,corridor
2025/8/20 18:15:58,middle
2025/8/20 18:15:58,mid-sep
2025/8/20 18:16:03,middle
2025/8/20 18:16:03,corridor
2025/8/20 18:16:04,side
2025/8/20 18:55:55,corridor
2025/8/20 18:55:56,middle
2025/8/20 18:55:56,corridor
2025/8/20 18:55:56,side
2025/8/20 18:56:04,corridor
2025/8/20 18:56:05,side
2025/8/20 19:10:24,corridor
2025/8/20 19:10:25,middle
2025/8/20 19:10:25,mid-sep
2025/8/20 19:10:25,middle
2025/8/20 19:10:37,corridor
2025/8/20 19:10:38,side
2025/8/20 19:10:50,corridor
2025/8/20 19:10:54,middle
2025/8/20 19:10:56,mid-sep
2025/8/20 19:10:58,middle
2025/8/20 19:11:10,corridor
2025/8/20 19:11:11,side
2025/8/20 19:11:28,corridor
2025/8/20 19:11:35,middle
2025/8/20 19:11:54,corridor
2025/8/20 19:11:55,side
2025/8/20 19:16:08,corridor
2025/8/20 19:16:09,side
2025/8/20 19:18:33,corridor
2025/8/20 19:18:34,middle
2025/8/20 19:18:52,corridor
2025/8/20 19:18:53,side
2025/8/20 19:19:07,corridor
2025/8/20 19:19:12,middle
2025/8/20 19:19:27,mid-sep
2025/8/20 19:19:30,middle
2025/8/20 19:19:30,corridor
2025/8/20 19:19:30,side
2025/8/20 19:27:02,corridor
2025/8/20 19:27:03,middle
2025/8/20 19:27:04,mid-sep
2025/8/20 19:27:05,middle
2025/8/20 19:28:20,corridor
2025/8/20 19:28:22,side
2025/8/20 19:28:34,corridor
2025/8/20 19:28:35,middle
2025/8/20 19:29:27,mid-sep
2025/8/20 19:29:30,middle
2025/8/20 19:29:38,corridor
2025/8/20 19:29:38,side
2025/8/20 19:33:21,corridor
2025/8/20 19:33:30,middle
2025/8/20 19:33:31,mid-sep
2025/8/20 19:33:32,middle
2025/8/20 19:33:35,corridor
2025/8/20 19:33:36,side
2025/8/20 19:38:44,corridor
2025/8/20 19:38:57,middle
2025/8/20 19:38:58,mid-sep
2025/8/20 19:39:00,middle
2025/8/20 19:39:03,corridor
2025/8/20 19:39:03,side
2025/8/20 19:46:31,corridor
2025/8/20 19:46:34,middle
2025/8/20 19:46:34,mid-sep
2025/8/20 19:46:35,middle
2025/8/20 19:46:35,corridor
2025/8/20 19:46:35,side
2025/8/20 19:51:04,corridor
2025/8/20 19:51:05,side
2025/8/20 19:52:00,corridor
2025/8/20 19:52:38,middle
2025/8/20 19:52:38,mid-sep
2025/8/20 19:52:38,middle
2025/8/20 19:52:39,corridor
2025/8/20 19:52:39,side
2025/8/20 19:52:52,corridor
2025/8/20 19:53:11,middle
2025/8/20 19:53:12,mid-sep
2025/8/20 19:53:13,middle
2025/8/20 19:53:40,corridor
2025/8/20 19:53:41,side
2025/8/20 19:55:30,corridor
2025/8/20 19:55:31,side
2025/8/20 19:58:48,corridor
2025/8/20 19:58:50,side
2025/8/20 20:01:24,corridor
2025/8/20 20:01:32,middle
2025/8/20 20:01:32,corridor
2025/8/20 20:01:34,side
2025/8/20 20:03:28,corridor
2025/8/20 20:03:41,middle
2025/8/20 20:04:03,corridor
2025/8/20 20:04:04,side
2025/8/20 20:08:59,corridor
2025/8/20 20:09:10,middle
2025/8/20 20:09:10,mid-sep
2025/8/20 20:09:12,middle
2025/8/20 20:09:12,corridor
2025/8/20 20:09:12,side
2025/8/20 20:13:16,corridor
2025/8/20 20:13:19,middle
2025/8/20 20:13:28,mid-sep
2025/8/20 20:13:28,middle
2025/8/20 20:13:28,corridor
2025/8/20 20:13:30,side
2025/8/20 20:18:47,corridor
2025/8/20 20:19:03,middle
2025/8/20 20:19:10,corridor
2025/8/20 20:19:11,side
2025/8/20 20:21:08,corridor
2025/8/20 20:21:23,middle
2025/8/20 20:21:25,mid-sep
2025/8/20 20:21:26,middle
2025/8/20 20:21:26,corridor
2025/8/20 20:21:26,side
2025/8/20 20:26:19,corridor
2025/8/20 20:26:21,middle
2025/8/20 20:27:30,mid-sep
2025/8/20 20:27:31,middle
2025/8/20 20:28:00,mid-sep
2025/8/20 20:28:01,middle
2025/8/20 20:28:02,corridor
2025/8/20 20:28:03,side
2025/8/20 20:38:35,corridor
2025/8/20 20:38:37,middle
2025/8/20 20:38:56,mid-sep
2025/8/20 20:39:00,middle
2025/8/20 20:39:11,corridor
2025/8/20 20:39:12,side
2025/8/20 20:45:14,corridor
2025/8/20 20:45:20,middle
2025/8/20 20:46:28,mid-sep
2025/8/20 20:46:39,middle
2025/8/20 20:46:39,corridor
2025/8/20 20:46:40,side
2025/8/20 20:51:49,corridor
2025/8/20 20:51:50,middle
2025/8/20 20:51:51,corridor
2025/8/20 20:51:52,side
2025/8/20 20:54:17,corridor
2025/8/20 20:54:19,middle
2025/8/20 20:54:44,mid-sep
2025/8/20 20:54:53,middle
2025/8/20 20:55:23,mid-sep
2025/8/20 20:55:31,middle
2025/8/20 20:55:33,corridor
2025/8/20 20:55:34,side
2025/8/20 20:58:48,corridor
2025/8/20 20:58:50,middle
2025/8/20 20:58:52,corridor
2025/8/20 20:58:52,side
2025/8/20 21:04:06,corridor
2025/8/20 21:04:14,side
2025/8/20 21:07:55,corridor
2025/8/20 21:07:56,middle
2025/8/20 21:07:58,corridor
2025/8/20 21:07:58,side
2025/8/20 21:11:26,corridor
2025/8/20 21:11:28,middle
2025/8/20 21:12:29,mid-sep
2025/8/20 21:12:34,middle
2025/8/20 21:12:55,mid-sep
2025/8/20 21:12:56,middle
2025/8/20 21:12:56,corridor
2025/8/20 21:12:57,side
2025/8/20 21:21:41,corridor
2025/8/20 21:21:42,middle
2025/8/20 21:21:43,corridor
2025/8/20 21:21:44,side
2025/8/20 21:25:46,corridor
2025/8/20 21:25:47,middle
2025/8/20 21:27:49,mid-sep
2025/8/20 21:27:52,middle
2025/8/20 21:27:58,corridor
2025/8/20 21:27:58,side
2025/8/20 21:40:22,corridor
2025/8/20 21:40:23,middle
2025/8/20 21:40:32,mid-sep
2025/8/20 21:40:57,middle
2025/8/20 21:41:26,corridor
2025/8/20 21:41:26,side
2025/8/20 21:42:26,corridor
2025/8/20 21:42:27,middle
2025/8/20 21:42:29,corridor
2025/8/20 21:42:30,side
2025/8/20 21:44:33,corridor
2025/8/20 21:44:46,middle
2025/8/20 21:44:54,corridor
2025/8/20 21:44:56,side
2025/8/20 21:52:10,corridor
2025/8/20 21:52:11,middle
2025/8/20 21:52:11,mid-sep
2025/8/20 21:52:12,middle
2025/8/20 21:53:51,corridor
2025/8/20 21:53:51,side
2025/8/20 22:00:05,corridor
2025/8/20 22:00:06,middle
2025/8/20 22:00:06,corridor
2025/8/20 22:00:07,side
2025/8/20 22:04:43,corridor
2025/8/20 22:04:45,middle
2025/8/20 22:04:45,mid-sep
2025/8/20 22:04:46,middle
2025/8/20 22:06:03,corridor
2025/8/20 22:06:04,side
2025/8/20 22:17:54,corridor
2025/8/20 22:17:55,side
2025/8/20 22:26:51,corridor
2025/8/20 22:26:52,middle
2025/8/20 22:28:21,corridor
2025/8/20 22:28:22,side
2025/8/20 22:33:17,corridor
2025/8/20 22:33:19,middle
2025/8/20 22:33:22,corridor
2025/8/20 22:33:25,side
2025/8/20 22:37:19,corridor
2025/8/20 22:37:25,side
2025/8/20 22:41:22,corridor
2025/8/20 22:41:24,middle
2025/8/20 22:41:25,mid-sep
2025/8/20 22:41:26,middle
2025/8/20 22:42:05,corridor
2025/8/20 22:42:06,side
2025/8/20 22:45:08,corridor
2025/8/20 22:45:08,middle
2025/8/20 22:45:08,mid-sep
2025/8/20 22:45:13,middle
2025/8/20 22:45:42,mid-sep
2025/8/20 22:45:48,middle
2025/8/20 22:45:48,corridor
2025/8/20 22:45:48,side
2025/8/20 22:49:39,corridor
2025/8/20 22:49:41,middle
2025/8/20 22:53:22,corridor
2025/8/20 22:53:22,side
2025/8/20 23:01:44,corridor
2025/8/20 23:01:47,side
2025/8/20 23:02:05,corridor
2025/8/20 23:02:05,middle
2025/8/20 23:02:06,mid-sep
2025/8/20 23:03:11,middle
2025/8/20 23:03:25,corridor
2025/8/20 23:03:26,side
2025/8/20 23:19:06,corridor
2025/8/20 23:19:07,middle
2025/8/20 23:19:07,mid-sep
2025/8/20 23:19:12,middle
2025/8/20 23:19:37,corridor
2025/8/20 23:19:39,side
2025/8/20 23:24:30,corridor
2025/8/20 23:24:31,middle
2025/8/20 23:24:31,corridor
2025/8/20 23:24:31,side
2025/8/20 23:27:40,corridor
2025/8/20 23:27:41,middle
2025/8/20 23:27:41,mid-sep
2025/8/20 23:27:41,middle
2025/8/20 23:27:41,corridor
2025/8/20 23:27:43,side
2025/8/20 23:30:40,corridor
2025/8/20 23:30:44,side
2025/8/20 23:38:12,corridor
2025/8/20 23:38:12,middle
2025/8/20 23:38:12,mid-sep
2025/8/20 23:38:12,middle
2025/8/20 23:38:13,corridor
2025/8/20 23:38:15,side
2025/8/20 23:38:20,corridor
2025/8/20 23:38:20,middle
2025/8/20 23:38:20,mid-sep
2025/8/20 23:38:21,middle
2025/8/20 23:38:37,corridor
2025/8/20 23:38:43,side
2025/8/20 23:38:57,corridor
2025/8/20 23:38:58,middle
2025/8/20 23:40:00,mid-sep
2025/8/20 23:40:11,middle
2025/8/20 23:40:12,corridor
2025/8/20 23:40:15,side
2025/8/20 23:47:42,corridor
2025/8/20 23:47:42,middle
2025/8/20 23:47:43,corridor
2025/8/20 23:47:43,side
2025/8/20 23:50:18,corridor
2025/8/20 23:50:19,middle
2025/8/20 23:52:36,corridor
2025/8/20 23:52:42,side
2025/8/20 23:52:58,corridor
2025/8/20 23:52:59,middle
2025/8/20 23:53:18,mid-sep
2025/8/20 23:53:23,middle
2025/8/20 23:53:56,mid-sep
2025/8/20 23:54:11,middle
2025/8/20 23:54:26,mid-sep
2025/8/20 23:55:42,middle
2025/8/20 23:55:52,corridor
2025/8/20 23:55:53,side
2025/8/21 0:04:40,corridor
2025/8/21 0:04:41,middle
2025/8/21 0:07:01,mid-sep
2025/8/21 0:07:08,middle
2025/8/21 0:07:28,mid-sep
2025/8/21 0:07:32,middle
2025/8/21 0:09:26,mid-sep
2025/8/21 0:10:08,middle
2025/8/21 0:10:09,corridor
2025/8/21 0:10:10,side
2025/8/21 0:12:12,corridor
2025/8/21 0:12:13,middle
2025/8/21 0:12:14,mid-sep
2025/8/21 0:12:15,middle
2025/8/21 0:13:19,corridor
2025/8/21 0:13:22,side
2025/8/21 0:16:53,corridor
2025/8/21 0:16:54,middle
2025/8/21 0:19:14,corridor
2025/8/21 0:19:15,side
2025/8/21 0:23:36,corridor
2025/8/21 0:23:36,middle
2025/8/21 0:23:42,mid-sep
2025/8/21 0:26:08,middle
2025/8/21 0:26:52,mid-sep
2025/8/21 0:29:45,middle
2025/8/21 0:31:44,corridor
2025/8/21 0:31:45,side
2025/8/21 0:34:27,corridor
2025/8/21 0:34:27,middle
2025/8/21 0:34:28,mid-sep
2025/8/21 0:34:28,middle
2025/8/21 0:36:41,mid-sep
2025/8/21 0:36:55,middle
2025/8/21 0:36:56,corridor
2025/8/21 0:36:58,side
2025/8/21 0:43:48,corridor
2025/8/21 0:43:50,middle
2025/8/21 0:43:51,mid-sep
2025/8/21 0:43:51,middle
2025/8/21 0:47:20,mid-sep
2025/8/21 0:48:54,middle
2025/8/21 0:49:40,mid-sep
2025/8/21 0:51:09,middle
2025/8/21 0:53:58,corridor
2025/8/21 0:53:59,side
2025/8/21 0:56:29,corridor
2025/8/21 0:56:29,middle
2025/8/21 0:56:29,mid-sep
2025/8/21 0:56:31,middle
2025/8/21 0:58:15,mid-sep
2025/8/21 0:58:35,middle
2025/8/21 0:58:54,mid-sep
2025/8/21 0:59:30,middle
2025/8/21 1:00:01,mid-sep
2025/8/21 1:04:35,middle
2025/8/21 1:09:53,mid-sep
2025/8/21 1:10:08,middle
2025/8/21 1:10:27,mid-sep
2025/8/21 1:10:32,middle
2025/8/21 1:10:49,mid-sep
2025/8/21 1:11:26,middle
2025/8/21 1:11:30,mid-sep
2025/8/21 1:15:10,middle
2025/8/21 1:15:18,corridor
2025/8/21 1:15:19,side
2025/8/21 1:17:57,corridor
2025/8/21 1:17:58,middle
2025/8/21 1:17:58,mid-sep
2025/8/21 1:18:08,middle
2025/8/21 1:58:31,corridor
2025/8/21 1:58:33,side
2025/8/21 1:59:03,corridor
2025/8/21 1:59:04,middle
2025/8/21 1:59:04,mid-sep
2025/8/21 1:59:15,middle
2025/8/21 1:59:31,corridor
2025/8/21 1:59:33,middle
2025/8/21 1:59:39,corridor
2025/8/21 1:59:42,side
2025/8/21 2:00:05,corridor
2025/8/21 2:00:06,middle
2025/8/21 2:00:10,mid-sep
2025/8/21 2:00:11,middle
2025/8/21 2:00:17,corridor
2025/8/21 2:00:24,middle
2025/8/21 2:00:30,mid-sep
2025/8/21 2:01:25,middle
2025/8/21 2:19:52,corridor
2025/8/21 2:19:53,side
2025/8/21 2:22:00,corridor
2025/8/21 2:22:00,middle
2025/8/21 2:22:01,mid-sep
2025/8/21 2:22:22,middle
2025/8/21 2:26:01,corridor
2025/8/21 2:26:07,side
2025/8/21 2:27:54,corridor
2025/8/21 2:27:55,middle
2025/8/21 2:28:27,mid-sep
2025/8/21 2:29:02,middle
2025/8/21 2:29:04,corridor
2025/8/21 2:29:07,side
2025/8/21 3:12:18,corridor
2025/8/21 3:12:19,middle
2025/8/21 3:12:19,mid-sep
2025/8/21 3:12:20,middle
2025/8/21 3:13:09,corridor
2025/8/21 3:13:13,side
2025/8/21 4:07:41,corridor
2025/8/21 4:07:43,middle
2025/8/21 4:07:44,mid-sep
2025/8/21 4:07:46,middle
2025/8/21 4:10:20,corridor
2025/8/21 4:10:22,side
2025/8/21 4:16:10,corridor
2025/8/21 4:16:11,middle
2025/8/21 4:16:13,mid-sep
2025/8/21 4:16:13,middle
2025/8/21 4:16:20,corridor
2025/8/21 4:16:22,side
2025/8/21 4:32:03,corridor
2025/8/21 4:32:03,middle
2025/8/21 4:32:04,corridor
2025/8/21 4:32:06,side
2025/8/21 4:35:48,corridor
2025/8/21 4:35:50,middle
2025/8/21 4:35:51,mid-sep
2025/8/21 4:35:51,middle
2025/8/21 4:39:39,mid-sep
2025/8/21 4:40:15,middle
2025/8/21 4:40:15,corridor
2025/8/21 4:40:22,side
2025/8/21 4:51:11,corridor
2025/8/21 4:51:12,middle
2025/8/21 4:53:34,mid-sep
2025/8/21 4:54:46,middle
2025/8/21 4:55:30,mid-sep
2025/8/21 4:57:31,middle
2025/8/21 4:58:14,corridor
2025/8/21 4:58:16,side
2025/8/21 5:45:27,corridor
2025/8/21 5:45:28,middle
2025/8/21 5:49:47,mid-sep
2025/8/21 5:49:49,middle
2025/8/21 5:50:35,corridor
2025/8/21 5:50:36,side
2025/8/21 6:46:54,corridor
2025/8/21 6:46:55,middle
2025/8/21 6:48:03,corridor
2025/8/21 6:48:04,side
2025/8/21 7:52:23,corridor
2025/8/21 7:52:24,middle
2025/8/21 7:52:24,mid-sep
2025/8/21 7:52:25,middle
2025/8/21 7:56:43,mid-sep
2025/8/21 7:56:53,middle
2025/8/21 7:57:00,mid-sep
2025/8/21 7:57:15,middle
2025/8/21 7:57:32,mid-sep
2025/8/21 7:57:38,middle
2025/8/21 7:58:07,mid-sep
2025/8/21 7:58:08,middle
2025/8/21 7:58:11,mid-sep
2025/8/21 7:58:12,middle
2025/8/21 7:58:39,corridor
2025/8/21 7:58:41,side
2025/8/21 9:47:50,corridor
2025/8/21 9:47:51,middle
2025/8/21 9:47:52,mid-sep
2025/8/21 9:47:52,middle
2025/8/21 9:48:27,mid-sep
2025/8/21 9:48:32,middle
2025/8/21 9:49:10,mid-sep
2025/8/21 9:49:19,middle
2025/8/21 9:50:32,mid-sep
2025/8/21 9:50:41,middle
2025/8/21 9:50:53,corridor
2025/8/21 9:50:58,middle
2025/8/21 9:51:00,corridor
2025/8/21 9:51:01,side
2025/8/21 9:58:20,corridor
2025/8/21 9:58:21,middle
2025/8/21 9:58:29,corridor
2025/8/21 9:58:49,side
2025/8/21 9:59:14,corridor
2025/8/21 9:59:19,middle
2025/8/21 9:59:23,mid-sep
2025/8/21 9:59:25,middle
2025/8/21 9:59:45,mid-sep
2025/8/21 9:59:52,middle
2025/8/21 10:00:41,corridor
2025/8/21 10:00:42,side
2025/8/21 15:57:48,corridor
2025/8/21 15:57:49,middle
2025/8/21 15:57:52,mid-sep
2025/8/21 15:58:05,middle
2025/8/21 15:58:16,mid-sep
2025/8/21 15:58:41,mid-sep
2025/8/21 15:58:47,middle
2025/8/21 15:58:50,corridor
2025/8/21 15:58:51,side
2025/8/21 17:06:35,side
