DateTime,RightMouseLocation
2025/8/22 0:00:00,side
2025/8/22 0:01:34,corridor
2025/8/22 0:01:34,middle
2025/8/22 0:01:35,mid-sep
2025/8/22 0:01:40,middle
2025/8/22 0:01:49,corridor
2025/8/22 0:01:49,middle
2025/8/22 0:01:51,mid-sep
2025/8/22 0:02:14,middle
2025/8/22 0:02:16,corridor
2025/8/22 0:02:17,side
2025/8/22 0:16:43,corridor
2025/8/22 0:16:43,middle
2025/8/22 0:16:47,corridor
2025/8/22 0:16:47,side
2025/8/22 0:43:13,corridor
2025/8/22 0:43:14,middle
2025/8/22 0:43:16,mid-sep
2025/8/22 0:43:36,middle
2025/8/22 0:43:48,mid-sep
2025/8/22 0:43:52,middle
2025/8/22 0:43:54,corridor
2025/8/22 0:43:55,middle
2025/8/22 0:44:00,mid-sep
2025/8/22 0:44:12,middle
2025/8/22 0:44:23,corridor
2025/8/22 0:44:24,middle
2025/8/22 0:44:27,corridor
2025/8/22 0:44:27,side
2025/8/22 1:44:42,corridor
2025/8/22 1:44:43,middle
2025/8/22 1:44:48,mid-sep
2025/8/22 1:44:54,middle
2025/8/22 1:45:04,corridor
2025/8/22 1:45:08,middle
2025/8/22 1:45:10,mid-sep
2025/8/22 1:45:10,middle
2025/8/22 1:45:19,mid-sep
2025/8/22 1:45:39,middle
2025/8/22 1:45:41,corridor
2025/8/22 1:45:42,side
2025/8/22 1:45:44,corridor
2025/8/22 1:45:44,middle
2025/8/22 1:45:54,corridor
2025/8/22 1:45:55,side
2025/8/22 2:18:57,corridor
2025/8/22 2:18:58,middle
2025/8/22 2:19:00,mid-sep
2025/8/22 2:19:06,middle
2025/8/22 2:19:13,corridor
2025/8/22 2:19:13,side
2025/8/22 2:19:22,corridor
2025/8/22 2:19:22,middle
2025/8/22 2:19:24,mid-sep
2025/8/22 2:19:34,middle
2025/8/22 2:19:58,corridor
2025/8/22 2:20:01,side
2025/8/22 3:37:33,corridor
2025/8/22 3:37:33,middle
2025/8/22 3:37:34,mid-sep
2025/8/22 3:37:44,middle
2025/8/22 3:37:52,corridor
2025/8/22 3:37:53,side
2025/8/22 4:20:03,corridor
2025/8/22 4:20:04,middle
2025/8/22 4:20:05,mid-sep
2025/8/22 4:20:11,middle
2025/8/22 4:20:15,corridor
2025/8/22 4:20:16,side
2025/8/22 4:21:26,corridor
2025/8/22 4:21:26,middle
2025/8/22 4:21:29,mid-sep
2025/8/22 4:21:37,middle
2025/8/22 4:21:38,corridor
2025/8/22 4:21:39,side
2025/8/22 4:36:56,corridor
2025/8/22 4:36:56,middle
2025/8/22 4:37:02,mid-sep
2025/8/22 4:37:06,middle
2025/8/22 4:37:06,corridor
2025/8/22 4:37:09,side
2025/8/22 4:37:16,corridor
2025/8/22 4:37:18,middle
2025/8/22 4:37:20,corridor
2025/8/22 4:37:20,side
2025/8/22 4:41:45,corridor
2025/8/22 4:41:46,middle
2025/8/22 4:41:47,corridor
2025/8/22 4:41:50,side
2025/8/22 4:49:17,corridor
2025/8/22 4:49:18,middle
2025/8/22 4:49:20,mid-sep
2025/8/22 4:49:53,middle
2025/8/22 4:49:54,corridor
2025/8/22 4:49:55,side
2025/8/22 5:58:09,corridor
2025/8/22 5:58:10,middle
2025/8/22 5:58:11,mid-sep
2025/8/22 5:58:13,middle
2025/8/22 5:58:18,mid-sep
2025/8/22 5:58:18,middle
2025/8/22 5:58:20,corridor
2025/8/22 5:58:21,side
2025/8/22 5:59:05,corridor
2025/8/22 5:59:05,middle
2025/8/22 5:59:06,mid-sep
2025/8/22 5:59:18,middle
2025/8/22 5:59:21,corridor
2025/8/22 5:59:22,side
2025/8/22 6:09:53,corridor
2025/8/22 6:09:53,middle
2025/8/22 6:09:54,mid-sep
2025/8/22 6:10:03,middle
2025/8/22 6:10:05,corridor
2025/8/22 6:10:06,side
2025/8/22 6:19:00,corridor
2025/8/22 6:19:01,middle
2025/8/22 6:19:02,mid-sep
2025/8/22 6:19:05,middle
2025/8/22 6:19:07,corridor
2025/8/22 6:19:07,side
2025/8/22 7:19:11,corridor
2025/8/22 7:19:11,middle
2025/8/22 7:19:12,mid-sep
2025/8/22 7:19:17,middle
2025/8/22 7:19:27,mid-sep
2025/8/22 7:19:37,middle
2025/8/22 7:19:46,corridor
2025/8/22 7:19:47,side
2025/8/22 7:20:24,corridor
2025/8/22 7:20:28,middle
2025/8/22 7:20:31,mid-sep
2025/8/22 7:20:58,middle
2025/8/22 7:21:03,corridor
2025/8/22 7:21:03,side
2025/8/22 7:21:06,corridor
2025/8/22 7:21:06,middle
2025/8/22 7:21:07,mid-sep
2025/8/22 7:21:22,middle
2025/8/22 7:21:39,mid-sep
2025/8/22 7:21:48,middle
2025/8/22 7:22:08,corridor
2025/8/22 7:22:10,side
2025/8/22 7:22:13,corridor
2025/8/22 7:22:17,middle
2025/8/22 7:22:18,mid-sep
2025/8/22 7:22:20,middle
2025/8/22 7:22:52,corridor
2025/8/22 7:22:53,side
2025/8/22 7:25:02,corridor
2025/8/22 7:25:03,middle
2025/8/22 7:25:05,mid-sep
2025/8/22 7:25:17,middle
2025/8/22 7:25:18,corridor
2025/8/22 7:25:18,side
2025/8/22 7:25:19,corridor
2025/8/22 7:25:20,middle
2025/8/22 7:25:21,mid-sep
2025/8/22 7:25:41,middle
2025/8/22 7:25:47,corridor
2025/8/22 7:25:48,side
2025/8/22 7:42:12,corridor
2025/8/22 7:42:14,middle
2025/8/22 7:42:15,mid-sep
2025/8/22 7:42:20,middle
2025/8/22 7:42:39,mid-sep
2025/8/22 7:43:05,middle
2025/8/22 7:43:28,corridor
2025/8/22 7:43:30,side
2025/8/22 9:52:01,corridor
2025/8/22 9:52:02,middle
2025/8/22 9:52:03,mid-sep
2025/8/22 9:52:24,middle
2025/8/22 9:52:36,corridor
2025/8/22 9:52:41,side
2025/8/22 9:55:49,corridor
2025/8/22 9:55:50,middle
2025/8/22 9:55:51,mid-sep
2025/8/22 9:56:05,middle
2025/8/22 9:56:14,mid-sep
2025/8/22 9:56:20,middle
2025/8/22 9:56:39,corridor
2025/8/22 9:56:40,side
2025/8/22 10:03:36,corridor
2025/8/22 10:03:36,middle
2025/8/22 10:03:37,mid-sep
2025/8/22 10:03:46,middle
2025/8/22 10:04:21,mid-sep
2025/8/22 10:04:43,middle
2025/8/22 10:05:00,mid-sep
2025/8/22 10:05:37,middle
2025/8/22 10:05:43,mid-sep
2025/8/22 10:06:00,middle
2025/8/22 10:06:07,mid-sep
2025/8/22 10:06:08,middle
2025/8/22 10:06:10,corridor
2025/8/22 10:06:11,middle
2025/8/22 10:06:15,corridor
2025/8/22 10:06:15,side
2025/8/22 10:06:16,corridor
2025/8/22 10:06:16,middle
2025/8/22 10:06:18,corridor
2025/8/22 10:06:18,side
2025/8/22 10:07:11,corridor
2025/8/22 10:07:12,middle
2025/8/22 10:07:12,mid-sep
2025/8/22 10:07:16,middle
2025/8/22 10:07:19,corridor
2025/8/22 10:07:20,side
2025/8/22 11:19:49,corridor
2025/8/22 11:19:50,middle
2025/8/22 11:19:51,mid-sep
2025/8/22 11:19:55,middle
2025/8/22 11:20:09,corridor
2025/8/22 11:20:11,side
2025/8/22 13:54:10,corridor
2025/8/22 13:54:13,middle
2025/8/22 13:54:14,mid-sep
2025/8/22 13:54:29,middle
2025/8/22 13:54:45,corridor
2025/8/22 13:54:46,side
2025/8/22 13:57:06,corridor
2025/8/22 13:57:06,middle
2025/8/22 13:57:08,mid-sep
2025/8/22 13:57:24,middle
2025/8/22 13:57:31,corridor
2025/8/22 13:57:38,middle
2025/8/22 13:57:40,mid-sep
2025/8/22 13:57:44,middle
2025/8/22 13:57:46,corridor
2025/8/22 13:57:46,side
2025/8/22 14:05:42,corridor
2025/8/22 14:05:44,middle
2025/8/22 14:05:45,corridor
2025/8/22 14:05:46,side
2025/8/22 15:41:51,corridor
2025/8/22 15:41:52,middle
2025/8/22 15:41:55,mid-sep
2025/8/22 15:42:05,middle
2025/8/22 15:42:13,corridor
2025/8/22 15:42:14,side
2025/8/22 17:24:58,corridor
2025/8/22 17:24:59,middle
2025/8/22 17:24:59,mid-sep
2025/8/22 17:25:14,middle
2025/8/22 17:25:16,corridor
2025/8/22 17:25:17,side
2025/8/22 18:10:46,corridor
2025/8/22 18:10:53,middle
2025/8/22 18:10:56,mid-sep
2025/8/22 18:11:06,middle
2025/8/22 18:11:11,corridor
2025/8/22 18:11:13,side
2025/8/22 18:13:18,corridor
2025/8/22 18:13:18,middle
2025/8/22 18:13:20,mid-sep
2025/8/22 18:13:29,middle
2025/8/22 18:13:42,mid-sep
2025/8/22 18:13:59,middle
2025/8/22 18:14:02,corridor
2025/8/22 18:14:04,side
2025/8/22 19:04:12,corridor
2025/8/22 19:04:13,middle
2025/8/22 19:04:14,mid-sep
2025/8/22 19:04:16,middle
2025/8/22 19:04:17,corridor
2025/8/22 19:04:19,side
2025/8/22 19:06:34,corridor
2025/8/22 19:06:36,middle
2025/8/22 19:06:37,corridor
2025/8/22 19:06:38,side
2025/8/22 19:12:16,corridor
2025/8/22 19:12:17,middle
2025/8/22 19:12:18,mid-sep
2025/8/22 19:12:30,middle
2025/8/22 19:12:31,corridor
2025/8/22 19:12:31,side
2025/8/22 19:27:28,corridor
2025/8/22 19:27:28,middle
2025/8/22 19:27:30,mid-sep
2025/8/22 19:28:42,middle
2025/8/22 19:28:44,corridor
2025/8/22 19:28:56,side
2025/8/22 19:29:05,corridor
2025/8/22 19:29:06,middle
2025/8/22 19:29:08,corridor
2025/8/22 19:29:08,side
2025/8/22 19:31:29,corridor
2025/8/22 19:31:30,middle
2025/8/22 19:31:32,mid-sep
2025/8/22 19:31:35,middle
2025/8/22 19:31:37,corridor
2025/8/22 19:31:39,side
2025/8/22 20:23:50,corridor
2025/8/22 20:23:50,middle
2025/8/22 20:23:52,mid-sep
2025/8/22 20:24:00,middle
2025/8/22 20:24:03,corridor
2025/8/22 20:24:04,side
2025/8/22 20:39:52,corridor
2025/8/22 20:39:53,middle
2025/8/22 20:39:54,mid-sep
2025/8/22 20:39:57,middle
2025/8/22 20:40:00,corridor
2025/8/22 20:40:01,side
2025/8/22 20:53:15,corridor
2025/8/22 20:53:16,middle
2025/8/22 20:53:18,mid-sep
2025/8/22 20:54:01,middle
2025/8/22 20:54:03,corridor
2025/8/22 20:54:07,side
2025/8/22 20:55:26,corridor
2025/8/22 20:55:27,middle
2025/8/22 20:55:28,corridor
2025/8/22 20:55:28,side
2025/8/22 21:01:16,corridor
2025/8/22 21:01:16,middle
2025/8/22 21:01:17,mid-sep
2025/8/22 21:01:19,middle
2025/8/22 21:01:25,corridor
2025/8/22 21:01:34,side
2025/8/22 21:38:53,corridor
2025/8/22 21:38:54,middle
2025/8/22 21:38:55,mid-sep
2025/8/22 21:38:58,middle
2025/8/22 21:39:16,corridor
2025/8/22 21:39:20,side
2025/8/22 22:03:47,corridor
2025/8/22 22:03:48,middle
2025/8/22 22:03:48,mid-sep
2025/8/22 22:04:42,middle
2025/8/22 22:04:44,corridor
2025/8/22 22:04:49,side
2025/8/22 22:13:29,corridor
2025/8/22 22:13:30,middle
2025/8/22 22:13:33,corridor
2025/8/22 22:13:33,side
2025/8/22 22:29:58,corridor
2025/8/22 22:29:59,middle
2025/8/22 22:30:11,mid-sep
2025/8/22 22:30:59,middle
2025/8/22 22:31:02,corridor
2025/8/22 22:32:50,side
2025/8/22 23:06:31,corridor
2025/8/22 23:06:32,middle
2025/8/22 23:06:41,mid-sep
2025/8/22 23:07:10,middle
2025/8/22 23:07:11,corridor
2025/8/22 23:07:14,side
2025/8/23 0:46:33,corridor
2025/8/23 0:46:33,middle
2025/8/23 0:46:33,mid-sep
2025/8/23 0:46:35,middle
2025/8/23 0:46:58,corridor
2025/8/23 0:47:00,side
2025/8/23 0:56:15,corridor
2025/8/23 0:56:15,middle
2025/8/23 0:56:16,mid-sep
2025/8/23 0:56:18,middle
2025/8/23 0:56:19,corridor
2025/8/23 0:56:19,side
2025/8/23 1:14:15,corridor
2025/8/23 1:14:15,middle
2025/8/23 1:14:16,mid-sep
2025/8/23 1:14:17,middle
2025/8/23 1:14:18,corridor
2025/8/23 1:14:18,side
2025/8/23 1:14:46,corridor
2025/8/23 1:14:49,middle
2025/8/23 1:14:49,mid-sep
2025/8/23 1:14:50,middle
2025/8/23 1:14:56,corridor
2025/8/23 1:16:27,side
2025/8/23 1:27:17,corridor
2025/8/23 1:27:23,middle
2025/8/23 1:27:24,mid-sep
2025/8/23 1:27:49,middle
2025/8/23 1:27:52,corridor
2025/8/23 1:27:56,side
2025/8/23 1:45:12,corridor
2025/8/23 1:45:12,middle
2025/8/23 1:45:16,mid-sep
2025/8/23 1:45:49,middle
2025/8/23 1:45:55,corridor
2025/8/23 1:45:58,middle
2025/8/23 1:46:00,mid-sep
2025/8/23 1:46:01,middle
2025/8/23 1:46:03,corridor
2025/8/23 1:46:04,side
2025/8/23 4:51:10,corridor
2025/8/23 4:51:11,middle
2025/8/23 4:51:12,mid-sep
2025/8/23 4:51:12,middle
2025/8/23 4:51:13,corridor
2025/8/23 4:51:15,side
2025/8/23 5:04:52,corridor
2025/8/23 5:04:52,middle
2025/8/23 5:04:52,mid-sep
2025/8/23 5:04:59,middle
2025/8/23 5:04:59,corridor
2025/8/23 5:04:59,side
2025/8/23 5:06:48,corridor
2025/8/23 5:06:49,middle
2025/8/23 5:06:51,corridor
2025/8/23 5:06:53,side
2025/8/23 5:15:05,corridor
2025/8/23 5:15:05,middle
2025/8/23 5:15:08,mid-sep
2025/8/23 5:15:25,middle
2025/8/23 5:15:27,corridor
2025/8/23 5:15:31,side
2025/8/23 6:18:53,corridor
2025/8/23 6:18:53,middle
2025/8/23 6:18:54,mid-sep
2025/8/23 6:18:57,middle
2025/8/23 6:18:58,corridor
2025/8/23 6:18:58,side
2025/8/23 6:25:50,corridor
2025/8/23 6:25:51,middle
2025/8/23 6:26:02,mid-sep
2025/8/23 6:26:04,middle
2025/8/23 6:26:08,mid-sep
2025/8/23 6:26:09,middle
2025/8/23 6:26:12,corridor
2025/8/23 6:26:13,side
2025/8/23 6:50:21,corridor
2025/8/23 6:50:22,middle
2025/8/23 6:50:32,corridor
2025/8/23 6:50:35,side
2025/8/23 6:51:05,corridor
2025/8/23 6:51:05,middle
2025/8/23 6:51:06,mid-sep
2025/8/23 6:51:10,middle
2025/8/23 6:51:18,mid-sep
2025/8/23 6:51:25,middle
2025/8/23 6:51:39,mid-sep
2025/8/23 6:51:53,middle
2025/8/23 6:52:09,corridor
2025/8/23 6:52:11,side
2025/8/23 6:54:01,corridor
2025/8/23 6:54:09,middle
2025/8/23 6:54:09,mid-sep
2025/8/23 6:54:18,middle
2025/8/23 6:54:24,mid-sep
2025/8/23 6:54:25,middle
2025/8/23 6:54:27,corridor
2025/8/23 6:54:29,side
2025/8/23 7:30:05,corridor
2025/8/23 7:30:06,middle
2025/8/23 7:30:07,mid-sep
2025/8/23 7:30:10,middle
2025/8/23 7:30:22,mid-sep
2025/8/23 7:30:32,middle
2025/8/23 7:30:39,corridor
2025/8/23 7:30:41,side
2025/8/23 8:20:11,corridor
2025/8/23 8:20:11,middle
2025/8/23 8:20:12,mid-sep
2025/8/23 8:20:13,middle
2025/8/23 8:20:23,mid-sep
2025/8/23 8:20:33,middle
2025/8/23 8:20:36,corridor
2025/8/23 8:20:39,side
2025/8/23 8:47:53,corridor
2025/8/23 8:47:54,middle
2025/8/23 8:48:03,mid-sep
2025/8/23 8:48:07,middle
2025/8/23 8:48:16,corridor
2025/8/23 8:48:18,side
2025/8/23 8:52:54,corridor
2025/8/23 8:52:54,middle
2025/8/23 8:52:56,mid-sep
2025/8/23 8:53:27,middle
2025/8/23 8:53:33,corridor
2025/8/23 8:53:33,side
2025/8/23 8:54:07,corridor
2025/8/23 8:54:08,side
2025/8/23 8:54:13,corridor
2025/8/23 8:54:15,middle
2025/8/23 8:55:05,corridor
2025/8/23 8:55:05,side
2025/8/23 8:55:12,corridor
2025/8/23 8:55:14,middle
2025/8/23 8:55:15,corridor
2025/8/23 8:55:16,side
2025/8/23 8:55:22,corridor
2025/8/23 8:55:22,middle
2025/8/23 8:55:23,mid-sep
2025/8/23 8:55:42,middle
2025/8/23 8:55:44,corridor
2025/8/23 8:55:47,middle
2025/8/23 8:55:59,corridor
2025/8/23 8:56:00,side
2025/8/23 8:56:03,corridor
2025/8/23 8:56:04,middle
2025/8/23 8:56:08,corridor
2025/8/23 8:56:09,side
2025/8/23 10:23:33,corridor
2025/8/23 10:23:34,middle
2025/8/23 10:23:34,mid-sep
2025/8/23 10:23:36,middle
2025/8/23 10:23:37,corridor
2025/8/23 10:23:38,side
2025/8/23 14:49:41,corridor
2025/8/23 14:49:42,middle
2025/8/23 14:49:43,mid-sep
2025/8/23 14:49:46,middle
2025/8/23 14:49:48,corridor
2025/8/23 14:49:51,side
2025/8/23 16:50:53,corridor
2025/8/23 16:50:54,middle
2025/8/23 16:50:55,mid-sep
2025/8/23 16:50:58,middle
2025/8/23 16:51:04,corridor
2025/8/23 16:51:04,side
2025/8/23 16:51:29,corridor
2025/8/23 16:51:30,middle
2025/8/23 16:51:32,corridor
2025/8/23 16:51:32,side
2025/8/23 18:26:34,corridor
2025/8/23 18:26:35,middle
2025/8/23 18:26:36,mid-sep
2025/8/23 18:26:44,middle
2025/8/23 18:26:48,mid-sep
2025/8/23 18:26:54,middle
2025/8/23 18:27:05,corridor
2025/8/23 18:27:09,side
2025/8/23 18:52:35,corridor
2025/8/23 18:52:35,side
2025/8/23 18:59:38,corridor
2025/8/23 18:59:38,middle
2025/8/23 18:59:40,mid-sep
2025/8/23 18:59:43,middle
2025/8/23 18:59:46,corridor
2025/8/23 18:59:46,side
2025/8/23 19:02:38,corridor
2025/8/23 19:02:38,middle
2025/8/23 19:02:39,mid-sep
2025/8/23 19:02:41,middle
2025/8/23 19:02:43,corridor
2025/8/23 19:02:44,side
2025/8/23 19:12:21,corridor
2025/8/23 19:12:21,middle
2025/8/23 19:12:23,mid-sep
2025/8/23 19:12:56,middle
2025/8/23 19:13:01,corridor
2025/8/23 19:13:02,side
2025/8/23 19:42:18,corridor
2025/8/23 19:42:19,middle
2025/8/23 19:42:20,mid-sep
2025/8/23 19:42:23,middle
2025/8/23 19:42:38,corridor
2025/8/23 19:43:32,side
2025/8/23 19:55:45,corridor
2025/8/23 19:55:46,middle
2025/8/23 19:55:58,corridor
2025/8/23 19:56:01,side
2025/8/23 20:18:36,corridor
2025/8/23 20:18:36,middle
2025/8/23 20:18:37,mid-sep
2025/8/23 20:18:38,middle
2025/8/23 20:18:39,corridor
2025/8/23 20:18:40,side
2025/8/23 20:23:32,corridor
2025/8/23 20:23:32,middle
2025/8/23 20:23:33,mid-sep
2025/8/23 20:23:38,middle
2025/8/23 20:23:40,corridor
2025/8/23 20:23:42,side
2025/8/23 20:44:53,corridor
2025/8/23 20:44:54,middle
2025/8/23 20:45:00,corridor
2025/8/23 20:45:05,side
2025/8/23 21:07:41,corridor
2025/8/23 21:07:45,middle
2025/8/23 21:07:45,mid-sep
2025/8/23 21:08:12,middle
2025/8/23 21:08:17,mid-sep
2025/8/23 21:08:27,middle
2025/8/23 21:08:28,corridor
2025/8/23 21:08:31,side
2025/8/23 21:28:27,corridor
2025/8/23 21:28:31,middle
2025/8/23 21:28:32,mid-sep
2025/8/23 21:29:08,middle
2025/8/23 21:29:11,corridor
2025/8/23 21:29:15,side
2025/8/23 22:20:45,corridor
2025/8/23 22:20:46,middle
2025/8/23 22:20:46,mid-sep
2025/8/23 22:20:57,middle
2025/8/23 22:21:03,corridor
2025/8/23 22:21:04,side
2025/8/23 23:46:08,corridor
2025/8/23 23:46:09,middle
2025/8/23 23:46:10,mid-sep
2025/8/23 23:46:14,middle
2025/8/23 23:46:19,corridor
2025/8/23 23:46:19,side
2025/8/23 23:47:00,corridor
2025/8/23 23:47:00,middle
2025/8/23 23:47:01,mid-sep
2025/8/23 23:47:03,middle
2025/8/23 23:47:05,corridor
2025/8/23 23:47:06,side
2025/8/24 0:03:58,corridor
2025/8/24 0:03:58,middle
2025/8/24 0:03:59,mid-sep
2025/8/24 0:04:01,middle
2025/8/24 0:04:11,corridor
2025/8/24 0:04:12,side
2025/8/24 0:04:25,corridor
2025/8/24 0:04:25,middle
2025/8/24 0:04:26,mid-sep
2025/8/24 0:04:27,middle
2025/8/24 0:04:27,corridor
2025/8/24 0:04:27,side
2025/8/24 0:15:19,corridor
2025/8/24 0:15:21,middle
2025/8/24 0:15:22,mid-sep
2025/8/24 0:15:34,middle
2025/8/24 0:15:37,corridor
2025/8/24 0:15:41,side
2025/8/24 2:54:17,corridor
2025/8/24 2:54:18,middle
2025/8/24 2:54:20,mid-sep
2025/8/24 2:54:22,middle
2025/8/24 2:54:29,mid-sep
2025/8/24 2:54:31,middle
2025/8/24 2:54:34,corridor
2025/8/24 2:54:35,side
2025/8/24 2:56:25,corridor
2025/8/24 2:56:25,middle
2025/8/24 2:56:29,mid-sep
2025/8/24 2:56:35,middle
2025/8/24 2:57:15,mid-sep
2025/8/24 2:57:37,middle
2025/8/24 2:57:44,corridor
2025/8/24 2:57:53,middle
2025/8/24 2:57:55,mid-sep
2025/8/24 2:58:04,middle
2025/8/24 2:58:14,corridor
2025/8/24 2:58:21,side
2025/8/24 2:58:35,corridor
2025/8/24 2:58:38,middle
2025/8/24 2:58:40,corridor
2025/8/24 2:58:42,side
2025/8/24 3:17:14,corridor
2025/8/24 3:17:14,middle
2025/8/24 3:17:17,mid-sep
2025/8/24 3:17:25,middle
2025/8/24 3:17:34,corridor
2025/8/24 3:17:35,side
2025/8/24 5:25:37,corridor
2025/8/24 5:25:38,middle
2025/8/24 5:25:38,corridor
2025/8/24 5:25:39,side
2025/8/24 5:34:42,corridor
2025/8/24 5:34:42,middle
2025/8/24 5:34:44,mid-sep
2025/8/24 5:34:49,middle
2025/8/24 5:34:50,corridor
2025/8/24 5:34:51,side
2025/8/24 5:42:16,corridor
2025/8/24 5:42:17,middle
2025/8/24 5:42:22,corridor
2025/8/24 5:42:25,side
2025/8/24 7:05:39,corridor
2025/8/24 7:05:40,middle
2025/8/24 7:05:41,mid-sep
2025/8/24 7:05:43,middle
2025/8/24 7:06:03,mid-sep
2025/8/24 7:06:24,middle
2025/8/24 7:06:41,mid-sep
2025/8/24 7:06:42,middle
2025/8/24 7:07:00,corridor
2025/8/24 7:07:10,side
2025/8/24 7:07:21,corridor
2025/8/24 7:07:22,middle
2025/8/24 7:07:28,mid-sep
2025/8/24 7:07:41,middle
2025/8/24 7:07:45,corridor
2025/8/24 7:07:46,side
2025/8/24 7:07:51,corridor
2025/8/24 7:08:03,side
2025/8/24 7:08:05,corridor
2025/8/24 7:08:05,middle
2025/8/24 7:08:06,mid-sep
2025/8/24 7:08:23,middle
2025/8/24 7:08:29,corridor
2025/8/24 7:08:32,side
2025/8/24 7:08:39,corridor
2025/8/24 7:08:40,middle
2025/8/24 7:08:44,corridor
2025/8/24 7:08:45,side
2025/8/24 7:08:51,corridor
2025/8/24 7:08:52,middle
2025/8/24 7:08:54,corridor
2025/8/24 7:08:55,side
2025/8/24 7:09:06,corridor
2025/8/24 7:09:11,middle
2025/8/24 7:09:18,mid-sep
2025/8/24 7:09:29,middle
2025/8/24 7:09:32,corridor
2025/8/24 7:09:33,side
2025/8/24 7:13:26,corridor
2025/8/24 7:13:26,middle
2025/8/24 7:13:28,mid-sep
2025/8/24 7:14:00,middle
2025/8/24 7:14:29,mid-sep
2025/8/24 7:14:30,middle
2025/8/24 7:14:43,mid-sep
2025/8/24 7:14:46,middle
2025/8/24 7:15:05,corridor
2025/8/24 7:15:10,side
2025/8/24 7:15:12,corridor
2025/8/24 7:15:12,middle
2025/8/24 7:15:16,corridor
2025/8/24 7:15:16,side
2025/8/24 7:15:25,corridor
2025/8/24 7:15:25,middle
2025/8/24 7:15:31,corridor
2025/8/24 7:15:31,side
2025/8/24 7:31:41,corridor
2025/8/24 7:31:42,middle
2025/8/24 7:31:44,mid-sep
2025/8/24 7:32:04,middle
2025/8/24 7:32:34,mid-sep
2025/8/24 7:32:47,middle
2025/8/24 7:32:54,corridor
2025/8/24 7:32:55,side
2025/8/24 7:45:29,corridor
2025/8/24 7:45:31,middle
2025/8/24 7:45:33,mid-sep
2025/8/24 7:46:13,middle
2025/8/24 7:46:27,mid-sep
2025/8/24 7:46:42,middle
2025/8/24 7:46:52,mid-sep
2025/8/24 7:46:59,middle
2025/8/24 7:47:16,corridor
2025/8/24 7:47:16,side
2025/8/24 9:08:34,corridor
2025/8/24 9:08:35,middle
2025/8/24 9:08:35,mid-sep
2025/8/24 9:08:38,middle
2025/8/24 9:08:51,corridor
2025/8/24 9:08:52,side
2025/8/24 9:14:14,corridor
2025/8/24 9:14:14,middle
2025/8/24 9:14:19,mid-sep
2025/8/24 9:14:20,middle
2025/8/24 9:14:23,corridor
2025/8/24 9:14:24,side
2025/8/24 9:14:27,corridor
2025/8/24 9:14:28,middle
2025/8/24 9:14:28,mid-sep
2025/8/24 9:14:30,middle
2025/8/24 9:14:30,corridor
2025/8/24 9:14:31,side
2025/8/24 9:22:28,corridor
2025/8/24 9:22:28,middle
2025/8/24 9:22:50,mid-sep
2025/8/24 9:23:09,middle
2025/8/24 9:23:39,corridor
2025/8/24 9:23:43,middle
2025/8/24 9:23:44,mid-sep
2025/8/24 9:23:58,middle
2025/8/24 9:24:00,corridor
2025/8/24 9:24:01,side
2025/8/24 9:24:01,corridor
2025/8/24 9:24:02,middle
2025/8/24 9:24:04,mid-sep
2025/8/24 9:24:29,middle
2025/8/24 9:24:38,corridor
2025/8/24 9:24:39,side
2025/8/24 11:25:00,corridor
2025/8/24 11:25:01,middle
2025/8/24 11:25:02,mid-sep
2025/8/24 11:25:03,middle
2025/8/24 11:25:03,corridor
2025/8/24 11:25:05,side
2025/8/24 16:39:53,corridor
2025/8/24 16:39:54,middle
2025/8/24 16:39:55,mid-sep
2025/8/24 16:39:56,middle
2025/8/24 16:39:58,corridor
2025/8/24 16:39:59,side
2025/8/24 17:37:26,corridor
2025/8/24 17:37:27,middle
2025/8/24 17:37:29,mid-sep
2025/8/24 17:37:38,middle
2025/8/24 17:37:39,corridor
2025/8/24 17:37:40,side
2025/8/24 18:20:37,corridor
2025/8/24 18:20:38,middle
2025/8/24 18:20:38,mid-sep
2025/8/24 18:20:39,middle
2025/8/24 18:20:40,corridor
2025/8/24 18:20:42,side
2025/8/24 18:22:04,corridor
2025/8/24 18:22:05,middle
2025/8/24 18:22:05,mid-sep
2025/8/24 18:22:09,middle
2025/8/24 18:22:14,corridor
2025/8/24 18:22:15,side
2025/8/24 18:27:30,corridor
2025/8/24 18:27:32,middle
2025/8/24 18:27:33,mid-sep
2025/8/24 18:27:37,middle
2025/8/24 18:27:53,mid-sep
2025/8/24 18:27:58,middle
2025/8/24 18:28:07,mid-sep
2025/8/24 18:28:11,middle
2025/8/24 18:28:13,corridor
2025/8/24 18:28:15,side
2025/8/24 18:47:09,corridor
2025/8/24 18:47:09,middle
2025/8/24 18:47:12,mid-sep
2025/8/24 18:47:15,middle
2025/8/24 18:47:18,corridor
2025/8/24 18:47:18,side
2025/8/24 19:16:29,corridor
2025/8/24 19:16:29,middle
2025/8/24 19:16:30,mid-sep
2025/8/24 19:16:32,middle
2025/8/24 19:16:32,corridor
2025/8/24 19:16:42,side
2025/8/24 19:27:40,corridor
2025/8/24 19:27:40,middle
2025/8/24 19:28:07,corridor
2025/8/24 19:28:13,side
2025/8/24 19:51:57,corridor
2025/8/24 19:51:57,middle
2025/8/24 19:51:58,mid-sep
2025/8/24 19:52:01,middle
2025/8/24 19:52:01,corridor
2025/8/24 19:52:03,side
2025/8/24 20:21:28,corridor
2025/8/24 20:21:29,middle
2025/8/24 20:21:30,mid-sep
2025/8/24 20:21:48,middle
2025/8/24 20:21:50,corridor
2025/8/24 20:21:51,side
2025/8/24 20:40:25,corridor
2025/8/24 20:40:25,middle
2025/8/24 20:40:26,mid-sep
2025/8/24 20:40:29,middle
2025/8/24 20:40:32,corridor
2025/8/24 20:40:35,side
2025/8/24 20:53:09,corridor
2025/8/24 20:53:10,side
2025/8/24 21:01:43,corridor
2025/8/24 21:01:43,middle
2025/8/24 21:01:45,corridor
2025/8/24 21:01:45,side
2025/8/24 21:12:25,corridor
2025/8/24 21:12:26,middle
2025/8/24 21:12:26,mid-sep
2025/8/24 21:12:34,middle
2025/8/24 21:12:35,corridor
2025/8/24 21:12:38,side
2025/8/24 21:30:23,corridor
2025/8/24 21:30:24,middle
2025/8/24 21:30:25,mid-sep
2025/8/24 21:30:45,middle
2025/8/24 21:30:49,corridor
2025/8/24 21:30:52,side
2025/8/24 21:30:59,corridor
2025/8/24 21:31:00,middle
2025/8/24 21:31:01,mid-sep
2025/8/24 21:31:06,middle
2025/8/24 21:31:07,corridor
2025/8/24 21:31:08,side
2025/8/24 21:36:11,corridor
2025/8/24 21:36:12,middle
2025/8/24 21:36:12,mid-sep
2025/8/24 21:36:13,middle
2025/8/24 21:38:35,mid-sep
2025/8/24 21:38:36,middle
2025/8/24 21:38:42,corridor
2025/8/24 21:38:45,side
2025/8/24 21:41:01,corridor
2025/8/24 21:41:02,middle
2025/8/24 21:41:48,mid-sep
2025/8/24 21:42:01,middle
2025/8/24 21:42:05,mid-sep
2025/8/24 21:42:22,middle
2025/8/24 21:42:28,mid-sep
2025/8/24 21:42:29,middle
2025/8/24 21:42:30,corridor
2025/8/24 21:42:32,side
2025/8/24 21:44:20,corridor
2025/8/24 21:44:21,middle
2025/8/24 21:44:24,corridor
2025/8/24 21:44:31,side
2025/8/24 21:45:04,corridor
2025/8/24 21:45:30,middle
2025/8/24 21:46:12,mid-sep
2025/8/24 21:46:29,middle
2025/8/24 21:46:33,corridor
2025/8/24 21:46:36,side
2025/8/24 21:57:30,corridor
2025/8/24 21:57:31,middle
2025/8/24 21:58:37,mid-sep
2025/8/24 21:58:49,middle
2025/8/24 21:58:58,mid-sep
2025/8/24 21:58:59,middle
2025/8/24 21:59:05,mid-sep
2025/8/24 21:59:07,middle
2025/8/24 21:59:08,corridor
2025/8/24 21:59:10,side
2025/8/24 21:59:13,corridor
2025/8/24 21:59:15,middle
2025/8/24 21:59:25,corridor
2025/8/24 21:59:26,side
2025/8/24 22:23:44,corridor
2025/8/24 22:23:44,middle
2025/8/24 22:23:44,corridor
2025/8/24 22:23:45,side
2025/8/24 22:26:25,corridor
2025/8/24 22:26:25,middle
2025/8/24 22:26:30,mid-sep
2025/8/24 22:26:34,middle
2025/8/24 22:26:34,corridor
2025/8/24 22:26:36,side
2025/8/24 22:27:01,corridor
2025/8/24 22:27:03,middle
2025/8/24 22:28:00,mid-sep
2025/8/24 22:28:19,middle
2025/8/24 22:28:21,corridor
2025/8/24 22:28:27,side
2025/8/24 22:29:58,corridor
2025/8/24 22:30:00,side
2025/8/24 22:32:29,corridor
2025/8/24 22:32:30,middle
2025/8/24 22:32:56,mid-sep
2025/8/24 22:32:57,middle
2025/8/24 22:34:16,mid-sep
2025/8/24 22:34:25,middle
2025/8/24 22:34:29,corridor
2025/8/24 22:34:30,side
2025/8/24 22:44:19,corridor
2025/8/24 22:44:20,middle
2025/8/24 22:44:29,corridor
2025/8/24 22:44:30,side
2025/8/24 22:44:43,corridor
2025/8/24 22:44:44,middle
2025/8/24 22:45:52,mid-sep
2025/8/24 22:46:07,middle
2025/8/24 22:46:08,corridor
2025/8/24 22:46:10,side
2025/8/24 22:56:28,corridor
2025/8/24 22:56:29,middle
2025/8/24 22:56:29,mid-sep
2025/8/24 22:56:30,middle
2025/8/24 22:57:58,corridor
2025/8/24 22:58:00,side
2025/8/24 22:58:27,corridor
2025/8/24 22:58:28,middle
2025/8/24 22:58:29,mid-sep
2025/8/24 22:58:30,middle
2025/8/24 23:00:06,mid-sep
2025/8/24 23:00:16,middle
2025/8/24 23:00:26,corridor
2025/8/24 23:00:28,side
2025/8/24 23:05:16,corridor
2025/8/24 23:05:18,middle
2025/8/24 23:06:37,mid-sep
2025/8/24 23:07:02,middle
2025/8/24 23:07:03,corridor
2025/8/24 23:07:06,side
2025/8/24 23:07:28,corridor
2025/8/24 23:07:38,middle
2025/8/24 23:07:38,mid-sep
2025/8/24 23:07:39,middle
2025/8/24 23:07:41,corridor
2025/8/24 23:07:43,side
2025/8/24 23:10:18,corridor
2025/8/24 23:10:19,middle
2025/8/24 23:10:20,mid-sep
2025/8/24 23:10:49,middle
2025/8/24 23:10:52,corridor
2025/8/24 23:10:56,side
2025/8/24 23:14:09,corridor
2025/8/24 23:14:13,middle
2025/8/24 23:15:26,corridor
2025/8/24 23:15:27,side
2025/8/24 23:16:49,corridor
2025/8/24 23:16:52,middle
2025/8/24 23:17:30,mid-sep
2025/8/24 23:17:34,middle
2025/8/24 23:17:35,corridor
2025/8/24 23:17:35,side
2025/8/24 23:55:17,corridor
2025/8/24 23:55:17,middle
2025/8/24 23:59:38,corridor
2025/8/24 23:59:41,side
2025/8/25 0:21:48,corridor
2025/8/25 0:21:49,middle
2025/8/25 0:21:49,mid-sep
2025/8/25 0:21:50,middle
2025/8/25 0:26:46,mid-sep
2025/8/25 0:26:52,middle
2025/8/25 0:26:53,corridor
2025/8/25 0:26:55,side
2025/8/25 0:27:12,corridor
2025/8/25 0:27:16,side
2025/8/25 0:32:38,corridor
2025/8/25 0:32:40,middle
2025/8/25 0:32:46,mid-sep
2025/8/25 0:32:50,middle
2025/8/25 0:32:53,corridor
2025/8/25 0:32:57,side
2025/8/25 0:33:37,corridor
2025/8/25 0:33:38,middle
2025/8/25 0:35:49,mid-sep
2025/8/25 0:35:50,middle
2025/8/25 0:35:51,corridor
2025/8/25 0:35:53,side
2025/8/25 0:57:48,corridor
2025/8/25 0:57:48,middle
2025/8/25 1:00:26,mid-sep
2025/8/25 1:00:56,middle
2025/8/25 1:02:07,corridor
2025/8/25 1:02:08,side
2025/8/25 1:30:55,corridor
2025/8/25 1:30:57,middle
2025/8/25 1:34:37,corridor
2025/8/25 1:34:44,side
2025/8/25 1:35:10,corridor
2025/8/25 1:35:11,middle
2025/8/25 1:35:14,mid-sep
2025/8/25 1:35:21,middle
2025/8/25 1:35:46,mid-sep
2025/8/25 1:35:51,middle
2025/8/25 1:35:52,corridor
2025/8/25 1:35:53,side
2025/8/25 1:37:49,corridor
2025/8/25 1:37:49,middle
2025/8/25 1:37:52,corridor
2025/8/25 1:37:53,side
2025/8/25 1:48:45,corridor
2025/8/25 1:48:46,middle
2025/8/25 1:48:51,corridor
2025/8/25 1:48:53,side
2025/8/25 1:50:42,corridor
2025/8/25 1:50:46,middle
2025/8/25 1:53:04,mid-sep
2025/8/25 1:53:15,middle
2025/8/25 1:53:22,mid-sep
2025/8/25 1:53:27,middle
2025/8/25 1:53:29,corridor
2025/8/25 1:53:30,side
2025/8/25 1:54:00,corridor
2025/8/25 1:54:03,middle
2025/8/25 1:54:04,mid-sep
2025/8/25 1:54:38,middle
2025/8/25 1:54:40,corridor
2025/8/25 1:54:41,side
2025/8/25 2:02:13,corridor
2025/8/25 2:02:15,middle
2025/8/25 2:03:59,corridor
2025/8/25 2:04:01,side
2025/8/25 2:04:46,corridor
2025/8/25 2:04:47,middle
2025/8/25 2:04:48,corridor
2025/8/25 2:04:49,side
2025/8/25 2:06:15,corridor
2025/8/25 2:06:16,middle
2025/8/25 2:06:17,corridor
2025/8/25 2:06:18,side
2025/8/25 2:12:10,corridor
2025/8/25 2:12:11,middle
2025/8/25 2:14:18,mid-sep
2025/8/25 2:15:20,middle
2025/8/25 2:15:22,corridor
2025/8/25 2:15:25,side
2025/8/25 3:34:25,corridor
2025/8/25 3:34:27,middle
2025/8/25 3:40:12,mid-sep
2025/8/25 3:40:20,middle
2025/8/25 3:41:31,corridor
2025/8/25 3:41:36,side
2025/8/25 3:43:22,corridor
2025/8/25 3:43:23,middle
2025/8/25 3:43:25,corridor
2025/8/25 3:43:26,side
2025/8/25 4:29:36,corridor
2025/8/25 4:29:37,middle
2025/8/25 4:33:16,mid-sep
2025/8/25 4:33:19,middle
2025/8/25 4:34:49,mid-sep
2025/8/25 4:34:56,middle
2025/8/25 4:35:00,corridor
2025/8/25 4:35:01,side
2025/8/25 4:37:49,corridor
2025/8/25 4:37:50,middle
2025/8/25 4:37:51,mid-sep
2025/8/25 4:37:55,middle
2025/8/25 4:37:59,corridor
2025/8/25 4:38:01,side
2025/8/25 4:48:02,corridor
2025/8/25 4:48:06,middle
2025/8/25 4:48:10,mid-sep
2025/8/25 4:48:26,middle
2025/8/25 4:48:28,corridor
2025/8/25 4:48:32,side
2025/8/25 4:50:34,corridor
2025/8/25 4:50:35,middle
2025/8/25 4:54:08,mid-sep
2025/8/25 4:54:30,middle
2025/8/25 4:54:41,mid-sep
2025/8/25 4:55:07,middle
2025/8/25 4:55:09,corridor
2025/8/25 4:55:14,side
2025/8/25 5:44:08,corridor
2025/8/25 5:44:09,middle
2025/8/25 5:44:16,corridor
2025/8/25 5:44:18,side
2025/8/25 5:44:28,corridor
2025/8/25 5:44:29,middle
2025/8/25 5:44:35,mid-sep
2025/8/25 5:44:37,middle
2025/8/25 5:45:39,corridor
2025/8/25 5:45:41,side
2025/8/25 5:56:55,corridor
2025/8/25 5:57:01,side
2025/8/25 5:57:22,corridor
2025/8/25 5:57:24,middle
2025/8/25 5:58:06,corridor
2025/8/25 5:58:07,side
2025/8/25 5:59:05,corridor
2025/8/25 5:59:07,middle
2025/8/25 5:59:08,mid-sep
2025/8/25 5:59:11,middle
2025/8/25 5:59:38,mid-sep
2025/8/25 5:59:39,middle
2025/8/25 6:01:20,mid-sep
2025/8/25 6:01:21,middle
2025/8/25 6:01:34,corridor
2025/8/25 6:01:35,side
2025/8/25 6:01:51,corridor
2025/8/25 6:01:54,middle
2025/8/25 6:01:56,mid-sep
2025/8/25 6:01:57,middle
2025/8/25 6:01:59,corridor
2025/8/25 6:02:00,side
2025/8/25 6:03:37,corridor
2025/8/25 6:03:39,middle
2025/8/25 6:03:46,corridor
2025/8/25 6:03:47,side
2025/8/25 6:07:32,corridor
2025/8/25 6:07:33,middle
2025/8/25 6:08:20,mid-sep
2025/8/25 6:08:24,middle
2025/8/25 6:08:27,corridor
2025/8/25 6:08:30,side
2025/8/25 6:21:36,corridor
2025/8/25 6:23:11,side
2025/8/25 6:23:54,corridor
2025/8/25 6:23:56,side
2025/8/25 6:25:03,corridor
2025/8/25 6:25:04,middle
2025/8/25 6:25:29,mid-sep
2025/8/25 6:25:30,middle
2025/8/25 6:26:31,mid-sep
2025/8/25 6:26:51,middle
2025/8/25 6:27:10,corridor
2025/8/25 6:27:11,side
2025/8/25 7:38:56,corridor
2025/8/25 7:38:56,middle
2025/8/25 7:39:00,mid-sep
2025/8/25 7:39:12,middle
2025/8/25 7:39:31,corridor
2025/8/25 7:39:32,middle
2025/8/25 7:39:38,corridor
2025/8/25 7:39:39,side
2025/8/25 7:39:43,corridor
2025/8/25 7:39:43,middle
2025/8/25 7:39:44,mid-sep
2025/8/25 7:39:57,middle
2025/8/25 7:39:58,corridor
2025/8/25 7:39:59,middle
2025/8/25 7:40:00,mid-sep
2025/8/25 7:40:01,middle
2025/8/25 7:40:04,corridor
2025/8/25 7:40:05,side
2025/8/25 7:40:48,corridor
2025/8/25 7:40:48,middle
2025/8/25 7:40:48,mid-sep
2025/8/25 7:40:49,middle
2025/8/25 7:40:49,corridor
2025/8/25 7:40:50,side
2025/8/25 7:41:14,corridor
2025/8/25 7:41:15,middle
2025/8/25 7:41:15,mid-sep
2025/8/25 7:41:22,middle
2025/8/25 7:41:23,corridor
2025/8/25 7:41:23,side
2025/8/25 7:42:38,corridor
2025/8/25 7:42:40,middle
2025/8/25 7:42:41,mid-sep
2025/8/25 7:42:47,middle
2025/8/25 7:42:53,corridor
2025/8/25 7:42:54,side
2025/8/25 7:50:29,corridor
2025/8/25 7:50:29,middle
2025/8/25 7:50:32,mid-sep
2025/8/25 7:50:56,middle
2025/8/25 7:51:10,mid-sep
2025/8/25 7:51:29,middle
2025/8/25 7:51:34,mid-sep
2025/8/25 7:51:35,middle
2025/8/25 7:51:45,mid-sep
2025/8/25 7:52:13,middle
2025/8/25 7:52:17,corridor
2025/8/25 7:52:19,side
2025/8/25 8:00:53,corridor
2025/8/25 8:00:57,middle
2025/8/25 8:01:02,corridor
2025/8/25 8:01:03,side
2025/8/25 9:39:58,corridor
2025/8/25 9:40:00,middle
2025/8/25 9:40:01,mid-sep
2025/8/25 9:40:06,middle
2025/8/25 9:40:17,mid-sep
2025/8/25 9:40:46,middle
2025/8/25 9:40:50,corridor
2025/8/25 9:40:51,side
2025/8/25 9:40:53,corridor
2025/8/25 9:40:54,middle
2025/8/25 9:41:00,corridor
2025/8/25 9:41:01,side
2025/8/25 9:43:03,corridor
2025/8/25 9:43:04,middle
2025/8/25 9:43:09,mid-sep
2025/8/25 9:43:42,middle
2025/8/25 9:43:55,mid-sep
2025/8/25 9:44:03,middle
2025/8/25 9:44:17,corridor
2025/8/25 9:44:18,side
2025/8/25 10:30:09,corridor
2025/8/25 10:30:10,middle
2025/8/25 10:30:12,mid-sep
2025/8/25 10:30:29,middle
2025/8/25 10:30:34,corridor
2025/8/25 10:30:40,side
2025/8/25 10:36:46,corridor
2025/8/25 10:36:46,middle
2025/8/25 10:36:47,mid-sep
2025/8/25 10:36:48,middle
2025/8/25 10:36:50,corridor
2025/8/25 10:37:00,side
2025/8/25 10:44:54,corridor
2025/8/25 10:44:55,middle
2025/8/25 10:44:57,mid-sep
2025/8/25 10:45:03,middle
2025/8/25 10:45:10,mid-sep
2025/8/25 10:45:17,middle
2025/8/25 10:45:37,corridor
2025/8/25 10:45:39,side
2025/8/25 10:48:56,corridor
2025/8/25 10:49:02,middle
2025/8/25 10:49:10,corridor
2025/8/25 10:49:11,side
2025/8/25 13:16:50,corridor
2025/8/25 13:16:51,middle
2025/8/25 13:16:52,mid-sep
2025/8/25 13:17:20,middle
2025/8/25 13:17:29,corridor
2025/8/25 13:17:30,side
2025/8/25 13:27:07,corridor
2025/8/25 13:27:07,middle
2025/8/25 13:27:08,mid-sep
2025/8/25 13:27:16,middle
2025/8/25 13:27:20,mid-sep
2025/8/25 13:27:44,middle
2025/8/25 13:27:46,corridor
2025/8/25 13:27:47,side
2025/8/25 13:35:15,corridor
2025/8/25 13:35:19,middle
2025/8/25 13:35:34,mid-sep
2025/8/25 13:35:40,middle
2025/8/25 13:36:29,corridor
2025/8/25 13:36:31,side
2025/8/25 17:48:20,corridor
2025/8/25 17:48:22,middle
2025/8/25 17:48:25,mid-sep
2025/8/25 17:48:28,middle
2025/8/25 17:48:45,mid-sep
2025/8/25 17:48:46,middle
2025/8/25 17:48:47,corridor
2025/8/25 17:48:49,side
2025/8/25 18:29:52,corridor
2025/8/25 18:29:54,middle
2025/8/25 18:29:57,mid-sep
2025/8/25 18:30:03,middle
2025/8/25 18:30:06,corridor
2025/8/25 18:30:08,side
2025/8/25 18:31:23,corridor
2025/8/25 18:31:23,middle
2025/8/25 18:31:24,mid-sep
2025/8/25 18:31:25,middle
2025/8/25 18:31:51,corridor
2025/8/25 18:31:51,side
2025/8/25 18:31:53,corridor
2025/8/25 18:31:54,middle
2025/8/25 18:31:56,mid-sep
2025/8/25 18:31:57,middle
2025/8/25 18:31:58,corridor
2025/8/25 18:31:59,side
2025/8/25 18:57:15,corridor
2025/8/25 18:57:16,middle
2025/8/25 18:57:16,corridor
2025/8/25 18:57:17,side
2025/8/25 19:01:26,corridor
2025/8/25 19:01:26,side
2025/8/25 19:11:22,corridor
2025/8/25 19:11:22,middle
2025/8/25 19:11:23,mid-sep
2025/8/25 19:11:26,middle
2025/8/25 19:11:30,corridor
2025/8/25 19:11:30,side
2025/8/25 19:28:05,corridor
2025/8/25 19:28:05,middle
2025/8/25 19:28:05,mid-sep
2025/8/25 19:28:06,middle
2025/8/25 19:28:07,corridor
2025/8/25 19:28:08,side
2025/8/25 19:36:01,corridor
2025/8/25 19:36:03,middle
2025/8/25 19:36:04,mid-sep
2025/8/25 19:36:08,middle
2025/8/25 19:36:09,corridor
2025/8/25 19:36:10,side
2025/8/25 19:54:51,corridor
2025/8/25 19:54:51,middle
2025/8/25 19:54:52,mid-sep
2025/8/25 19:55:01,middle
2025/8/25 19:55:06,mid-sep
2025/8/25 19:55:14,middle
2025/8/25 19:55:18,corridor
2025/8/25 19:55:19,side
2025/8/25 20:29:45,corridor
2025/8/25 20:29:45,middle
2025/8/25 20:29:48,mid-sep
2025/8/25 20:29:57,middle
2025/8/25 20:29:58,corridor
2025/8/25 20:30:01,side
2025/8/25 20:56:40,corridor
2025/8/25 20:56:40,middle
2025/8/25 20:56:40,corridor
2025/8/25 20:56:41,side
2025/8/25 21:07:34,corridor
2025/8/25 21:07:35,middle
2025/8/25 21:07:39,mid-sep
2025/8/25 21:07:57,middle
2025/8/25 21:08:07,mid-sep
2025/8/25 21:08:17,middle
2025/8/25 21:08:20,corridor
2025/8/25 21:08:22,side
2025/8/25 21:11:21,corridor
2025/8/25 21:11:21,middle
2025/8/25 21:11:22,corridor
2025/8/25 21:11:22,side
2025/8/25 21:21:14,corridor
2025/8/25 21:21:14,middle
2025/8/25 21:21:15,corridor
2025/8/25 21:21:16,side
2025/8/25 21:44:31,corridor
2025/8/25 21:44:31,middle
2025/8/25 21:44:33,mid-sep
2025/8/25 21:44:47,middle
2025/8/25 21:44:57,corridor
2025/8/25 21:44:59,side
2025/8/25 21:49:33,corridor
2025/8/25 21:49:38,middle
2025/8/25 21:49:38,corridor
2025/8/25 21:49:49,side
2025/8/25 22:53:53,corridor
2025/8/25 22:53:54,middle
2025/8/25 22:53:55,mid-sep
2025/8/25 22:53:57,middle
2025/8/25 22:54:31,corridor
2025/8/25 22:54:32,side
2025/8/25 23:04:37,corridor
2025/8/25 23:04:38,middle
2025/8/25 23:04:54,mid-sep
2025/8/25 23:04:55,middle
2025/8/25 23:04:58,corridor
2025/8/25 23:04:59,side
2025/8/25 23:13:07,corridor
2025/8/25 23:13:08,middle
2025/8/25 23:13:09,mid-sep
2025/8/25 23:13:10,middle
2025/8/25 23:13:11,corridor
2025/8/25 23:13:11,side
2025/8/25 23:35:25,corridor
2025/8/25 23:35:25,middle
2025/8/25 23:35:28,mid-sep
2025/8/25 23:35:56,middle
2025/8/25 23:35:58,corridor
2025/8/25 23:35:59,side
2025/8/25 23:38:00,corridor
2025/8/25 23:38:02,middle
2025/8/25 23:38:03,mid-sep
2025/8/25 23:38:10,middle
2025/8/25 23:38:11,corridor
2025/8/25 23:38:12,side
2025/8/26 0:58:00,corridor
2025/8/26 0:58:00,middle
2025/8/26 0:58:01,mid-sep
2025/8/26 0:58:42,middle
2025/8/26 0:58:56,mid-sep
2025/8/26 0:59:22,middle
2025/8/26 0:59:26,corridor
2025/8/26 0:59:27,side
2025/8/26 4:56:51,corridor
2025/8/26 4:56:52,middle
2025/8/26 4:56:52,mid-sep
2025/8/26 4:56:53,middle
2025/8/26 4:57:04,mid-sep
2025/8/26 4:57:06,middle
2025/8/26 4:57:06,corridor
2025/8/26 4:57:07,side
2025/8/26 5:07:57,corridor
2025/8/26 5:08:02,middle
2025/8/26 5:08:02,mid-sep
2025/8/26 5:08:08,middle
2025/8/26 5:08:10,corridor
2025/8/26 5:08:12,side
2025/8/26 5:12:33,corridor
2025/8/26 5:12:34,middle
2025/8/26 5:18:46,corridor
2025/8/26 5:18:56,side
2025/8/26 6:06:00,corridor
2025/8/26 6:06:00,middle
2025/8/26 6:06:01,mid-sep
2025/8/26 6:06:05,middle
2025/8/26 6:06:05,corridor
2025/8/26 6:06:07,side
2025/8/26 6:16:28,corridor
2025/8/26 6:16:30,middle
2025/8/26 6:16:33,mid-sep
2025/8/26 6:16:38,middle
2025/8/26 6:16:41,corridor
2025/8/26 6:16:42,side
2025/8/26 6:41:36,corridor
2025/8/26 6:41:38,middle
2025/8/26 6:41:48,mid-sep
2025/8/26 6:41:49,middle
2025/8/26 6:41:52,mid-sep
2025/8/26 6:42:23,middle
2025/8/26 6:42:34,mid-sep
2025/8/26 6:42:43,middle
2025/8/26 6:42:46,corridor
2025/8/26 6:42:47,side
2025/8/26 6:45:29,corridor
2025/8/26 6:45:31,middle
2025/8/26 6:46:01,mid-sep
2025/8/26 6:46:29,middle
2025/8/26 6:46:31,corridor
2025/8/26 6:46:47,middle
2025/8/26 6:46:50,corridor
2025/8/26 6:46:51,side
2025/8/26 8:35:15,corridor
2025/8/26 8:35:16,middle
2025/8/26 8:35:16,mid-sep
2025/8/26 8:35:19,middle
2025/8/26 8:35:44,corridor
2025/8/26 8:35:47,side
2025/8/26 8:39:38,corridor
2025/8/26 8:39:38,middle
2025/8/26 8:39:42,mid-sep
2025/8/26 8:40:06,middle
2025/8/26 8:40:07,corridor
2025/8/26 8:40:08,side
2025/8/26 8:42:49,corridor
2025/8/26 8:42:49,middle
2025/8/26 8:42:50,mid-sep
2025/8/26 8:42:51,middle
2025/8/26 8:42:51,corridor
2025/8/26 8:42:52,side
2025/8/26 8:44:33,corridor
2025/8/26 8:44:34,middle
2025/8/26 8:44:55,mid-sep
2025/8/26 8:45:12,middle
2025/8/26 8:45:26,corridor
2025/8/26 8:45:26,side
2025/8/26 8:45:41,corridor
2025/8/26 8:45:41,middle
2025/8/26 8:45:45,corridor
2025/8/26 8:45:46,side
2025/8/26 8:52:58,corridor
2025/8/26 8:52:58,middle
2025/8/26 8:53:00,mid-sep
2025/8/26 8:53:09,middle
2025/8/26 8:53:22,corridor
2025/8/26 8:53:48,side
2025/8/26 9:01:57,corridor
2025/8/26 9:01:58,middle
2025/8/26 9:02:02,mid-sep
2025/8/26 9:02:06,middle
2025/8/26 9:02:22,corridor
2025/8/26 9:02:27,side
2025/8/26 9:06:56,corridor
2025/8/26 9:06:56,middle
2025/8/26 9:06:56,mid-sep
2025/8/26 9:06:56,middle
2025/8/26 9:06:56,corridor
2025/8/26 9:06:58,side
2025/8/26 9:13:54,corridor
2025/8/26 9:13:55,middle
2025/8/26 9:13:57,mid-sep
2025/8/26 9:14:23,middle
2025/8/26 9:14:26,corridor
2025/8/26 9:14:29,side
2025/8/26 12:35:28,corridor
2025/8/26 12:35:29,middle
2025/8/26 12:35:29,mid-sep
2025/8/26 12:35:30,middle
2025/8/26 12:35:51,corridor
2025/8/26 12:35:52,side
2025/8/26 12:50:23,corridor
2025/8/26 12:50:33,side
2025/8/26 12:51:20,corridor
2025/8/26 12:51:20,middle
2025/8/26 12:51:24,corridor
2025/8/26 12:51:28,side
2025/8/26 14:54:45,corridor
2025/8/26 14:54:47,middle
2025/8/26 14:54:49,mid-sep
2025/8/26 14:56:00,middle
2025/8/26 14:56:27,mid-sep
2025/8/26 14:56:48,middle
2025/8/26 14:57:44,mid-sep
2025/8/26 14:57:53,middle
2025/8/26 14:58:42,mid-sep
2025/8/26 14:59:03,middle
2025/8/26 14:59:09,corridor
2025/8/26 14:59:14,side
2025/8/26 15:02:20,corridor
2025/8/26 15:02:21,middle
2025/8/26 15:02:21,mid-sep
2025/8/26 15:02:34,middle
2025/8/26 15:02:47,mid-sep
2025/8/26 15:02:52,middle
2025/8/26 15:02:54,corridor
2025/8/26 15:02:55,side
2025/8/26 18:28:12,corridor
2025/8/26 18:28:13,middle
2025/8/26 18:28:13,mid-sep
2025/8/26 18:28:15,middle
2025/8/26 18:29:07,corridor
2025/8/26 18:29:11,side
2025/8/26 18:29:45,corridor
2025/8/26 18:29:45,middle
2025/8/26 18:29:47,mid-sep
2025/8/26 18:30:05,middle
2025/8/26 18:30:31,corridor
2025/8/26 18:30:36,side
2025/8/26 18:59:25,corridor
2025/8/26 18:59:30,middle
2025/8/26 18:59:31,mid-sep
2025/8/26 18:59:35,middle
2025/8/26 18:59:36,corridor
2025/8/26 18:59:37,side
2025/8/26 19:08:51,corridor
2025/8/26 19:08:53,middle
2025/8/26 19:08:53,mid-sep
2025/8/26 19:08:54,middle
2025/8/26 19:08:54,corridor
2025/8/26 19:08:55,side
2025/8/26 19:32:31,corridor
2025/8/26 19:32:33,middle
2025/8/26 19:32:35,mid-sep
2025/8/26 19:32:41,middle
2025/8/26 19:32:43,corridor
2025/8/26 19:32:45,side
2025/8/26 19:43:10,corridor
2025/8/26 19:43:11,middle
2025/8/26 19:43:13,mid-sep
2025/8/26 19:43:25,middle
2025/8/26 19:43:28,corridor
2025/8/26 19:43:31,side
2025/8/26 20:12:24,corridor
2025/8/26 20:12:25,middle
2025/8/26 20:12:25,mid-sep
2025/8/26 20:12:30,middle
2025/8/26 20:12:31,corridor
2025/8/26 20:12:32,side
2025/8/26 20:29:57,corridor
2025/8/26 20:29:59,middle
2025/8/26 20:30:04,corridor
2025/8/26 20:30:05,side
2025/8/26 20:51:22,corridor
2025/8/26 20:51:23,middle
2025/8/26 20:51:23,mid-sep
2025/8/26 20:51:43,middle
2025/8/26 20:51:58,mid-sep
2025/8/26 20:52:04,middle
2025/8/26 20:52:52,mid-sep
2025/8/26 20:53:06,middle
2025/8/26 20:53:07,corridor
2025/8/26 20:53:09,side
2025/8/26 21:09:59,corridor
2025/8/26 21:10:00,middle
2025/8/26 21:10:00,mid-sep
2025/8/26 21:10:09,middle
2025/8/26 21:10:12,corridor
2025/8/26 21:10:18,side
2025/8/26 21:10:32,corridor
2025/8/26 21:10:32,middle
2025/8/26 21:10:37,corridor
2025/8/26 21:10:38,side
2025/8/26 21:32:08,corridor
2025/8/26 21:32:10,middle
2025/8/26 21:32:11,mid-sep
2025/8/26 21:32:23,middle
2025/8/26 21:32:36,mid-sep
2025/8/26 21:33:40,middle
2025/8/26 21:33:41,corridor
2025/8/26 21:33:44,side
2025/8/26 21:50:40,corridor
2025/8/26 21:50:42,middle
2025/8/26 21:51:06,mid-sep
2025/8/26 21:51:32,middle
2025/8/26 21:51:47,mid-sep
2025/8/26 21:51:54,middle
2025/8/26 21:51:58,corridor
2025/8/26 21:51:59,side
2025/8/26 22:51:03,corridor
2025/8/26 22:51:03,middle
2025/8/26 22:51:04,mid-sep
2025/8/26 22:51:25,middle
2025/8/26 22:53:25,corridor
2025/8/26 22:53:26,side
2025/8/27 0:26:37,corridor
2025/8/27 0:26:37,middle
2025/8/27 0:26:40,mid-sep
2025/8/27 0:26:57,middle
2025/8/27 0:27:01,corridor
2025/8/27 0:27:05,side
2025/8/27 0:39:03,corridor
2025/8/27 0:39:26,middle
2025/8/27 0:40:00,mid-sep
2025/8/27 0:40:19,middle
2025/8/27 0:40:21,corridor
2025/8/27 0:40:22,side
2025/8/27 0:59:45,corridor
2025/8/27 0:59:45,middle
2025/8/27 0:59:46,corridor
2025/8/27 0:59:47,side
2025/8/27 4:24:25,corridor
2025/8/27 4:24:26,middle
2025/8/27 4:24:27,corridor
2025/8/27 4:24:28,side
2025/8/27 5:23:09,corridor
2025/8/27 5:23:09,middle
2025/8/27 5:23:10,mid-sep
2025/8/27 5:23:19,middle
2025/8/27 5:23:23,corridor
2025/8/27 5:23:26,side
2025/8/27 5:55:23,corridor
2025/8/27 5:55:24,middle
2025/8/27 5:55:30,mid-sep
2025/8/27 5:55:50,middle
2025/8/27 5:55:53,corridor
2025/8/27 5:55:55,side
2025/8/27 7:18:16,corridor
2025/8/27 7:18:16,middle
2025/8/27 7:18:20,mid-sep
2025/8/27 7:18:25,middle
2025/8/27 7:18:37,mid-sep
2025/8/27 7:18:39,middle
2025/8/27 7:18:56,corridor
2025/8/27 7:18:58,side
2025/8/27 7:24:39,corridor
2025/8/27 7:24:39,middle
2025/8/27 7:24:40,mid-sep
2025/8/27 7:24:41,middle
2025/8/27 7:24:43,corridor
2025/8/27 7:24:46,side
2025/8/27 7:25:59,corridor
2025/8/27 7:26:00,middle
2025/8/27 7:26:00,mid-sep
2025/8/27 7:26:01,middle
2025/8/27 7:26:01,corridor
2025/8/27 7:26:01,side
2025/8/27 7:26:21,corridor
2025/8/27 7:26:22,middle
2025/8/27 7:26:24,corridor
2025/8/27 7:26:40,side
2025/8/27 7:27:08,corridor
2025/8/27 7:27:09,middle
2025/8/27 7:27:09,mid-sep
2025/8/27 7:27:18,middle
2025/8/27 7:27:20,corridor
2025/8/27 7:27:23,side
2025/8/27 7:29:23,corridor
2025/8/27 7:29:24,middle
2025/8/27 7:29:27,mid-sep
2025/8/27 7:29:29,middle
2025/8/27 7:29:30,corridor
2025/8/27 7:29:31,side
2025/8/27 7:38:17,corridor
2025/8/27 7:38:17,middle
2025/8/27 7:38:20,mid-sep
2025/8/27 7:38:28,middle
2025/8/27 7:39:07,corridor
2025/8/27 7:39:08,side
2025/8/27 7:39:26,corridor
2025/8/27 7:39:27,middle
2025/8/27 7:39:34,corridor
2025/8/27 7:40:18,middle
2025/8/27 7:40:25,mid-sep
2025/8/27 7:41:18,middle
2025/8/27 7:42:20,corridor
2025/8/27 7:42:29,middle
2025/8/27 7:42:31,corridor
2025/8/27 7:42:33,side
2025/8/27 7:56:52,corridor
2025/8/27 7:57:04,middle
2025/8/27 7:57:12,mid-sep
2025/8/27 7:57:13,middle
2025/8/27 7:57:18,mid-sep
2025/8/27 7:57:47,middle
2025/8/27 8:01:52,corridor
2025/8/27 8:02:03,side
2025/8/27 8:02:07,corridor
2025/8/27 8:02:08,middle
2025/8/27 8:02:09,mid-sep
2025/8/27 8:03:17,middle
2025/8/27 8:03:56,mid-sep
2025/8/27 8:03:57,middle
2025/8/27 8:05:05,corridor
2025/8/27 8:05:06,side
2025/8/27 9:02:21,corridor
2025/8/27 9:02:22,middle
2025/8/27 9:02:24,mid-sep
2025/8/27 9:02:28,middle
2025/8/27 9:02:30,corridor
2025/8/27 9:02:38,side
2025/8/27 9:03:11,corridor
2025/8/27 9:03:12,middle
2025/8/27 9:03:12,mid-sep
2025/8/27 9:03:12,middle
2025/8/27 9:03:16,corridor
2025/8/27 9:03:25,side
2025/8/27 9:58:15,corridor
2025/8/27 9:58:16,middle
2025/8/27 9:58:17,mid-sep
2025/8/27 9:58:21,middle
2025/8/27 9:58:31,mid-sep
2025/8/27 9:59:17,middle
2025/8/27 9:59:30,mid-sep
2025/8/27 9:59:36,middle
2025/8/27 10:00:04,mid-sep
2025/8/27 10:00:18,middle
2025/8/27 10:00:42,corridor
2025/8/27 10:00:43,side
2025/8/27 10:01:32,corridor
2025/8/27 10:01:36,middle
2025/8/27 10:01:44,mid-sep
2025/8/27 10:01:51,middle
2025/8/27 10:02:06,corridor
2025/8/27 10:02:07,side
2025/8/27 10:02:10,corridor
2025/8/27 10:02:13,middle
2025/8/27 10:02:17,corridor
2025/8/27 10:02:18,side
2025/8/27 10:03:38,corridor
2025/8/27 10:03:43,side
2025/8/27 10:04:17,corridor
2025/8/27 10:04:26,middle
2025/8/27 10:04:27,corridor
2025/8/27 10:04:29,side
2025/8/27 10:07:11,corridor
2025/8/27 10:07:17,middle
2025/8/27 10:07:23,mid-sep
2025/8/27 10:07:31,middle
2025/8/27 10:07:50,mid-sep
2025/8/27 10:07:57,middle
2025/8/27 10:08:05,mid-sep
2025/8/27 10:08:07,middle
2025/8/27 10:08:29,mid-sep
2025/8/27 10:08:40,middle
2025/8/27 10:08:46,mid-sep
2025/8/27 10:09:03,middle
2025/8/27 10:09:15,corridor
2025/8/27 10:09:16,side
2025/8/27 10:09:21,corridor
2025/8/27 10:09:22,middle
2025/8/27 10:09:36,corridor
2025/8/27 10:09:36,side
2025/8/27 12:15:47,corridor
2025/8/27 12:15:48,middle
2025/8/27 12:15:49,mid-sep
2025/8/27 12:15:50,middle
2025/8/27 12:16:11,mid-sep
2025/8/27 12:16:12,middle
2025/8/27 12:16:15,corridor
2025/8/27 12:16:42,side
2025/8/27 12:54:40,corridor
2025/8/27 12:54:40,middle
2025/8/27 12:54:42,mid-sep
2025/8/27 12:54:44,middle
2025/8/27 12:55:22,corridor
2025/8/27 12:55:29,side
2025/8/27 14:09:44,corridor
2025/8/27 14:09:45,middle
2025/8/27 14:09:46,mid-sep
2025/8/27 14:09:49,middle
2025/8/27 14:10:00,mid-sep
2025/8/27 14:10:07,middle
2025/8/27 14:10:09,corridor
2025/8/27 14:10:10,side
2025/8/27 15:30:50,corridor
2025/8/27 15:30:52,middle
2025/8/27 15:30:53,mid-sep
2025/8/27 15:31:09,middle
2025/8/27 15:31:23,corridor
2025/8/27 15:31:24,side
2025/8/27 15:32:35,corridor
2025/8/27 15:32:36,middle
2025/8/27 15:32:37,mid-sep
2025/8/27 15:32:46,middle
2025/8/27 15:32:51,mid-sep
2025/8/27 15:32:57,middle
2025/8/27 15:33:07,corridor
2025/8/27 15:33:08,side
2025/8/27 15:36:30,corridor
2025/8/27 15:36:32,middle
2025/8/27 15:36:33,mid-sep
2025/8/27 15:36:46,middle
2025/8/27 15:36:51,mid-sep
2025/8/27 15:36:55,middle
2025/8/27 15:36:57,corridor
2025/8/27 15:36:58,side
2025/8/27 15:38:43,corridor
2025/8/27 15:38:45,middle
2025/8/27 15:39:09,corridor
2025/8/27 15:39:10,side
2025/8/27 15:49:09,corridor
2025/8/27 15:49:10,middle
2025/8/27 15:49:13,corridor
2025/8/27 15:49:18,side
2025/8/27 18:37:22,corridor
2025/8/27 18:37:22,middle
2025/8/27 18:37:23,mid-sep
2025/8/27 18:37:24,middle
2025/8/27 18:37:45,mid-sep
2025/8/27 18:37:49,middle
2025/8/27 18:38:08,mid-sep
2025/8/27 18:38:10,middle
2025/8/27 18:38:14,corridor
2025/8/27 18:38:16,side
2025/8/27 18:53:31,corridor
2025/8/27 18:53:34,middle
2025/8/27 18:53:36,corridor
2025/8/27 18:53:36,side
2025/8/27 19:14:21,corridor
2025/8/27 19:14:22,middle
2025/8/27 19:14:22,mid-sep
2025/8/27 19:14:23,middle
2025/8/27 19:14:25,corridor
2025/8/27 19:14:25,side
2025/8/27 19:28:19,corridor
2025/8/27 19:28:20,middle
2025/8/27 19:28:22,mid-sep
2025/8/27 19:28:51,middle
2025/8/27 19:28:56,corridor
2025/8/27 19:28:59,side
2025/8/27 20:43:36,corridor
2025/8/27 20:43:37,middle
2025/8/27 20:43:40,mid-sep
2025/8/27 20:43:49,middle
2025/8/27 20:43:57,mid-sep
2025/8/27 20:44:35,middle
2025/8/27 20:45:01,mid-sep
2025/8/27 20:45:13,middle
2025/8/27 20:45:14,corridor
2025/8/27 20:45:18,middle
2025/8/27 20:45:21,corridor
2025/8/27 20:45:22,side
2025/8/27 21:18:36,corridor
2025/8/27 21:18:37,middle
2025/8/27 21:18:38,mid-sep
2025/8/27 21:18:41,middle
2025/8/27 21:18:53,mid-sep
2025/8/27 21:19:07,middle
2025/8/27 21:19:38,mid-sep
2025/8/27 21:19:44,middle
2025/8/27 21:19:48,corridor
2025/8/27 21:19:50,side
2025/8/27 21:49:31,corridor
2025/8/27 21:49:33,middle
2025/8/27 21:49:34,mid-sep
2025/8/27 21:49:40,middle
2025/8/27 21:50:07,corridor
2025/8/27 21:50:10,side
2025/8/27 22:24:24,corridor
2025/8/27 22:24:25,middle
2025/8/27 22:24:25,mid-sep
2025/8/27 22:24:32,middle
2025/8/27 22:24:51,mid-sep
2025/8/27 22:24:52,middle
2025/8/27 22:25:02,mid-sep
2025/8/27 22:26:13,middle
2025/8/27 22:26:27,corridor
2025/8/27 22:26:28,side
2025/8/28 0:39:52,corridor
2025/8/28 0:39:53,middle
2025/8/28 0:39:53,mid-sep
2025/8/28 0:39:59,middle
2025/8/28 0:40:18,corridor
2025/8/28 0:40:20,middle
2025/8/28 0:40:23,corridor
2025/8/28 0:40:24,side
2025/8/28 0:40:38,corridor
2025/8/28 0:40:39,middle
2025/8/28 0:40:41,mid-sep
2025/8/28 0:40:43,middle
2025/8/28 0:40:53,corridor
2025/8/28 0:40:54,side
2025/8/28 0:54:10,corridor
2025/8/28 0:54:11,middle
2025/8/28 0:54:11,mid-sep
2025/8/28 0:55:09,middle
2025/8/28 0:55:10,corridor
2025/8/28 0:55:11,side
2025/8/28 1:09:05,corridor
2025/8/28 1:09:08,middle
2025/8/28 1:09:12,mid-sep
2025/8/28 1:09:16,middle
2025/8/28 1:09:56,mid-sep
2025/8/28 1:10:40,middle
2025/8/28 1:11:27,corridor
2025/8/28 1:11:38,side
2025/8/28 5:31:28,corridor
2025/8/28 5:31:29,middle
2025/8/28 5:31:30,mid-sep
2025/8/28 5:31:34,middle
2025/8/28 5:31:38,corridor
2025/8/28 5:31:43,side
2025/8/28 5:35:46,corridor
2025/8/28 5:35:48,middle
2025/8/28 5:35:51,mid-sep
2025/8/28 5:36:02,middle
2025/8/28 5:36:22,corridor
2025/8/28 5:36:37,side
2025/8/28 6:40:10,corridor
2025/8/28 6:40:11,middle
2025/8/28 6:40:11,mid-sep
2025/8/28 6:40:24,middle
2025/8/28 6:40:28,corridor
2025/8/28 6:40:44,side
2025/8/28 6:49:32,corridor
2025/8/28 6:49:32,middle
2025/8/28 6:49:34,mid-sep
2025/8/28 6:49:53,middle
2025/8/28 6:50:06,mid-sep
2025/8/28 6:50:21,middle
2025/8/28 6:50:24,corridor
2025/8/28 6:50:25,side
2025/8/28 7:16:07,corridor
2025/8/28 7:16:09,middle
2025/8/28 7:16:10,mid-sep
2025/8/28 7:16:11,middle
2025/8/28 7:16:25,corridor
2025/8/28 7:16:42,middle
2025/8/28 7:17:10,mid-sep
2025/8/28 7:17:11,middle
2025/8/28 7:17:19,mid-sep
2025/8/28 7:18:04,middle
2025/8/28 7:18:50,mid-sep
2025/8/28 7:19:06,middle
2025/8/28 7:20:46,corridor
2025/8/28 7:20:54,middle
2025/8/28 7:21:03,corridor
2025/8/28 7:21:10,side
2025/8/28 8:22:23,corridor
2025/8/28 8:22:23,middle
2025/8/28 8:22:25,mid-sep
2025/8/28 8:22:31,middle
2025/8/28 8:23:29,mid-sep
2025/8/28 8:23:37,middle
2025/8/28 8:23:45,corridor
2025/8/28 8:23:48,side
2025/8/28 8:34:00,corridor
2025/8/28 8:34:18,middle
2025/8/28 8:34:18,mid-sep
2025/8/28 8:34:23,middle
2025/8/28 8:34:50,mid-sep
2025/8/28 8:35:05,middle
2025/8/28 8:35:08,corridor
2025/8/28 8:35:35,side
2025/8/28 8:36:42,corridor
2025/8/28 8:36:43,middle
2025/8/28 8:36:45,corridor
2025/8/28 8:40:40,middle
2025/8/28 8:41:26,corridor
2025/8/28 8:41:50,middle
2025/8/28 8:42:41,mid-sep
2025/8/28 8:43:28,middle
2025/8/28 8:43:31,corridor
2025/8/28 8:43:35,side
2025/8/28 8:45:10,corridor
2025/8/28 8:45:11,middle
2025/8/28 8:45:17,corridor
2025/8/28 8:45:36,side
2025/8/28 10:24:52,corridor
2025/8/28 10:24:52,middle
2025/8/28 10:24:56,corridor
2025/8/28 10:24:59,side
2025/8/28 10:26:16,corridor
2025/8/28 10:26:21,middle
2025/8/28 10:26:23,mid-sep
2025/8/28 10:26:23,middle
2025/8/28 10:27:59,mid-sep
2025/8/28 10:28:04,middle
2025/8/28 10:28:39,corridor
2025/8/28 10:28:40,side
2025/8/28 10:29:59,corridor
2025/8/28 10:30:01,middle
2025/8/28 10:30:53,corridor
2025/8/28 10:31:06,side
2025/8/28 10:31:29,corridor
2025/8/28 10:31:35,middle
2025/8/28 10:31:42,mid-sep
2025/8/28 10:31:47,middle
2025/8/28 10:33:14,corridor
2025/8/28 10:33:16,side
2025/8/28 12:42:17,corridor
2025/8/28 12:42:19,middle
2025/8/28 12:42:20,mid-sep
2025/8/28 12:42:29,middle
2025/8/28 12:42:31,corridor
2025/8/28 12:42:33,side
2025/8/28 16:07:13,corridor
2025/8/28 16:07:15,middle
2025/8/28 16:08:16,corridor
2025/8/28 16:08:18,side
2025/8/28 16:59:22,corridor
2025/8/28 16:59:23,middle
2025/8/28 16:59:25,mid-sep
2025/8/28 16:59:27,middle
2025/8/28 17:00:14,corridor
2025/8/28 17:00:16,side
2025/8/28 18:06:08,corridor
2025/8/28 18:06:09,middle
2025/8/28 18:06:11,mid-sep
2025/8/28 18:06:14,middle
2025/8/28 18:06:47,mid-sep
2025/8/28 18:06:48,middle
2025/8/28 18:07:04,corridor
2025/8/28 18:07:05,side
2025/8/28 18:47:33,corridor
2025/8/28 18:47:33,middle
2025/8/28 18:47:36,mid-sep
2025/8/28 18:47:40,middle
2025/8/28 18:49:24,mid-sep
2025/8/28 18:49:27,middle
2025/8/28 18:49:55,corridor
2025/8/28 18:50:02,side
2025/8/28 19:06:31,corridor
2025/8/28 19:06:34,middle
2025/8/28 19:08:07,mid-sep
2025/8/28 19:08:31,middle
2025/8/28 19:08:40,corridor
2025/8/28 19:08:42,side
2025/8/28 19:19:32,corridor
2025/8/28 19:19:33,middle
2025/8/28 19:21:16,corridor
2025/8/28 19:21:18,side
2025/8/28 19:33:52,corridor
2025/8/28 19:33:56,middle
2025/8/28 19:33:57,mid-sep
2025/8/28 19:33:59,middle
2025/8/28 19:36:31,corridor
2025/8/28 19:36:32,side
2025/8/28 19:44:46,corridor
2025/8/28 19:44:48,middle
2025/8/28 19:44:51,mid-sep
2025/8/28 19:44:53,middle
2025/8/28 19:45:10,corridor
2025/8/28 19:45:11,side
2025/8/28 19:45:15,corridor
2025/8/28 19:45:16,middle
2025/8/28 19:46:56,corridor
2025/8/28 19:47:02,side
2025/8/28 19:47:14,corridor
2025/8/28 19:47:15,side
2025/8/28 19:54:15,corridor
2025/8/28 19:54:16,middle
2025/8/28 19:54:22,corridor
2025/8/28 19:54:25,middle
2025/8/28 19:59:05,corridor
2025/8/28 19:59:12,side
2025/8/28 19:59:50,corridor
2025/8/28 19:59:51,middle
2025/8/28 19:59:55,corridor
2025/8/28 19:59:58,side
2025/8/28 20:04:47,corridor
2025/8/28 20:04:49,middle
2025/8/28 20:04:51,corridor
2025/8/28 20:04:52,side
2025/8/28 20:08:01,corridor
2025/8/28 20:08:02,middle
2025/8/28 20:13:56,corridor
2025/8/28 20:14:00,side
2025/8/28 20:21:56,corridor
2025/8/28 20:21:57,middle
2025/8/28 20:25:38,corridor
2025/8/28 20:25:40,side
2025/8/28 20:27:40,corridor
2025/8/28 20:27:42,middle
2025/8/28 20:29:28,mid-sep
2025/8/28 20:29:58,middle
2025/8/28 20:30:07,corridor
2025/8/28 20:30:08,side
2025/8/28 20:30:49,corridor
2025/8/28 20:30:51,middle
2025/8/28 20:32:07,mid-sep
2025/8/28 20:32:08,middle
2025/8/28 20:32:09,corridor
2025/8/28 20:32:09,side
2025/8/28 20:36:43,corridor
2025/8/28 20:38:19,middle
2025/8/28 20:39:44,corridor
2025/8/28 20:39:48,side
2025/8/28 20:46:59,corridor
2025/8/28 20:47:01,middle
2025/8/28 20:49:14,mid-sep
2025/8/28 20:49:33,middle
2025/8/28 20:49:43,corridor
2025/8/28 20:49:47,side
2025/8/28 20:59:39,corridor
2025/8/28 20:59:40,side
2025/8/28 21:38:14,corridor
2025/8/28 21:38:16,middle
2025/8/28 21:38:43,corridor
2025/8/28 21:38:45,side
2025/8/28 22:13:18,corridor
2025/8/28 22:13:19,middle
2025/8/28 22:13:20,mid-sep
2025/8/28 22:13:21,middle
2025/8/28 22:18:53,mid-sep
2025/8/28 22:19:15,middle
2025/8/28 22:19:18,corridor
2025/8/28 22:19:20,side
2025/8/28 22:24:07,corridor
2025/8/28 22:24:09,middle
2025/8/28 22:29:11,mid-sep
2025/8/28 22:29:59,middle
2025/8/28 22:30:18,corridor
2025/8/28 22:30:22,side
2025/8/28 22:43:34,corridor
2025/8/28 22:43:57,side
2025/8/28 22:47:17,corridor
2025/8/28 22:47:18,middle
2025/8/28 22:48:19,mid-sep
2025/8/28 22:48:33,middle
2025/8/28 22:48:53,corridor
2025/8/28 22:48:54,side
2025/8/28 22:49:51,corridor
2025/8/28 22:49:53,middle
2025/8/28 22:49:56,corridor
2025/8/28 22:50:05,side
2025/8/28 22:50:12,corridor
2025/8/28 22:50:13,middle
2025/8/28 22:53:06,corridor
2025/8/28 22:53:08,side
2025/8/28 22:54:00,corridor
2025/8/28 22:54:04,middle
2025/8/28 22:54:11,corridor
2025/8/28 22:54:29,side
2025/8/28 22:54:34,corridor
2025/8/28 22:54:35,side
2025/8/28 22:57:42,corridor
2025/8/28 22:57:44,middle
2025/8/28 22:57:47,corridor
2025/8/28 22:57:51,side
2025/8/28 22:57:53,corridor
2025/8/28 22:57:54,middle
2025/8/28 23:01:44,corridor
2025/8/28 23:01:50,side
2025/8/28 23:08:48,corridor
2025/8/28 23:08:51,middle
2025/8/28 23:08:54,mid-sep
2025/8/28 23:08:55,middle
2025/8/28 23:08:56,corridor
2025/8/28 23:08:57,side
2025/8/28 23:13:25,corridor
2025/8/28 23:13:26,side
2025/8/28 23:15:03,corridor
2025/8/28 23:15:05,middle
2025/8/28 23:18:06,mid-sep
2025/8/28 23:18:07,middle
2025/8/28 23:18:50,mid-sep
2025/8/28 23:19:21,middle
2025/8/28 23:19:27,corridor
2025/8/28 23:19:28,side
2025/8/28 23:21:09,corridor
2025/8/28 23:21:10,middle
2025/8/28 23:26:06,corridor
2025/8/28 23:26:06,side
2025/8/28 23:59:59,side
