Cday,CT,bin,data
1,18,10,0
1,19,1,0
1,19,2,0
1,19,3,0
1,19,4,0
1,19,5,0
1,19,6,0
1,19,7,0
1,19,8,0
1,19,9,0
1,19,10,0
1,20,1,0
1,20,2,27.8870292887029
1,20,3,57.7364016736402
1,20,4,120.150627615063
1,20,5,82.5271966527198
1,20,6,126.234309623431
1,20,7,67.9539748953974
1,20,8,8.5857740585774
1,20,9,0
1,20,10,0
1,21,1,0
1,21,2,0
1,21,3,0
1,21,4,0
1,21,5,0
1,21,6,0
1,21,7,0
1,21,8,0
1,21,9,0
1,21,10,0
1,22,1,0
1,22,2,0
1,22,3,0
1,22,4,0
1,22,5,0
1,22,6,0
1,22,7,0
1,22,8,0
1,22,9,0
1,22,10,0
1,23,1,0
1,23,2,0
1,23,3,0
1,23,4,0
1,23,5,0
1,23,6,0
1,23,7,0
1,23,8,0
1,23,9,0
1,23,10,0
1,24,1,15.4769874476987
1,0,2,22.4811715481172
1,0,3,8.42677824267784
1,0,4,0
1,0,5,0
1,0,6,0
1,0,7,0
1,0,8,0
1,0,9,0
1,0,10,0
1,1,1,0.48953974895397
1,1,2,0.518828451882848
1,1,3,42.0794979079502
1,1,4,106.648535564854
1,1,5,112.405857740586
1,1,6,52.4686192468616
1,1,7,0
1,1,8,0
1,1,9,0
1,1,10,0
1,2,1,1.62343096234309
1,2,2,6.38493723849373
1,2,3,21.6736401673641
1,2,4,62.8451882845183
1,2,5,64.6234309623438
1,2,6,3.17991631799166
1,2,7,0.355648535564854
1,2,8,0.652719665271956
1,2,9,0
1,2,10,0
1,3,1,0
1,3,2,0
1,3,3,0
1,3,4,0
1,3,5,0
1,3,6,0
1,3,7,0.543933054393303
1,3,8,11.489539748954
1,3,9,62.2468619246852
1,3,10,102.142259414227
1,4,1,6.09205020920506
1,4,2,0
1,4,3,0
1,4,4,0
1,4,5,0
1,4,6,0
1,4,7,0
1,4,8,0
1,4,9,0
1,4,10,0
1,5,1,0
1,5,2,0
1,5,3,0
1,5,4,0
1,5,5,0
1,5,6,0
1,5,7,0
1,5,8,0
1,5,9,0
1,5,10,0
1,6,1,0
1,6,2,0
1,6,3,0
1,6,4,0
1,6,5,0
1,6,6,0
1,6,7,0
1,6,8,0.0878661087865935
1,6,9,7.28870292887024
1,6,10,75.7112970711298
1,7,1,105.623430962343
1,7,2,10.0502092050205
1,7,3,86.6276150627599
1,7,4,3.35146443514582
1,7,5,0
1,7,6,0
1,7,7,0
1,7,8,0
1,7,9,0
1,7,10,0
1,8,1,0
1,8,2,0
1,8,3,0
1,8,4,0
1,8,5,0
1,8,6,0
1,8,7,0
1,8,8,0
1,8,9,0
1,8,10,0
1,9,1,0
1,9,2,0
1,9,3,0
1,9,4,0
1,9,5,0
1,9,6,0
1,9,7,8.46861924686188
1,9,8,3.38493723849381
1,9,9,132.799163179916
1,9,10,154.401673640168
1,10,1,48.3221757322172
1,10,2,3.53556485355652
1,10,3,0
1,10,4,0
1,10,5,0
1,10,6,0
1,10,7,0
1,10,8,0
1,10,9,2.67782426778246
1,10,10,46.9707112970706
1,11,1,87.9288702928874
1,11,2,145.037656903765
1,11,3,173.543933054393
1,11,4,83.3682008368202
1,11,5,42.6234309623429
1,11,6,128.581589958159
1,11,7,131.60669456067
1,11,8,113.476987447698
1,11,9,147.188284518828
1,11,10,91.6694560669457
1,12,1,112.543933054395
1,12,2,123.585774058577
1,12,3,40.5020920502102
1,12,4,81.4142259414233
1,12,5,180.133891213389
1,12,6,194.820083682008
1,12,7,94.2803347280341
1,12,8,80.9121338912114
1,12,9,154.531380753138
1,12,10,145.707112970712
1,13,1,90.1715481171546
1,13,2,91.9288702928862
1,13,3,98.6987447698728
1,13,4,28.606694560669
1,13,5,0
1,13,6,0
1,13,7,0
1,13,8,0
1,13,9,0
1,13,10,0
1,14,1,0
1,14,2,0
1,14,3,0
1,14,4,0
1,14,5,0
1,14,6,0
1,14,7,0
1,14,8,0
1,14,9,0
1,14,10,0
1,15,1,0
1,15,2,0
1,15,3,0
1,15,4,0
1,15,5,0
1,15,6,0
1,15,7,0
1,15,8,0
1,15,9,0
1,15,10,0
1,16,1,0
1,16,2,0
1,16,3,1.52301255230134
1,16,4,5.53556485355642
1,16,5,0
1,16,6,0
1,16,7,0
1,16,8,0
1,16,9,0
1,16,10,0
1,17,1,0
1,17,2,0
1,17,3,0
1,17,4,0
1,17,5,0
1,17,6,0
1,17,7,0
1,17,8,0
1,17,9,0
1,17,10,0
1,18,1,0.669456066945729
1,18,2,11.3472803347278
1,18,3,31.3430962343091
1,18,4,0.585774058577298
1,18,5,13.5313807531382
1,18,6,0
1,18,7,0
1,18,8,0
1,18,9,0
2,18,10,0
2,19,1,0
2,19,2,0
2,19,3,0
2,19,4,0
2,19,5,0
2,19,6,0
2,19,7,0
2,19,8,0
2,19,9,0
2,19,10,0
2,20,1,0
2,20,2,0
2,20,3,0
2,20,4,0
2,20,5,0
2,20,6,0
2,20,7,0
2,20,8,0
2,20,9,0
2,20,10,0.832635983263598
2,21,1,0.175732217573223
2,21,2,0
2,21,3,0
2,21,4,0
2,21,5,0
2,21,6,0
2,21,7,0
2,21,8,0
2,21,9,0
2,21,10,0
2,22,1,0
2,22,2,0
2,22,3,0
2,22,4,0
2,22,5,0
2,22,6,0
2,22,7,0
2,22,8,0
2,22,9,0
2,22,10,0
2,23,1,0
2,23,2,0
2,23,3,0
2,23,4,0
2,23,5,48.0041841004181
2,23,6,30.8702928870292
2,23,7,0.786610878661077
2,23,8,0
2,23,9,0
2,23,10,0
2,24,1,0
2,0,2,0
2,0,3,0
2,0,4,0
2,0,5,0
2,0,6,0
2,0,7,1.04602510460251
2,0,8,0.970711297071136
2,0,9,4.05020920502091
2,0,10,4.01673640167369
2,1,1,0
2,1,2,0
2,1,3,0
2,1,4,0
2,1,5,0
2,1,6,12.0878661087867
2,1,7,62.1464435146448
2,1,8,85.4518828451879
2,1,9,32.9121338912136
2,1,10,0
2,2,1,0
2,2,2,0
2,2,3,0
2,2,4,5.71129707112957
2,2,5,9.41422594142271
2,2,6,0
2,2,7,0
2,2,8,0
2,2,9,0
2,2,10,0
2,3,1,0
2,3,2,0
2,3,3,0
2,3,4,0
2,3,5,2.88702928870289
2,3,6,9.15899581589959
2,3,7,16.5188284518828
2,3,8,30.928870292887
2,3,9,0
2,3,10,0
2,4,1,0
2,4,2,0
2,4,3,0
2,4,4,0
2,4,5,0
2,4,6,0
2,4,7,0
2,4,8,0
2,4,9,0
2,4,10,0
2,5,1,0
2,5,2,0
2,5,3,0
2,5,4,0
2,5,5,0
2,5,6,0
2,5,7,0
2,5,8,0
2,5,9,0.17573221757324
2,5,10,6.0543933054392
2,6,1,53.2845188284519
2,6,2,53.4225941422594
2,6,3,0
2,6,4,0
2,6,5,0
2,6,6,0
2,6,7,0
2,6,8,0
2,6,9,0
2,6,10,0
2,7,1,0
2,7,2,0
2,7,3,0
2,7,4,0
2,7,5,0
2,7,6,0
2,7,7,0
2,7,8,0
2,7,9,0
2,7,10,0
2,8,1,0
2,8,2,0
2,8,3,0
2,8,4,0
2,8,5,0
2,8,6,2.58577405857741
2,8,7,2.14644351464435
2,8,8,0.309623430962383
2,8,9,0
2,8,10,0
2,9,1,0
2,9,2,0
2,9,3,0
2,9,4,0
2,9,5,0
2,9,6,0
2,9,7,0
2,9,8,0
2,9,9,0
2,9,10,0
2,10,1,0
2,10,2,0
2,10,3,0
2,10,4,0
2,10,5,9.13807531380756
2,10,6,69.9539748953984
2,10,7,151.267782426779
2,10,8,65.8368200836838
2,10,9,4.297071129707
2,10,10,0
2,11,1,0
2,11,2,0
2,11,3,87.7656903765674
2,11,4,166.242677824268
2,11,5,146.464435146444
2,11,6,142.326359832636
2,11,7,103.389121338913
2,11,8,79.5062761506273
2,11,9,51.4393305439332
2,11,10,70.3054393305438
2,12,1,43.9581589958147
2,12,2,0
2,12,3,0
2,12,4,0
2,12,5,0
2,12,6,0
2,12,7,0
2,12,8,0
2,12,9,0
2,12,10,0
2,13,1,0
2,13,2,0
2,13,3,0
2,13,4,0
2,13,5,0
2,13,6,0
2,13,7,0
2,13,8,0
2,13,9,0
2,13,10,0
2,14,1,4.01673640167369
2,14,2,72.1422594142253
2,14,3,141.054393305439
2,14,4,133.397489539749
2,14,5,181.322175732218
2,14,6,120.899581589958
2,14,7,29.8326359832642
2,14,8,0.343096234309639
2,14,9,0.665271966527188
2,14,10,0
2,15,1,0
2,15,2,0
2,15,3,0
2,15,4,0
2,15,5,0
2,15,6,0
2,15,7,0
2,15,8,0
2,15,9,0
2,15,10,0
2,16,1,0
2,16,2,0
2,16,3,0
2,16,4,0
2,16,5,0
2,16,6,0
2,16,7,0
2,16,8,0
2,16,9,0
2,16,10,0
2,17,1,0
2,17,2,0
2,17,3,0
2,17,4,0
2,17,5,0
2,17,6,0
2,17,7,0
2,17,8,0
2,17,9,0
2,17,10,0
2,18,1,0
2,18,2,0
2,18,3,0
2,18,4,0.0418410041840927
2,18,5,3.97907949790732
2,18,6,89.3472803347281
2,18,7,64.6192468619246
2,18,8,100.154811715481
2,18,9,0
3,18,10,0
3,19,1,0
3,19,2,0
3,19,3,0
3,19,4,0
3,19,5,0
3,19,6,0
3,19,7,0
3,19,8,0
3,19,9,0
3,19,10,0
3,20,1,0
3,20,2,0
3,20,3,0
3,20,4,0
3,20,5,0
3,20,6,0
3,20,7,0
3,20,8,0
3,20,9,0
3,20,10,0
3,21,1,0
3,21,2,0
3,21,3,0
3,21,4,0
3,21,5,20.5941422594142
3,21,6,23
3,21,7,2.59832635983262
3,21,8,0
3,21,9,0
3,21,10,0
3,22,1,0
3,22,2,0
3,22,3,0
3,22,4,0
3,22,5,0
3,22,6,0
3,22,7,0
3,22,8,0
3,22,9,0
3,22,10,0
3,23,1,0
3,23,2,0
3,23,3,0
3,23,4,0
3,23,5,0
3,23,6,0
3,23,7,0
3,23,8,0
3,23,9,0
3,23,10,0
3,24,1,0
3,0,2,0
3,0,3,0
3,0,4,0
3,0,5,0
3,0,6,11.4853556485356
3,0,7,17.2845188284519
3,0,8,4.3682008368201
3,0,9,0
3,0,10,0
3,1,1,0
3,1,2,0
3,1,3,0
3,1,4,33.6820083682007
3,1,5,107.882845188285
3,1,6,55.7196652719666
3,1,7,7.56903765690372
3,1,8,0
3,1,9,0
3,1,10,0
3,2,1,0
3,2,2,0
3,2,3,0
3,2,4,0
3,2,5,0
3,2,6,0
3,2,7,10.1673640167364
3,2,8,79.6694560669459
3,2,9,36.6903765690381
3,2,10,3.99163179916314
3,3,1,2.03347280334731
3,3,2,0
3,3,3,0
3,3,4,0
3,3,5,0
3,3,6,0
3,3,7,0
3,3,8,0
3,3,9,0
3,3,10,0
3,4,1,0
3,4,2,0
3,4,3,0
3,4,4,0
3,4,5,0
3,4,6,0
3,4,7,0
3,4,8,1.76987447698747
3,4,9,1.24267782426777
3,4,10,0
3,5,1,0
3,5,2,0
3,5,3,0
3,5,4,0
3,5,5,0
3,5,6,0
3,5,7,0
3,5,8,0
3,5,9,0
3,5,10,0
3,6,1,0
3,6,2,0
3,6,3,0
3,6,4,0
3,6,5,0
3,6,6,0
3,6,7,0
3,6,8,0
3,6,9,0
3,6,10,0
3,7,1,0
3,7,2,0
3,7,3,0
3,7,4,0
3,7,5,0
3,7,6,0
3,7,7,0
3,7,8,0
3,7,9,0
3,7,10,0
3,8,1,0
3,8,2,0
3,8,3,35.0376569037644
3,8,4,72.8493723849372
3,8,5,54.5564853556486
3,8,6,23.3305439330538
3,8,7,0
3,8,8,0
3,8,9,0
3,8,10,0
3,9,1,0
3,9,2,0
3,9,3,0
3,9,4,0
3,9,5,0
3,9,6,0
3,9,7,0
3,9,8,0
3,9,9,0
3,9,10,0
3,10,1,0
3,10,2,0
3,10,3,0
3,10,4,0
3,10,5,0
3,10,6,1.04184100418412
3,10,7,1.97071129707113
3,10,8,16.9456066945603
3,10,9,80.4602510460261
3,10,10,131.414225941423
3,11,1,75.4476987447702
3,11,2,10.309623430962
3,11,3,52.9874476987436
3,11,4,99.255230125523
3,11,5,116.242677824268
3,11,6,102.794979079496
3,11,7,0
3,11,8,0
3,11,9,0
3,11,10,0
3,12,1,0
3,12,2,5.60669456066942
3,12,3,14.4769874476989
3,12,4,0
3,12,5,0
3,12,6,0
3,12,7,0
3,12,8,0
3,12,9,0
3,12,10,0
3,13,1,0
3,13,2,0
3,13,3,0
3,13,4,0
3,13,5,0
3,13,6,0
3,13,7,0
3,13,8,0
3,13,9,0
3,13,10,0
3,14,1,0
3,14,2,0
3,14,3,0
3,14,4,0
3,14,5,0
3,14,6,3.77824267782455
3,14,7,40.6820083682016
3,14,8,141.062761506277
3,14,9,182.845188284519
3,14,10,165.016736401677
3,15,1,0.841004184100414
3,15,2,0
3,15,3,0
3,15,4,0
3,15,5,0
3,15,6,0
3,15,7,0
3,15,8,0
3,15,9,0
3,15,10,0
3,16,1,0
3,16,2,0
3,16,3,0
3,16,4,0
3,16,5,0
3,16,6,0
3,16,7,0
3,16,8,0
3,16,9,0
3,16,10,0
3,17,1,0
3,17,2,0
3,17,3,0
3,17,4,0.313807531380755
3,17,5,4.70711297071133
3,17,6,0
3,17,7,0
3,17,8,0
3,17,9,0
3,17,10,0
3,18,1,0
3,18,2,0
3,18,3,0
3,18,4,0
3,18,5,0
3,18,6,0
3,18,7,0
3,18,8,0
3,18,9,0
4,18,10,0
4,19,1,0
4,19,2,0
4,19,3,0
4,19,4,0
4,19,5,0
4,19,6,0
4,19,7,0
4,19,8,0
4,19,9,0
4,19,10,0
4,20,1,0
4,20,2,0
4,20,3,0
4,20,4,0
4,20,5,0
4,20,6,0
4,20,7,0
4,20,8,0
4,20,9,0
4,20,10,0
4,21,1,0
4,21,2,0
4,21,3,12.9205020920502
4,21,4,91.9205020920502
4,21,5,111
4,21,6,84.3974895397489
4,21,7,17.3974895397489
4,21,8,0
4,21,9,0
4,21,10,0
4,22,1,0
4,22,2,0
4,22,3,0
4,22,4,0
4,22,5,0
4,22,6,0
4,22,7,0
4,22,8,0
4,22,9,0
4,22,10,0
4,23,1,0
4,23,2,0
4,23,3,0
4,23,4,0
4,23,5,0
4,23,6,0
4,23,7,0
4,23,8,0
4,23,9,0
4,23,10,0
4,24,1,1.14644351464435
4,0,2,84.468619246862
4,0,3,93.4644351464436
4,0,4,30.2677824267781
4,0,5,6.44351464435148
4,0,6,0
4,0,7,0
4,0,8,0
4,0,9,0
4,0,10,0
4,1,1,0
4,1,2,0
4,1,3,0
4,1,4,0
4,1,5,2.28033472803348
4,1,6,60.9623430962348
4,1,7,153.284518828452
4,1,8,104.133891213388
4,1,9,2.95815899581587
4,1,10,4.10041841004186
4,2,1,0
4,2,2,0
4,2,3,0
4,2,4,0
4,2,5,34.6317991631792
4,2,6,95.5481171548117
4,2,7,80.439330543933
4,2,8,29.372384937238
4,2,9,7.79497907949788
4,2,10,15.3974895397489
4,3,1,0
4,3,2,0
4,3,3,0
4,3,4,0
4,3,5,0
4,3,6,0
4,3,7,0
4,3,8,0
4,3,9,0
4,3,10,0
4,4,1,0
4,4,2,0
4,4,3,0
4,4,4,0
4,4,5,0
4,4,6,0
4,4,7,0
4,4,8,0
4,4,9,0
4,4,10,0
4,5,1,0
4,5,2,0
4,5,3,0
4,5,4,0
4,5,5,0
4,5,6,0
4,5,7,0
4,5,8,0
4,5,9,0
4,5,10,0
4,6,1,0
4,6,2,0
4,6,3,0
4,6,4,0
4,6,5,0
4,6,6,0
4,6,7,0
4,6,8,0
4,6,9,0
4,6,10,0
4,7,1,0
4,7,2,0
4,7,3,0
4,7,4,0
4,7,5,0
4,7,6,0
4,7,7,0
4,7,8,0
4,7,9,0
4,7,10,0
4,8,1,0
4,8,2,0
4,8,3,47.8995815899579
4,8,4,106.719665271966
4,8,5,90.5020920502093
4,8,6,127.510460251046
4,8,7,144.242677824268
4,8,8,45.4225941422618
4,8,9,4.40585774058567
4,8,10,0
4,9,1,0
4,9,2,0
4,9,3,0
4,9,4,0
4,9,5,0
4,9,6,0
4,9,7,0
4,9,8,0
4,9,9,0
4,9,10,0
4,10,1,0
4,10,2,0
4,10,3,0
4,10,4,0
4,10,5,0
4,10,6,0
4,10,7,0
4,10,8,0
4,10,9,0
4,10,10,0
4,11,1,0
4,11,2,87.6317991631794
4,11,3,116.920502092051
4,11,4,114.1589958159
4,11,5,58.3138075313816
4,11,6,118.129707112971
4,11,7,192.652719665272
4,11,8,176.046025104603
4,11,9,121.510460251046
4,11,10,87.4937238493724
4,12,1,35.3389121338902
4,12,2,0
4,12,3,0
4,12,4,0
4,12,5,0
4,12,6,0
4,12,7,0
4,12,8,0
4,12,9,0
4,12,10,0
4,13,1,0
4,13,2,3.33891213389115
4,13,3,59.4853556485377
4,13,4,99.2092050209201
4,13,5,115.765690376569
4,13,6,185.732217573222
4,13,7,164.26359832636
4,13,8,66.8577405857728
4,13,9,12.2133891213389
4,13,10,0.410041841004177
4,14,1,0.598326359832631
4,14,2,0
4,14,3,0
4,14,4,0
4,14,5,0
4,14,6,0
4,14,7,0
4,14,8,0
4,14,9,0
4,14,10,0
4,15,1,0
4,15,2,0
4,15,3,0
4,15,4,0
4,15,5,0
4,15,6,0
4,15,7,0
4,15,8,0
4,15,9,0
4,15,10,0
4,16,1,0
4,16,2,0
4,16,3,0
4,16,4,0
4,16,5,0
4,16,6,0
4,16,7,0
4,16,8,0
4,16,9,0
4,16,10,0
4,17,1,0
4,17,2,0
4,17,3,0
4,17,4,0
4,17,5,0
4,17,6,0
4,17,7,0
4,17,8,0
4,17,9,0
4,17,10,0
4,18,1,0
4,18,2,0
4,18,3,0
4,18,4,0
4,18,5,0
4,18,6,0
4,18,7,0
4,18,8,0
4,18,9,0
5,18,10,36
5,19,1,0.301255230125524
5,19,2,0
5,19,3,0
5,19,4,0
5,19,5,0
5,19,6,0
5,19,7,0
5,19,8,0
5,19,9,0
5,19,10,0
5,20,1,0
5,20,2,0
5,20,3,0
5,20,4,0
5,20,5,0
5,20,6,0
5,20,7,0
5,20,8,0
5,20,9,0
5,20,10,0
5,21,1,0
5,21,2,0
5,21,3,0
5,21,4,0
5,21,5,0
5,21,6,0
5,21,7,0
5,21,8,0
5,21,9,0
5,21,10,0
5,22,1,0
5,22,2,0
5,22,3,0
5,22,4,0
5,22,5,0
5,22,6,0
5,22,7,0
5,22,8,0
5,22,9,0
5,22,10,0
5,23,1,0
5,23,2,0
5,23,3,0
5,23,4,0
5,23,5,0
5,23,6,0
5,23,7,0
5,23,8,0
5,23,9,0
5,23,10,0
5,24,1,0
5,0,2,0
5,0,3,2.22594142259414
5,0,4,71.4184100418415
5,0,5,116.205020920502
5,0,6,50.1422594142259
5,0,7,0
5,0,8,0
5,0,9,0
5,0,10,0
5,1,1,0
5,1,2,0
5,1,3,0
5,1,4,0
5,1,5,0
5,1,6,0
5,1,7,2.63598326359836
5,1,8,40.0460251046031
5,1,9,80.7740585774059
5,1,10,108.55230125523
5,2,1,108.514644351465
5,2,2,68.0167364016737
5,2,3,68.4184100418408
5,2,4,0
5,2,5,0
5,2,6,0
5,2,7,0
5,2,8,29.5188284518837
5,2,9,107.029288702929
5,2,10,117.606694560669
5,3,1,44.9121338912133
5,3,2,20.5857740585773
5,3,3,0
5,3,4,0
5,3,5,0
5,3,6,0
5,3,7,0
5,3,8,0
5,3,9,0
5,3,10,0
5,4,1,0
5,4,2,0
5,4,3,0
5,4,4,0
5,4,5,0
5,4,6,5.30962343096236
5,4,7,46.0167364016739
5,4,8,127.280334728033
5,4,9,102.728033472803
5,4,10,0
5,5,1,0
5,5,2,0
5,5,3,0
5,5,4,0
5,5,5,0
5,5,6,0
5,5,7,0
5,5,8,0
5,5,9,0
5,5,10,0
5,6,1,0
5,6,2,0
5,6,3,0
5,6,4,0
5,6,5,0
5,6,6,0
5,6,7,0
5,6,8,0
5,6,9,0
5,6,10,0
5,7,1,0
5,7,2,0
5,7,3,0
5,7,4,0
5,7,5,0
5,7,6,0
5,7,7,0
5,7,8,0
5,7,9,0
5,7,10,0
5,8,1,0
5,8,2,0
5,8,3,11.531380753138
5,8,4,96.4728033472803
5,8,5,156.73640167364
5,8,6,48.5020920502088
5,8,7,92.3096234309624
5,8,8,182.447698744768
5,8,9,69.8033472803342
5,8,10,7.71966527196727
5,9,1,134.493723849374
5,9,2,47.1129707112959
5,9,3,3.93305439330566
5,9,4,0
5,9,5,0
5,9,6,0
5,9,7,0
5,9,8,0
5,9,9,0
5,9,10,0
5,10,1,0
5,10,2,0
5,10,3,0
5,10,4,0
5,10,5,53.4225941422596
5,10,6,160.736401673642
5,10,7,119.087866108786
5,10,8,87.0669456066945
5,10,9,61.5523012552298
5,10,10,41.3891213389122
5,11,1,62.8033472803352
5,11,2,43.7824267782429
5,11,3,83.2384937238483
5,11,4,137.338912133891
5,11,5,124.610878661088
5,11,6,126.715481171548
5,11,7,54.8535564853564
5,11,8,0
5,11,9,0
5,11,10,68.133891213389
5,12,1,110.033472803347
5,12,2,125.866108786611
5,12,3,123.669456066946
5,12,4,50.3430962343091
5,12,5,0.928870292887044
5,12,6,0
5,12,7,0
5,12,8,0
5,12,9,0
5,12,10,0
5,13,1,0
5,13,2,0
5,13,3,0
5,13,4,0
5,13,5,0
5,13,6,0
5,13,7,0
5,13,8,0
5,13,9,0
5,13,10,0
5,14,1,0
5,14,2,0
5,14,3,0
5,14,4,0
5,14,5,0
5,14,6,0
5,14,7,0
5,14,8,0
5,14,9,0
5,14,10,0
5,15,1,0
5,15,2,0
5,15,3,0
5,15,4,0
5,15,5,0
5,15,6,0
5,15,7,0
5,15,8,0
5,15,9,0
5,15,10,0
5,16,1,0
5,16,2,0
5,16,3,0
5,16,4,0
5,16,5,0
5,16,6,0
5,16,7,0
5,16,8,0
5,16,9,0
5,16,10,0
5,17,1,0
5,17,2,0
5,17,3,0
5,17,4,0
5,17,5,0
5,17,6,0
5,17,7,0
5,17,8,0
5,17,9,0.251046025104629
5,17,10,2.7740585774059
5,18,1,0
5,18,2,0
5,18,3,0
5,18,4,0
5,18,5,0
5,18,6,0
5,18,7,0
5,18,8,0
5,18,9,0
6,18,10,0
6,19,1,0
6,19,2,0
6,19,3,0
6,19,4,19.6652719665272
6,19,5,0.418410041841017
6,19,6,0
6,19,7,0
6,19,8,0
6,19,9,0
6,19,10,0
6,20,1,0
6,20,2,0
6,20,3,0
6,20,4,0
6,20,5,0
6,20,6,0
6,20,7,0
6,20,8,0
6,20,9,0
6,20,10,0
6,21,1,0
6,21,2,0
6,21,3,0
6,21,4,0
6,21,5,0
6,21,6,0
6,21,7,0
6,21,8,0
6,21,9,0
6,21,10,6.99581589958159
6,22,1,1.03765690376569
6,22,2,0
6,22,3,0
6,22,4,0
6,22,5,0
6,22,6,0
6,22,7,0
6,22,8,0
6,22,9,0
6,22,10,0
6,23,1,0
6,23,2,0
6,23,3,0
6,23,4,0
6,23,5,0
6,23,6,0
6,23,7,0
6,23,8,0
6,23,9,0
6,23,10,0
6,24,1,0
6,0,2,0
6,0,3,0
6,0,4,0
6,0,5,87.7656903765685
6,0,6,66.5271966527197
6,0,7,12.4016736401673
6,0,8,0
6,0,9,0
6,0,10,0
6,1,1,0
6,1,2,0
6,1,3,0
6,1,4,0
6,1,5,0
6,1,6,0
6,1,7,0
6,1,8,2.8619246861925
6,1,9,110.694560669455
6,1,10,139.857740585774
6,2,1,60.1924686192469
6,2,2,8.73640167364
6,2,3,0
6,2,4,0
6,2,5,0
6,2,6,0
6,2,7,0
6,2,8,0
6,2,9,0
6,2,10,0
6,3,1,0
6,3,2,0
6,3,3,0
6,3,4,0
6,3,5,0
6,3,6,0
6,3,7,0
6,3,8,12.6359832635984
6,3,9,64.5606694560663
6,3,10,69.8033472803348
6,4,1,21.7029288702927
6,4,2,0
6,4,3,0
6,4,4,0
6,4,5,0
6,4,6,0
6,4,7,0
6,4,8,0
6,4,9,0
6,4,10,0
6,5,1,0
6,5,2,0
6,5,3,0
6,5,4,0
6,5,5,0
6,5,6,0
6,5,7,0
6,5,8,0
6,5,9,0
6,5,10,0
6,6,1,0
6,6,2,0
6,6,3,0
6,6,4,0
6,6,5,0
6,6,6,0
6,6,7,0
6,6,8,0
6,6,9,0
6,6,10,0
6,7,1,0
6,7,2,0
6,7,3,0
6,7,4,0
6,7,5,0
6,7,6,0
6,7,7,0
6,7,8,0
6,7,9,0
6,7,10,0
6,8,1,0
6,8,2,0
6,8,3,0
6,8,4,0
6,8,5,0
6,8,6,1.723849372385
6,8,7,18.9372384937241
6,8,8,81.2594142259404
6,8,9,130.63179916318
6,8,10,92.9037656903774
6,9,1,33.0376569037653
6,9,2,0
6,9,3,0
6,9,4,0
6,9,5,0
6,9,6,0
6,9,7,0
6,9,8,0
6,9,9,0
6,9,10,0
6,10,1,0
6,10,2,0
6,10,3,0
6,10,4,0
6,10,5,0
6,10,6,14.5857740585777
6,10,7,75.2803347280334
6,10,8,144.76150627615
6,10,9,163.364016736402
6,10,10,168.083682008368
6,11,1,122.87029288703
6,11,2,48.125523012553
6,11,3,0
6,11,4,26.0460251046027
6,11,5,82.071129707113
6,11,6,96.7991631799171
6,11,7,150.966527196653
6,11,8,169.284518828452
6,11,9,110.355648535565
6,11,10,53.3472803347291
6,12,1,0
6,12,2,0
6,12,3,0
6,12,4,0
6,12,5,0
6,12,6,0
6,12,7,0
6,12,8,0
6,12,9,0
6,12,10,0.740585774058562
6,13,1,2.7573221757322
6,13,2,1.52301255230124
6,13,3,0
6,13,4,0
6,13,5,0
6,13,6,0
6,13,7,0
6,13,8,0
6,13,9,0
6,13,10,0
6,14,1,0
6,14,2,0
6,14,3,0
6,14,4,0
6,14,5,0
6,14,6,0
6,14,7,0
6,14,8,0
6,14,9,0
6,14,10,0
6,15,1,0
6,15,2,0
6,15,3,0
6,15,4,0
6,15,5,0
6,15,6,0
6,15,7,0
6,15,8,0
6,15,9,0
6,15,10,0
6,16,1,0
6,16,2,0
6,16,3,0
6,16,4,0
6,16,5,0
6,16,6,0
6,16,7,0
6,16,8,0
6,16,9,0
6,16,10,0
6,17,1,0
6,17,2,0
6,17,3,0
6,17,4,0
6,17,5,0
6,17,6,0
6,17,7,0
6,17,8,0
6,17,9,0
6,17,10,0
6,18,1,0
6,18,2,0
6,18,3,0
6,18,4,0
6,18,5,0
6,18,6,0
6,18,7,0
6,18,8,0.0627615062762568
6,18,9,15
7,18,10,0
7,19,1,0
7,19,2,0
7,19,3,0
7,19,4,0
7,19,5,0
7,19,6,0
7,19,7,0
7,19,8,0
7,19,9,0
7,19,10,0
7,20,1,0
7,20,2,0
7,20,3,0
7,20,4,0
7,20,5,0
7,20,6,0
7,20,7,0
7,20,8,0
7,20,9,0
7,20,10,0
7,21,1,0
7,21,2,7.34309623430963
7,21,3,74.4100418410043
7,21,4,65.2259414225941
7,21,5,12.3430962343097
7,21,6,0
7,21,7,0
7,21,8,0
7,21,9,0
7,21,10,0
7,22,1,0
7,22,2,0
7,22,3,0
7,22,4,0
7,22,5,0
7,22,6,0
7,22,7,0
7,22,8,0
7,22,9,0
7,22,10,0
7,23,1,0
7,23,2,0
7,23,3,0
7,23,4,0
7,23,5,0
7,23,6,0
7,23,7,0
7,23,8,18.5481171548117
7,23,9,85.2761506276152
7,23,10,51.4644351464439
7,24,1,0
7,0,2,0
7,0,3,0
7,0,4,0
7,0,5,0
7,0,6,0
7,0,7,0
7,0,8,0
7,0,9,0
7,0,10,0
7,1,1,0
7,1,2,0
7,1,3,13.7112970711299
7,1,4,16.9246861924686
7,1,5,1.63179916317991
7,1,6,0
7,1,7,10.9832635983265
7,1,8,61.6317991631805
7,1,9,98.5899581589959
7,1,10,85.4853556485355
7,2,1,52.8786610878662
7,2,2,0
7,2,3,0
7,2,4,0
7,2,5,13.033472803347
7,2,6,70.3096234309618
7,2,7,116.707112970711
7,2,8,58.0920502092041
7,2,9,0
7,2,10,0
7,3,1,0
7,3,2,0
7,3,3,0
7,3,4,0
7,3,5,0
7,3,6,0
7,3,7,0
7,3,8,0
7,3,9,0
7,3,10,0
7,4,1,0
7,4,2,0
7,4,3,0
7,4,4,0
7,4,5,0
7,4,6,0
7,4,7,0
7,4,8,0
7,4,9,0
7,4,10,0
7,5,1,0
7,5,2,0
7,5,3,0
7,5,4,0
7,5,5,0
7,5,6,0
7,5,7,0
7,5,8,0
7,5,9,0
7,5,10,0
7,6,1,0
7,6,2,0
7,6,3,0.761506276150662
7,6,4,15.5648535564855
7,6,5,51.1631799163174
7,6,6,129.071129707114
7,6,7,31.3305439330545
7,6,8,0
7,6,9,0
7,6,10,0
7,7,1,0
7,7,2,0
7,7,3,0
7,7,4,0
7,7,5,0
7,7,6,0
7,7,7,0
7,7,8,0
7,7,9,0
7,7,10,0
7,8,1,0
7,8,2,0
7,8,3,0
7,8,4,0
7,8,5,0
7,8,6,0
7,8,7,0
7,8,8,0
7,8,9,0
7,8,10,0
7,9,1,0
7,9,2,0
7,9,3,17.6736401673638
7,9,4,4.51046025104577
7,9,5,0
7,9,6,0
7,9,7,0
7,9,8,0
7,9,9,0
7,9,10,0
7,10,1,0
7,10,2,0
7,10,3,0
7,10,4,0
7,10,5,0.702928870292889
7,10,6,32.9497907949796
7,10,7,109.443514644352
7,10,8,64.1171548117167
7,10,9,9.58577405857717
7,10,10,0
7,11,1,6.52719665271978
7,11,2,3.55648535564858
7,11,3,0
7,11,4,0
7,11,5,0
7,11,6,0
7,11,7,0
7,11,8,3.56485355648524
7,11,9,61.0627615062759
7,11,10,134.066945606695
7,12,1,157.861924686192
7,12,2,147.468619246862
7,12,3,102.443514644352
7,12,4,34.4686192468616
7,12,5,51.7364016736395
7,12,6,44.4435146443507
7,12,7,0
7,12,8,0
7,12,9,0
7,12,10,0.493723849372373
7,13,1,0.514644351464432
7,13,2,0
7,13,3,0
7,13,4,0
7,13,5,0
7,13,6,0
7,13,7,0
7,13,8,0
7,13,9,0
7,13,10,0
7,14,1,0
7,14,2,0
7,14,3,0
7,14,4,0
7,14,5,0
7,14,6,0
7,14,7,0
7,14,8,0
7,14,9,0
7,14,10,0
7,15,1,0
7,15,2,0
7,15,3,0
7,15,4,0
7,15,5,0
7,15,6,0
7,15,7,0
7,15,8,0
7,15,9,0.251046025104602
7,15,10,10.221757322175
7,16,1,30.564853556485
7,16,2,2.32217573221756
7,16,3,0
7,16,4,0
7,16,5,0
7,16,6,0
7,16,7,0
7,16,8,0
7,16,9,0
7,16,10,0
7,17,1,0
7,17,2,0
7,17,3,0
7,17,4,0
7,17,5,0
7,17,6,0
7,17,7,0
7,17,8,0
7,17,9,0
7,17,10,0
7,18,1,0
7,18,2,0.585774058577298
7,18,3,9.49790794979064
7,18,4,0
7,18,5,0
7,18,6,0
7,18,7,0
7,18,8,0
7,18,9,0
