,Cday,CT,bin_ct,data_ct,middle_ct,midsep_ct,others_ct
0,1,0,1,180.625,361.25,0.0,0.0
1,1,0,2,182.1249999999983,358.2500000000034,2.9999999999965894,0.0
2,1,0,3,88.75000000017695,135.49999999999193,21.00000000018099,204.74999999982708
3,1,0,4,156.50000000010436,295.00000000021646,8.999999999996135,57.249999999787406
4,1,0,5,180.625,361.25,0.0,0.0
5,1,0,6,180.625,361.25,0.0,0.0
6,1,0,7,210.9999999999584,204.50000000018235,108.74999999986721,47.99999999995043
7,1,0,8,68.25000000015143,107.99999999985903,14.250000000221917,238.99999999991905
8,1,0,9,145.99999999992224,200.00000000020464,45.99999999981992,115.24999999997544
9,1,0,10,203.24999999988654,104.49999999990041,150.99999999993634,105.75000000016325
10,1,1,1,121.25000000006548,60.50000000014461,90.99999999999318,209.7499999998622
11,1,1,2,113.5000000000623,13.000000000058208,107.0000000000332,241.2499999999086
12,1,1,3,86.2499999999136,90.00000000012551,41.24999999985084,230.00000000002365
13,1,1,4,166.2500000000905,174.99999999970805,78.75000000023647,107.50000000005548
14,1,1,5,155.87500000006685,65.74999999994452,123.00000000009459,172.4999999999609
15,1,1,6,190.12499999995407,234.2500000001919,72.99999999985812,53.99999999994998
16,1,1,7,67.62499999973534,51.25000000007276,41.99999999969896,268.0000000002283
17,1,1,8,54.87499999996089,71.75000000023101,18.999999999845386,270.4999999999236
18,1,1,9,36.2499999998563,25.000000000241926,23.749999999735337,312.50000000002274
19,1,1,10,5.75000000010823,0.9999999998599378,5.250000000178261,233.99999999999181
20,1,2,1,,,,
21,1,2,2,,,,
22,1,2,3,,,,
23,1,2,4,,,,
24,1,2,5,,,,
25,1,2,6,58.49999999982265,40.00000000023465,38.499999999705324,163.99999999998727
26,1,2,7,147.50000000023192,169.99999999977626,62.50000000034379,128.74999999987995
27,1,2,8,78.49999999998454,46.99999999993997,55.00000000001455,259.2500000000455
28,1,2,9,40.999999999899046,35.999999999972715,22.99999999991269,302.2499999999636
29,1,2,10,0.0,0.0,0.0,361.25
30,1,3,1,0.0,0.0,0.0,361.25
31,1,3,2,0.0,0.0,0.0,361.25
32,1,3,3,0.0,0.0,0.0,361.25
33,1,3,4,0.0,0.0,0.0,361.25
34,1,3,5,0.0,0.0,0.0,361.25
35,1,3,6,0.0,0.0,0.0,361.25
36,1,3,7,0.0,0.0,0.0,361.25
37,1,3,8,0.0,0.0,0.0,361.25
38,1,3,9,0.0,0.0,0.0,361.25
39,1,3,10,0.0,0.0,0.0,361.25
40,1,4,1,0.0,0.0,0.0,361.25
41,1,4,2,0.0,0.0,0.0,361.25
42,1,4,3,0.0,0.0,0.0,361.25
43,1,4,4,0.0,0.0,0.0,361.25
44,1,4,5,0.0,0.0,0.0,361.25
45,1,4,6,0.0,0.0,0.0,361.25
46,1,4,7,0.0,0.0,0.0,361.25
47,1,4,8,0.0,0.0,0.0,361.25
48,1,4,9,44.1249999999236,10.249999999919964,38.99999999996362,312.0000000001164
49,1,4,10,158.37499999999636,226.7500000000873,44.999999999952706,89.49999999995998
50,1,5,1,131.87500000003274,235.7499999998181,14.000000000123691,111.50000000005821
51,1,5,2,42.625000000043656,21.249999999869033,32.00000000010914,308.0000000000218
52,1,5,3,105.25000000001637,16.00000000005457,97.24999999998909,247.99999999995634
53,1,5,4,255.25000000012733,81.99999999999272,214.25000000013097,64.99999999987631
54,1,5,5,209.5000000000491,180.0000000000473,119.50000000002547,61.74999999992724
55,1,5,6,0.0,0.0,0.0,361.25
56,1,5,7,55.00000000002183,27.9999999998181,41.00000000011278,292.2500000000691
57,1,5,8,0.0,0.0,0.0,361.25
58,1,5,9,0.0,0.0,0.0,361.25
59,1,5,10,0.0,0.0,0.0,361.25
60,1,6,1,0.0,0.0,0.0,361.25
61,1,6,2,0.0,0.0,0.0,361.25
62,1,6,3,0.0,0.0,0.0,361.25
63,1,6,4,0.0,0.0,0.0,361.25
64,1,6,5,0.0,0.0,0.0,361.25
65,1,6,6,0.0,0.0,0.0,361.25
66,1,6,7,0.0,0.0,0.0,361.25
67,1,6,8,0.0,0.0,0.0,361.25
68,1,6,9,0.0,0.0,0.0,361.25
69,1,6,10,0.0,0.0,0.0,361.25
70,1,7,1,83.74999999987813,75.99999999999636,45.74999999987995,239.5000000001237
71,1,7,2,174.74999999972897,203.00000000014916,73.24999999965439,85.00000000019645
72,1,7,3,125.00000000002001,113.99999999970532,68.00000000016735,179.25000000012733
73,1,7,4,84.74999999997453,81.50000000013824,43.99999999990541,235.74999999995634
74,1,7,5,114.25000000002365,148.5000000003747,39.99999999983629,172.749999999789
75,1,7,6,0.0,0.0,0.0,361.25
76,1,7,7,0.0,0.0,0.0,361.25
77,1,7,8,0.0,0.0,0.0,361.25
78,1,7,9,0.0,0.0,0.0,361.25
79,1,7,10,0.0,0.0,0.0,361.25
80,1,8,1,0.0,0.0,0.0,361.25
81,1,8,2,0.0,0.0,0.0,361.25
82,1,8,3,0.0,0.0,0.0,361.25
83,1,8,4,0.0,0.0,0.0,361.25
84,1,8,5,26.500000000041837,32.99999999995998,10.000000000061846,318.2499999999782
85,1,8,6,186.24999999996544,310.4999999998581,31.00000000003638,19.7500000001055
86,1,8,7,77.62500000002365,101.25000000008367,26.99999999998181,232.99999999993452
87,1,8,8,223.1250000000582,136.25000000006548,155.00000000002547,69.99999999990905
88,1,8,9,215.9999999998945,206.00000000017462,112.99999999980719,42.25000000001819
89,1,8,10,151.24999999993997,90.4999999999527,105.99999999996362,164.75000000008367
90,1,9,1,126.25000000000728,88.5000000000291,81.99999999999272,190.74999999997817
91,1,9,2,195.49999999999636,28.999999999774445,181.00000000010914,151.25000000011642
92,1,9,3,195.6250000000873,331.2499999998254,30.000000000174623,0.0
93,1,9,4,136.37500000012005,250.75000000002183,11.00000000010914,99.49999999986903
94,1,9,5,16.499999999887223,7.000000000065484,12.99999999985448,341.25000000008004
95,1,9,6,0.0,0.0,0.0,361.25
96,1,9,7,0.0,0.0,0.0,361.25
97,1,9,8,0.0,0.0,0.0,361.25
98,1,9,9,0.0,0.0,0.0,361.25
99,1,9,10,0.0,0.0,0.0,361.25
100,1,10,1,0.0,0.0,0.0,361.25
101,1,10,2,0.0,0.0,0.0,361.25
102,1,10,3,0.0,0.0,0.0,361.25
103,1,10,4,227.49999999999636,178.99999999994907,138.00000000002183,44.250000000029104
104,1,10,5,232.12500000003274,62.249999999847205,201.00000000010914,98.00000000004366
105,1,10,6,200.12500000008367,278.2500000001528,61.000000000007276,21.99999999983993
106,1,10,7,130.6249999999054,261.2499999998108,0.0,100.00000000018917
107,1,10,8,139.6249999998654,171.2500000002401,53.99999999974534,136.00000000001455
108,1,10,9,145.12499999989086,224.24999999988358,32.99999999994907,104.00000000016735
109,1,10,10,189.3749999997417,211.75000000022555,83.49999999962893,66.00000000014552
110,1,11,1,198.37500000009095,325.7499999998181,35.5000000001819,0.0
111,1,11,2,187.62499999995634,157.24999999998545,108.99999999996362,95.00000000005093
112,1,11,3,197.1249999999891,328.2500000000218,32.99999999997817,0.0
113,1,11,4,214.87500000000728,219.75000000021828,104.99999999989814,36.499999999883585
114,1,11,5,219.37499999989086,148.7499999999418,144.99999999991996,67.50000000013824
115,1,11,6,162.12499999986903,274.2500000000873,24.999999999825377,62.00000000008731
116,1,11,7,165.6250000000182,279.25000000022555,25.999999999905413,55.99999999986903
117,1,11,8,180.625,361.25,0.0,0.0
118,1,11,9,179.12500000000364,322.2500000000218,17.999999999992724,20.999999999985448
119,1,11,10,181.6249999999709,283.2499999998545,40.000000000043656,38.00000000010186
120,1,12,1,185.62499999992724,351.2500000001455,9.99999999985448,0.0
121,1,12,2,187.1250000000291,348.2499999999418,13.000000000058208,0.0
122,1,12,3,197.1249999999818,328.2500000000364,32.99999999996362,0.0
123,1,12,4,197.62499999991996,327.25000000016007,33.99999999983993,0.0
124,1,12,5,180.625,361.25,0.0,0.0
125,1,12,6,180.625,361.25,0.0,0.0
126,1,12,7,180.625,361.25,0.0,0.0
127,1,12,8,158.1250000000109,236.24999999997817,40.00000000002183,85.0
128,1,12,9,218.62500000010186,261.2499999998108,88.00000000019645,11.999999999992724
129,1,12,10,210.12499999993815,302.2500000001237,58.99999999987631,0.0
130,1,13,1,163.5000000000473,247.50000000019645,39.74999999994907,73.99999999985448
131,1,13,2,185.74999999995998,351.00000000008004,10.249999999919964,0.0
132,1,13,3,186.12500000007276,350.2499999998545,11.00000000014552,0.0
133,1,13,4,152.12499999991996,296.2500000001455,3.999999999847205,61.000000000007276
134,1,13,5,185.12499999999636,352.2500000000073,8.999999999992724,0.0
135,1,13,6,87.12499999998181,152.2500000001237,10.999999999919964,197.99999999995634
136,1,13,7,0.0,0.0,0.0,361.25
137,1,13,8,0.0,0.0,0.0,361.25
138,1,13,9,0.0,0.0,0.0,361.25
139,1,13,10,0.0,0.0,0.0,361.25
140,1,14,1,0.0,0.0,0.0,361.25
141,1,14,2,0.0,0.0,0.0,361.25
142,1,14,3,0.0,0.0,0.0,361.25
143,1,14,4,113.49999999998909,212.99999999983265,7.00000000007276,141.2500000000946
144,1,14,5,152.00000000018554,291.9999999999636,6.000000000203727,63.24999999983265
145,1,14,6,102.49999999993815,37.000000000007276,83.99999999993452,240.2500000000582
146,1,14,7,0.0,0.0,0.0,361.25
147,1,14,8,0.0,0.0,0.0,361.25
148,1,14,9,0.0,0.0,0.0,361.25
149,1,14,10,0.0,0.0,0.0,361.25
150,1,15,1,0.0,0.0,0.0,361.25
151,1,15,2,0.0,0.0,0.0,361.25
152,1,15,3,0.0,0.0,0.0,361.25
153,1,15,4,0.0,0.0,0.0,361.25
154,1,15,5,0.0,0.0,0.0,361.25
155,1,15,6,68.49999999994179,46.999999999970896,44.999999999956344,269.25000000007276
156,1,15,7,195.62499999998545,331.2500000000291,29.999999999970896,0.0
157,1,15,8,199.6249999999527,267.2500000000218,65.99999999994179,28.00000000003638
158,1,15,9,209.75000000002183,267.5000000000291,76.00000000000728,17.74999999996362
159,1,15,10,48.49999999988722,35.00000000009459,30.99999999983993,295.2500000000655
160,1,16,1,220.62499999985448,237.25000000026193,101.99999999972351,22.000000000014552
161,1,16,2,125.37500000010914,242.7500000000873,4.000000000065484,114.4999999998472
162,1,16,3,194.50000000008367,265.00000000005093,62.00000000005821,34.24999999989086
163,1,16,4,147.49999999999636,294.9999999999927,0.0,66.25000000000728
164,1,16,5,180.625,361.25,0.0,0.0
165,1,16,6,180.625,361.25,0.0,0.0
166,1,16,7,87.7500000000473,137.49999999999272,19.00000000005093,204.74999999995634
167,1,16,8,0.0,0.0,0.0,361.25
168,1,16,9,0.0,0.0,0.0,361.25
169,1,16,10,0.0,0.0,0.0,361.25
170,1,17,1,0.0,0.0,0.0,361.25
171,1,17,2,0.0,0.0,0.0,361.25
172,1,17,3,0.0,0.0,0.0,361.25
173,1,17,4,0.0,0.0,0.0,361.25
174,1,17,5,0.0,0.0,0.0,361.25
175,1,17,6,0.0,0.0,0.0,361.25
176,1,17,7,22.749999999861757,8.999999999985448,18.249999999869033,334.0000000001455
177,1,17,8,191.00000000004366,340.4999999999127,20.75000000008731,0.0
178,1,17,9,189.12499999995634,344.2500000000873,16.99999999991269,0.0
179,1,17,10,13.12500000009095,26.2500000001819,0.0,334.9999999998181
180,1,18,1,0.0,0.0,0.0,361.25
181,1,18,2,0.0,0.0,0.0,361.25
182,1,18,3,0.0,0.0,0.0,361.25
183,1,18,4,0.0,0.0,0.0,361.25
184,1,18,5,0.0,0.0,0.0,361.25
185,1,18,6,0.0,0.0,0.0,361.25
186,1,18,7,86.87500000004366,59.74999999976717,57.00000000016007,244.50000000007276
187,1,18,8,200.62499999986176,281.2500000002474,59.999999999738066,20.000000000014552
188,1,18,9,138.12499999997817,208.24999999981083,34.00000000007276,119.00000000011642
189,1,18,10,175.87500000010914,299.74999999998545,26.000000000116415,35.49999999989814
190,1,19,1,173.0000000000873,255.99999999982538,45.00000000017462,60.25
191,1,19,2,0.0,0.0,0.0,361.25
192,1,19,3,0.0,0.0,0.0,361.25
193,1,19,4,0.0,0.0,0.0,361.25
194,1,19,5,0.0,0.0,0.0,361.25
195,1,19,6,0.0,0.0,0.0,361.25
196,1,19,7,0.0,0.0,0.0,361.25
197,1,19,8,0.0,0.0,0.0,361.25
198,1,19,9,0.0,0.0,0.0,361.25
199,1,19,10,0.0,0.0,0.0,361.25
200,1,20,1,25.499999999978172,50.999999999956344,0.0,310.25000000004366
201,1,20,2,0.0,0.0,0.0,361.25
202,1,20,3,0.0,0.0,0.0,361.25
203,1,20,4,0.0,0.0,0.0,361.25
204,1,20,5,0.0,0.0,0.0,361.25
205,1,20,6,0.0,0.0,0.0,361.25
206,1,20,7,0.0,0.0,0.0,361.25
207,1,20,8,0.0,0.0,0.0,361.25
208,1,20,9,79.12499999994907,42.24999999986903,58.00000000001455,261.0000000001164
209,1,20,10,230.12499999995634,262.2500000000873,98.99999999991269,0.0
210,1,21,1,216.12500000005093,212.25000000001455,110.00000000004366,38.99999999994179
211,1,21,2,180.625,361.25,0.0,0.0
212,1,21,3,207.25000000008004,193.99999999995634,110.25000000010186,56.99999999994179
213,1,21,4,194.75000000006548,251.99999999998545,68.75000000007276,40.49999999994179
214,1,21,5,0.0,0.0,0.0,361.25
215,1,21,6,0.0,0.0,0.0,361.25
216,1,21,7,0.0,0.0,0.0,361.25
217,1,21,8,0.0,0.0,0.0,361.25
218,1,21,9,0.0,0.0,0.0,361.25
219,1,21,10,0.0,0.0,0.0,361.25
220,1,22,1,0.0,0.0,0.0,361.25
221,1,22,2,0.0,0.0,0.0,361.25
222,1,22,3,0.0,0.0,0.0,361.25
223,1,22,4,0.0,0.0,0.0,361.25
224,1,22,5,29.124999999956344,20.249999999825377,19.000000000043656,322.00000000013097
225,1,22,6,191.62499999991996,237.24999999983993,73.0,51.00000000016007
226,1,22,7,203.62500000002183,315.24999999995634,46.000000000043656,0.0
227,1,22,8,137.12500000003638,274.25000000007276,0.0,86.99999999992724
228,1,22,9,115.62499999992724,173.2500000000582,28.999999999898137,159.00000000004366
229,1,22,10,105.87500000014552,137.74999999982538,37.00000000023283,186.4999999999418
230,1,23,1,135.24999999991996,113.00000000004366,78.74999999989814,169.5000000000582
231,1,23,2,16.750000000094587,0.9999999998690328,16.25000000016007,343.9999999999709
232,1,23,3,0.0,0.0,0.0,361.25
233,1,23,4,29.999999999905413,26.999999999956344,16.49999999992724,317.7500000001164
234,1,23,5,212.37499999996362,245.74999999983993,89.50000000004366,26.000000000116415
235,1,23,6,180.625,361.25,0.0,0.0
236,1,23,7,176.12500000000728,266.24999999995634,43.000000000029104,52.00000000001455
237,1,23,8,180.625,361.25,0.0,0.0
238,1,23,9,180.625,361.25,0.0,0.0
239,1,23,10,180.625,361.25,0.0,0.0
240,2,0,1,180.625,361.25,0.0,0.0
241,2,0,2,140.62500000007634,87.24999999978343,97.00000000018463,177.00000000003195
242,2,0,3,197.5000000000257,327.4999999999486,33.75000000005139,0.0
243,2,0,4,64.7500000000258,28.999999999900183,50.250000000075715,282.0000000000241
244,2,0,5,133.00000000005298,168.0000000000491,49.00000000002842,144.24999999992247
245,2,0,6,204.2499999999069,224.50000000010846,91.99999999985266,44.75000000003888
246,2,0,7,164.62500000004525,243.25000000004502,43.00000000002274,74.99999999993224
247,2,0,8,147.62500000011937,293.2500000001096,1.0000000000645741,66.99999999982583
248,2,0,9,34.00000000003297,45.99999999981401,11.000000000125965,304.25000000006
249,2,0,10,170.24999999994634,304.4999999999227,17.999999999984993,38.750000000092314
250,2,1,1,131.12499999994543,262.24999999989086,0.0,99.00000000010914
251,2,1,2,178.1249999999486,298.25000000008276,28.99999999990723,34.000000000010004
252,2,1,3,190.74999999975262,295.000000000211,43.249999999647116,23.00000000014188
253,2,1,4,216.2500000003215,94.99999999963711,168.75000000050295,97.49999999985994
254,2,1,5,25.499999999977263,12.999999999852662,19.00000000005093,329.2500000000964
255,2,1,6,50.49999999984175,25.00000000005639,37.999999999813554,298.25000000013006
256,2,1,7,301.25000000005366,93.99999999977626,254.25000000016553,13.000000000058208
257,2,1,8,202.7500000000805,210.0000000000009,97.75000000008004,53.499999999919055
258,2,1,9,152.49999999992724,256.99999999991087,23.999999999971806,80.25000000011732
259,2,1,10,201.49999999964257,195.00000000042746,103.99999999942884,38.250000000100954
260,2,2,1,64.7500000000091,22.99999999970896,53.250000000154614,285.0000000001364
261,2,2,2,161.25000000016053,39.00000000015916,141.75000000008095,180.4999999997599
262,2,2,3,43.499999999962256,23.000000000117325,31.999999999903594,306.2499999999791
263,2,2,4,42.99999999992997,66.00000000054388,9.99999999965803,285.2499999997981
264,2,2,5,0.0,0.0,0.0,361.25
265,2,2,6,0.0,0.0,0.0,361.25
266,2,2,7,0.0,0.0,0.0,361.25
267,2,2,8,0.0,0.0,0.0,361.25
268,2,2,9,0.0,0.0,0.0,361.25
269,2,2,10,0.0,0.0,0.0,361.25
270,2,3,1,0.0,0.0,0.0,361.25
271,2,3,2,0.0,0.0,0.0,361.25
272,2,3,3,0.0,0.0,0.0,361.25
273,2,3,4,0.0,0.0,0.0,361.25
274,2,3,5,0.0,0.0,0.0,361.25
275,2,3,6,0.0,0.0,0.0,361.25
276,2,3,7,0.0,0.0,0.0,361.25
277,2,3,8,0.0,0.0,0.0,361.25
278,2,3,9,111.99999999996635,83.99999999992178,70.00000000000546,207.25000000007276
279,2,3,10,117.99999999994543,73.99999999963256,81.00000000012915,206.2500000002383
280,2,4,1,169.00000000022374,31.999999999898137,153.00000000027467,176.249999999789
281,2,4,2,17.99999999987631,18.00000000021464,8.999999999768988,334.25000000001637
282,2,4,3,101.37499999990087,68.75000000019463,66.99999999980355,225.50000000000182
283,2,4,4,27.125000000050022,6.250000000129148,23.999999999985448,330.9999999998854
284,2,4,5,34.5000000000764,10.99999999992724,29.000000000112777,321.24999999996
285,2,4,6,0.0,0.0,0.0,361.25
286,2,4,7,0.0,0.0,0.0,361.25
287,2,4,8,0.0,0.0,0.0,361.25
288,2,4,9,0.0,0.0,0.0,361.25
289,2,4,10,0.0,0.0,0.0,361.25
290,2,5,1,0.0,0.0,0.0,361.25
291,2,5,2,0.0,0.0,0.0,361.25
292,2,5,3,0.0,0.0,0.0,361.25
293,2,5,4,0.0,0.0,0.0,361.25
294,2,5,5,0.0,0.0,0.0,361.25
295,2,5,6,0.0,0.0,0.0,361.25
296,2,5,7,0.0,0.0,0.0,361.25
297,2,5,8,0.0,0.0,0.0,361.25
298,2,5,9,0.0,0.0,0.0,361.25
299,2,5,10,0.0,0.0,0.0,361.25
300,2,6,1,43.250000000010914,0.0,43.250000000010914,317.9999999999891
301,2,6,2,124.25000000001273,29.999999999974534,109.25000000002547,222.0
302,2,6,3,203.0000000000582,69.00000000034197,168.49999999988722,123.74999999977081
303,2,6,4,161.99999999993088,0.0,161.99999999993088,199.25000000006912
304,2,6,5,121.5000000000091,59.0000000001055,91.99999999995634,210.24999999993815
305,2,6,6,0.0,0.0,0.0,361.25
306,2,6,7,0.0,0.0,0.0,361.25
307,2,6,8,0.0,0.0,0.0,361.25
308,2,6,9,0.0,0.0,0.0,361.25
309,2,6,10,0.0,0.0,0.0,361.25
310,2,7,1,0.0,0.0,0.0,361.25
311,2,7,2,0.0,0.0,0.0,361.25
312,2,7,3,0.0,0.0,0.0,361.25
313,2,7,4,0.0,0.0,0.0,361.25
314,2,7,5,0.0,0.0,0.0,361.25
315,2,7,6,0.0,0.0,0.0,361.25
316,2,7,7,0.0,0.0,0.0,361.25
317,2,7,8,0.0,0.0,0.0,361.25
318,2,7,9,0.0,0.0,0.0,361.25
319,2,7,10,43.5,34.999999999774445,26.000000000112777,300.2500000001128
320,2,8,1,254.74999999993452,123.00000000020373,193.24999999983265,44.99999999996362
321,2,8,2,108.75000000003456,26.000000000120053,95.74999999997453,239.4999999999054
322,2,8,3,86.00000000006003,5.999999999989086,83.00000000006548,272.24999999994543
323,2,8,4,162.9999999999236,23.999999999970896,150.99999999993815,186.25000000009095
324,2,8,5,96.50000000024193,98.99999999948704,47.0000000004984,215.25000000001455
325,2,8,6,61.49999999994179,98.99999999991269,11.999999999985448,250.25000000010186
326,2,8,7,66.99999999989632,91.99999999985084,20.999999999970896,248.25000000017826
327,2,8,8,14.500000000056389,3.000000000003638,13.00000000005457,345.2499999999418
328,2,8,9,0.0,0.0,0.0,361.25
329,2,8,10,0.0,0.0,0.0,361.25
330,2,9,1,0.0,0.0,0.0,361.25
331,2,9,2,0.0,0.0,0.0,361.25
332,2,9,3,0.0,0.0,0.0,361.25
333,2,9,4,0.0,0.0,0.0,361.25
334,2,9,5,0.0,0.0,0.0,361.25
335,2,9,6,0.0,0.0,0.0,361.25
336,2,9,7,0.0,0.0,0.0,361.25
337,2,9,8,0.0,0.0,0.0,361.25
338,2,9,9,0.0,0.0,0.0,361.25
339,2,9,10,0.0,0.0,0.0,361.25
340,2,10,1,155.12499999993815,144.25000000016735,82.99999999985448,133.99999999997817
341,2,10,2,209.87499999997453,302.75000000005093,58.49999999994907,0.0
342,2,10,3,69.99999999999272,49.00000000021828,45.499999999883585,266.74999999989814
343,2,10,4,248.99999999997453,125.9999999998472,186.00000000005093,49.25000000010186
344,2,10,5,125.9999999998945,176.00000000000728,37.99999999989086,147.25000000010186
345,2,10,6,159.75000000004002,219.4999999998763,50.00000000010186,91.75000000002183
346,2,10,7,119.24999999991269,192.5,22.99999999991269,145.7500000000873
347,2,10,8,122.00000000003274,239.99999999977445,2.000000000145519,119.25000000008004
348,2,10,9,175.12500000000364,338.2500000000218,5.999999999992724,16.999999999985448
349,2,10,10,166.3749999999709,313.7500000002765,9.499999999832653,37.99999999989086
350,2,11,1,215.37499999987267,269.7500000000073,80.49999999986903,11.000000000123691
351,2,11,2,147.6250000000291,293.24999999992724,1.0000000000654836,67.00000000000728
352,2,11,3,165.1249999999709,252.25000000004366,38.99999999994907,70.00000000000728
353,2,11,4,209.87500000000364,302.7499999999927,58.500000000007276,0.0
354,2,11,5,197.87499999994543,326.75000000010914,34.49999999989086,0.0
355,2,11,6,180.625,361.25,0.0,0.0
356,2,11,7,232.75000000006548,59.000000000043656,203.25000000004366,98.99999999991269
357,2,11,8,196.50000000000364,329.4999999999927,31.750000000007276,0.0
358,2,11,9,187.62499999995998,347.25000000008004,13.999999999919964,0.0
359,2,11,10,195.62499999999272,331.25000000001455,29.999999999985448,0.0
360,2,12,1,178.5000000000473,342.9999999999636,7.000000000065484,11.249999999970896
361,2,12,2,178.99999999983993,84.9999999999709,136.49999999985448,139.75000000017462
362,2,12,3,189.37500000004366,343.7499999999127,17.50000000008731,0.0
363,2,12,4,193.62500000005457,335.24999999989086,26.00000000010914,0.0
364,2,12,5,228.12500000002547,266.24999999994907,95.00000000005093,0.0
365,2,12,6,191.62499999991633,293.2499999999345,44.99999999994907,23.000000000116415
366,2,12,7,184.1250000000291,354.2499999999418,7.000000000058208,0.0
367,2,12,8,182.12499999994543,358.25000000010914,2.9999999998908606,0.0
368,2,12,9,188.50000000001455,293.0000000002765,41.99999999987631,26.249999999847205
369,2,12,10,119.25000000002183,194.49999999995634,22.000000000043656,144.75
370,2,13,1,180.625,361.25,0.0,0.0
371,2,13,2,180.625,361.25,0.0,0.0
372,2,13,3,180.625,361.25,0.0,0.0
373,2,13,4,180.625,361.25,0.0,0.0
374,2,13,5,183.12499999996362,356.25000000007276,4.99999999992724,0.0
375,2,13,6,180.625,361.25,0.0,0.0
376,2,13,7,181.24999999995634,360.0000000000873,1.2499999999126885,0.0
377,2,13,8,184.50000000004002,353.49999999991996,7.7500000000800355,0.0
378,2,13,9,180.625,361.25,0.0,0.0
379,2,13,10,180.625,361.25,0.0,0.0
380,2,14,1,181.49999999996726,341.0000000000946,10.999999999919964,9.249999999985448
381,2,14,2,96.75000000017099,85.49999999965803,54.00000000034197,221.75
382,2,14,3,208.99999999999272,304.50000000001455,56.74999999998545,0.0
383,2,14,4,183.25000000004366,355.9999999999127,5.2500000000873115,0.0
384,2,14,5,180.625,361.25,0.0,0.0
385,2,14,6,202.62500000004366,317.2499999999127,44.00000000008731,0.0
386,2,14,7,158.75000000016735,201.5000000003056,58.00000000001455,101.74999999967986
387,2,14,8,0.0,0.0,0.0,361.25
388,2,14,9,0.0,0.0,0.0,361.25
389,2,14,10,0.0,0.0,0.0,361.25
390,2,15,1,0.0,0.0,0.0,361.25
391,2,15,2,0.0,0.0,0.0,361.25
392,2,15,3,0.0,0.0,0.0,361.25
393,2,15,4,0.0,0.0,0.0,361.25
394,2,15,5,0.0,0.0,0.0,361.25
395,2,15,6,0.0,0.0,0.0,361.25
396,2,15,7,0.0,0.0,0.0,361.25
397,2,15,8,0.0,0.0,0.0,361.25
398,2,15,9,0.0,0.0,0.0,361.25
399,2,15,10,0.0,0.0,0.0,361.25
400,2,16,1,0.0,0.0,0.0,361.25
401,2,16,2,18.749999999919964,37.49999999983993,0.0,323.75000000016007
402,2,16,3,180.625,361.25,0.0,0.0
403,2,16,4,180.625,361.25,0.0,0.0
404,2,16,5,180.625,361.25,0.0,0.0
405,2,16,6,133.87499999998545,232.75000000021828,17.49999999987631,110.99999999990541
406,2,16,7,213.87500000013824,294.7499999997235,66.50000000027649,0.0
407,2,16,8,242.62499999997817,219.25000000046566,132.99999999974534,8.999999999788997
408,2,16,9,120.6249999999527,239.2499999997599,1.0000000000727596,121.00000000016735
409,2,16,10,162.6250000000109,303.2500000001819,10.999999999919964,46.99999999989814
410,2,17,1,151.6250000000873,295.2500000000582,4.000000000058208,61.999999999883585
411,2,17,2,180.625,361.25,0.0,0.0
412,2,17,3,155.0000000001346,194.0000000001819,58.000000000043656,109.24999999977445
413,2,17,4,17.49999999985812,17.000000000094587,8.999999999810825,335.2500000000946
414,2,17,5,0.0,0.0,0.0,361.25
415,2,17,6,0.0,0.0,0.0,361.25
416,2,17,7,0.0,0.0,0.0,361.25
417,2,17,8,0.0,0.0,0.0,361.25
418,2,17,9,0.0,0.0,0.0,361.25
419,2,17,10,0.0,0.0,0.0,361.25
420,2,18,1,0.0,0.0,0.0,361.25
421,2,18,2,0.0,0.0,0.0,361.25
422,2,18,3,0.0,0.0,0.0,361.25
423,2,18,4,0.0,0.0,0.0,361.25
424,2,18,5,0.0,0.0,0.0,361.25
425,2,18,6,0.0,0.0,0.0,361.25
426,2,18,7,0.0,0.0,0.0,361.25
427,2,18,8,0.0,0.0,0.0,361.25
428,2,18,9,0.0,0.0,0.0,361.25
429,2,18,10,127.74999999990541,191.50000000004366,31.999999999883585,137.75000000007276
430,2,19,1,258.6250000000218,205.24999999995634,156.00000000004366,0.0
431,2,19,2,189.6249999999418,343.2500000001164,17.999999999883585,0.0
432,2,19,3,182.1250000001528,244.24999999981083,60.00000000024738,56.99999999994179
433,2,19,4,143.87499999999272,273.7500000002474,6.999999999869033,80.49999999988358
434,2,19,5,0.0,0.0,0.0,361.25
435,2,19,6,0.0,0.0,0.0,361.25
436,2,19,7,0.0,0.0,0.0,361.25
437,2,19,8,0.0,0.0,0.0,361.25
438,2,19,9,0.0,0.0,0.0,361.25
439,2,19,10,0.0,0.0,0.0,361.25
440,2,20,1,0.0,0.0,0.0,361.25
441,2,20,2,0.0,0.0,0.0,361.25
442,2,20,3,0.0,0.0,0.0,361.25
443,2,20,4,0.0,0.0,0.0,361.25
444,2,20,5,0.0,0.0,0.0,361.25
445,2,20,6,0.0,0.0,0.0,361.25
446,2,20,7,0.0,0.0,0.0,361.25
447,2,20,8,0.0,0.0,0.0,361.25
448,2,20,9,0.0,0.0,0.0,361.25
449,2,20,10,0.0,0.0,0.0,361.25
450,2,21,1,0.0,0.0,0.0,361.25
451,2,21,2,0.0,0.0,0.0,361.25
452,2,21,3,0.0,0.0,0.0,361.25
453,2,21,4,169.25000000010186,324.49999999967986,7.0000000002619345,29.750000000058208
454,2,21,5,187.99999999986903,298.50000000034925,38.74999999969441,23.999999999956344
455,2,21,6,156.25000000010914,167.99999999983993,72.25000000018917,120.9999999999709
456,2,21,7,0.0,0.0,0.0,361.25
457,2,21,8,0.0,0.0,0.0,361.25
458,2,21,9,0.0,0.0,0.0,361.25
459,2,21,10,0.0,0.0,0.0,361.25
460,2,22,1,0.0,0.0,0.0,361.25
461,2,22,2,0.0,0.0,0.0,361.25
462,2,22,3,0.0,0.0,0.0,361.25
463,2,22,4,0.0,0.0,0.0,361.25
464,2,22,5,0.0,0.0,0.0,361.25
465,2,22,6,0.0,0.0,0.0,361.25
466,2,22,7,0.0,0.0,0.0,361.25
467,2,22,8,0.0,0.0,0.0,361.25
468,2,22,9,169.6249999999127,175.24999999982538,82.0,104.00000000017462
469,2,22,10,184.1250000000291,354.2499999999418,7.000000000058208,0.0
470,2,23,1,182.6250000000291,357.2499999999418,4.000000000058208,0.0
471,2,23,2,111.62500000007276,137.25000000046566,42.99999999983993,180.9999999996944
472,2,23,3,190.1250000000291,342.2499999999418,19.000000000058208,0.0
473,2,23,4,188.1250000000946,346.2499999998108,15.000000000189175,0.0
474,2,23,5,180.625,361.25,0.0,0.0
475,2,23,6,188.125,346.25,15.0,0.0
476,2,23,7,180.625,361.25,0.0,0.0
477,2,23,8,180.625,361.25,0.0,0.0
478,2,23,9,180.625,361.25,0.0,0.0
479,2,23,10,180.625,361.25,0.0,0.0
480,3,0,1,180.625,361.25,0.0,0.0
481,3,0,2,180.625,361.25,0.0,0.0
482,3,0,3,211.6249999999373,299.2500000001254,61.9999999998746,0.0
483,3,0,4,120.62500000001774,203.25000000007776,18.999999999978854,138.99999999994338
484,3,0,5,188.62500000006298,345.24999999987403,16.000000000125965,0.0
485,3,0,6,180.625,361.25,0.0,0.0
486,3,0,7,128.7499999999634,109.50000000019327,73.99999999986676,177.74999999993997
487,3,0,8,153.50000000003934,84.99999999986221,111.00000000010823,165.25000000002956
488,3,0,9,159.00000000012483,239.9999999998904,39.000000000179625,82.24999999992997
489,3,0,10,0.0,0.0,0.0,361.25
490,3,1,1,12.999999999958163,6.000000000204636,9.999999999855845,345.2499999999395
491,3,1,2,10.000000000057753,2.0000000001373337,8.999999999989086,350.2499999998736
492,3,1,3,120.99999999995771,32.00000000010823,104.9999999999036,224.24999999998818
493,3,1,4,170.24999999995225,304.4999999999336,17.999999999985448,38.750000000080945
494,3,1,5,122.25000000009004,212.50000000007094,16.00000000005457,132.7499999998745
495,3,1,6,42.999999999912234,5.999999999780812,40.00000000002183,315.25000000019736
496,3,1,7,201.1250000000582,320.2499999998836,41.000000000116415,0.0
497,3,1,8,61.12499999994179,90.24999999977081,16.00000000005639,255.0000000001728
498,3,1,9,96.12499999993997,192.24999999987995,0.0,169.00000000012005
499,3,1,10,393.1249999999186,226.25000000018827,279.99999999982447,0.0
500,3,2,1,153.62499999998727,83.25000000060027,111.99999999968713,165.9999999997126
501,3,2,2,169.6249999998745,227.24999999998363,55.999999999882675,78.0000000001337
502,3,2,3,163.62500000008322,229.25000000011914,49.00000000002365,82.99999999985721
503,3,2,4,211.12500000009186,98.2500000000964,162.00000000004366,100.99999999985994
504,3,2,5,114.49999999992997,114.99999999996544,56.99999999994725,189.2500000000873
505,3,2,6,98.00000000005184,128.00000000002,34.00000000004184,199.24999999993815
506,3,2,7,51.87499999997908,103.74999999995816,0.0,257.50000000004184
507,3,2,8,180.625,361.25,0.0,0.0
508,3,2,9,218.12499999996362,286.25000000007276,74.99999999992724,0.0
509,3,2,10,124.62500000002001,209.25000000020373,19.999999999918145,131.99999999987813
510,3,3,1,50.250000000082764,100.50000000016553,0.0,260.7499999998345
511,3,3,2,0.0,0.0,0.0,361.25
512,3,3,3,0.0,0.0,0.0,361.25
513,3,3,4,0.0,0.0,0.0,361.25
514,3,3,5,0.0,0.0,0.0,361.25
515,3,3,6,0.0,0.0,0.0,361.25
516,3,3,7,0.0,0.0,0.0,361.25
517,3,3,8,0.0,0.0,0.0,361.25
518,3,3,9,0.0,0.0,0.0,361.25
519,3,3,10,0.0,0.0,0.0,361.25
520,3,4,1,0.0,0.0,0.0,361.25
521,3,4,2,0.0,0.0,0.0,361.25
522,3,4,3,0.0,0.0,0.0,361.25
523,3,4,4,0.0,0.0,0.0,361.25
524,3,4,5,0.0,0.0,0.0,361.25
525,3,4,6,0.0,0.0,0.0,361.25
526,3,4,7,0.0,0.0,0.0,361.25
527,3,4,8,0.0,0.0,0.0,361.25
528,3,4,9,0.0,0.0,0.0,361.25
529,3,4,10,122.49999999995998,79.99999999987631,82.50000000002183,198.75000000010186
530,3,5,1,185.00000000006548,158.99999999983993,105.50000000014552,96.75000000001455
531,3,5,2,108.5000000000473,151.00000000011642,32.999999999989086,177.2499999998945
532,3,5,3,19.12499999990905,2.249999999861757,17.999999999978172,341.00000000016007
533,3,5,4,196.3749999999145,153.75000000020736,119.49999999981083,87.99999999998181
534,3,5,5,118.99999999997453,187.00000000010914,25.499999999919964,148.7499999999709
535,3,5,6,10.499999999994543,2.99999999998181,9.000000000003638,349.25000000001455
536,3,5,7,151.00000000003638,263.9999999999636,19.00000000005457,78.24999999998181
537,3,5,8,1.499999999998181,2.999999999996362,0.0,358.25000000000364
538,3,5,9,0.0,0.0,0.0,361.25
539,3,5,10,0.0,0.0,0.0,361.25
540,3,6,1,0.0,0.0,0.0,361.25
541,3,6,2,0.0,0.0,0.0,361.25
542,3,6,3,0.0,0.0,0.0,361.25
543,3,6,4,0.0,0.0,0.0,361.25
544,3,6,5,0.0,0.0,0.0,361.25
545,3,6,6,0.0,0.0,0.0,361.25
546,3,6,7,0.0,0.0,0.0,361.25
547,3,6,8,0.0,0.0,0.0,361.25
548,3,6,9,0.0,0.0,0.0,361.25
549,3,6,10,0.0,0.0,0.0,361.25
550,3,7,1,0.0,0.0,0.0,361.25
551,3,7,2,0.0,0.0,0.0,361.25
552,3,7,3,0.0,0.0,0.0,361.25
553,3,7,4,0.0,0.0,0.0,361.25
554,3,7,5,0.0,0.0,0.0,361.25
555,3,7,6,0.0,0.0,0.0,361.25
556,3,7,7,98.7499999999236,1.0000000000727596,98.24999999988722,262.00000000004
557,3,7,8,169.00000000002547,186.5000000001528,75.74999999994907,98.99999999989814
558,3,7,9,238.1249999999818,246.25000000003638,114.99999999996362,0.0
559,3,7,10,131.62499999998,195.24999999988722,34.00000000003638,132.0000000000764
560,3,8,1,213.1250000000091,296.24999999985084,65.00000000008367,0.0
561,3,8,2,134.3750000000491,240.75000000026557,13.999999999916326,106.4999999998181
562,3,8,3,0.0,0.0,0.0,361.25
563,3,8,4,0.0,0.0,0.0,361.25
564,3,8,5,36.999999999934516,22.000000000043656,25.99999999991269,313.25000000004366
565,3,8,6,0.0,0.0,0.0,361.25
566,3,8,7,0.0,0.0,0.0,361.25
567,3,8,8,0.0,0.0,0.0,361.25
568,3,8,9,0.0,0.0,0.0,361.25
569,3,8,10,0.0,0.0,0.0,361.25
570,3,9,1,0.0,0.0,0.0,361.25
571,3,9,2,0.0,0.0,0.0,361.25
572,3,9,3,0.0,0.0,0.0,361.25
573,3,9,4,0.0,0.0,0.0,361.25
574,3,9,5,20.374999999996362,16.749999999992724,12.0,332.5000000000073
575,3,9,6,137.625,171.2500000003638,51.9999999998181,137.9999999998181
576,3,9,7,60.74999999998545,32.99999999975262,44.25000000010914,284.00000000013824
577,3,9,8,208.49999999993815,305.5000000001237,55.74999999987631,0.0
578,3,9,9,142.75000000008367,285.50000000016735,0.0,75.74999999983265
579,3,9,10,0.0,0.0,0.0,361.25
580,3,10,1,152.62500000001455,261.24999999989814,22.000000000065484,78.00000000003638
581,3,10,2,210.87500000010914,281.7500000002037,70.00000000000728,9.499999999788997
582,3,10,3,41.24999999981446,18.999999999832653,31.749999999898137,310.5000000002692
583,3,10,4,186.25000000006912,349.99999999986176,11.250000000138243,0.0
584,3,10,5,185.74999999997453,351.00000000005093,10.249999999949068,0.0
585,3,10,6,175.50000000002547,243.49999999993452,53.75000000005821,64.00000000000728
586,3,10,7,186.12500000006548,350.24999999986903,11.000000000130967,0.0
587,3,10,8,188.12499999999636,346.2500000000073,14.999999999992724,0.0
588,3,10,9,180.2499999999818,168.00000000005093,96.24999999995634,96.99999999999272
589,3,10,10,217.0000000000764,288.4999999998472,72.7500000001528,0.0
590,3,11,1,180.625,361.25,0.0,0.0
591,3,11,2,172.62499999996726,159.2500000001237,92.99999999990541,108.9999999999709
592,3,11,3,195.12500000006548,330.25000000016007,29.999999999985448,0.9999999998544808
593,3,11,4,145.6249999999054,221.24999999998545,34.99999999991269,105.00000000010186
594,3,11,5,193.75000000012733,279.49999999994907,54.000000000152795,27.749999999898137
595,3,11,6,230.4999999999127,155.00000000007276,152.9999999998763,53.25000000005093
596,3,11,7,204.6249999999818,313.2500000000364,47.99999999996362,0.0
597,3,11,8,193.62500000005457,335.24999999989086,26.00000000010914,0.0
598,3,11,9,170.99999999999272,278.5000000001164,31.749999999934516,50.99999999994907
599,3,11,10,206.75000000002183,168.99999999995634,122.25000000004366,70.0
600,3,12,1,230.74999999994907,219.00000000014552,121.24999999987631,20.999999999978172
601,3,12,2,204.00000000008367,172.49999999967258,117.75000000024738,71.00000000008004
602,3,12,3,180.625,361.25,0.0,0.0
603,3,12,4,180.625,361.25,0.0,0.0
604,3,12,5,200.7499999999418,321.0000000001164,40.249999999883585,0.0
605,3,12,6,160.00000000002183,200.49999999983993,59.75000000010186,101.00000000005821
606,3,12,7,180.625,361.25,0.0,0.0
607,3,12,8,93.62500000001091,107.25000000034197,39.99999999983993,213.9999999998181
608,3,12,9,0.0,0.0,0.0,361.25
609,3,12,10,0.0,0.0,0.0,361.25
610,3,13,1,0.0,0.0,0.0,361.25
611,3,13,2,0.0,0.0,0.0,361.25
612,3,13,3,0.0,0.0,0.0,361.25
613,3,13,4,0.0,0.0,0.0,361.25
614,3,13,5,0.0,0.0,0.0,361.25
615,3,13,6,0.0,0.0,0.0,361.25
616,3,13,7,0.0,0.0,0.0,361.25
617,3,13,8,0.0,0.0,0.0,361.25
618,3,13,9,0.0,0.0,0.0,361.25
619,3,13,10,0.0,0.0,0.0,361.25
620,3,14,1,0.0,0.0,0.0,361.25
621,3,14,2,0.0,0.0,0.0,361.25
622,3,14,3,0.0,0.0,0.0,361.25
623,3,14,4,0.0,0.0,0.0,361.25
624,3,14,5,116.12499999993815,208.24999999989086,11.999999999992724,141.00000000011642
625,3,14,6,174.87500000004366,276.75000000001455,36.50000000003638,47.99999999994907
626,3,14,7,180.875,360.75,0.5,0.0
627,3,14,8,183.12499999996362,356.25000000007276,4.99999999992724,0.0
628,3,14,9,62.00000000003274,100.00000000008004,11.999999999992724,249.24999999992724
629,3,14,10,32.00000000000364,19.999999999905413,22.00000000005093,319.25000000004366
630,3,15,1,73.37499999993815,88.75000000008004,28.999999999898137,243.50000000002183
631,3,15,2,187.62499999995634,347.2500000000873,13.999999999912689,0.0
632,3,15,3,174.62500000011642,275.24999999973807,37.00000000024738,49.00000000001455
633,3,15,4,232.1249999999891,258.2500000000218,102.99999999997817,0.0
634,3,15,5,183.12500000006548,356.24999999986903,5.000000000130967,0.0
635,3,15,6,173.12500000000364,346.2500000000073,0.0,14.999999999992724
636,3,15,7,27.500000000112777,2.999999999992724,26.000000000116415,332.24999999989086
637,3,15,8,0.0,0.0,0.0,361.25
638,3,15,9,0.0,0.0,0.0,361.25
639,3,15,10,0.0,0.0,0.0,361.25
640,3,16,1,0.0,0.0,0.0,361.25
641,3,16,2,11.499999999949068,4.9999999999126885,8.999999999992724,347.2500000000946
642,3,16,3,0.0,0.0,0.0,361.25
643,3,16,4,0.0,0.0,0.0,361.25
644,3,16,5,0.0,0.0,0.0,361.25
645,3,16,6,0.0,0.0,0.0,361.25
646,3,16,7,0.0,0.0,0.0,361.25
647,3,16,8,0.0,0.0,0.0,361.25
648,3,16,9,0.0,0.0,0.0,361.25
649,3,16,10,162.4999999998181,11.999999999985448,156.49999999982538,192.75000000018917
650,3,17,1,361.25,0.0,361.25,0.0
651,3,17,2,268.25000000007276,185.99999999985448,175.25000000014552,0.0
652,3,17,3,199.1250000000291,188.25000000021828,104.99999999991996,67.99999999986176
653,3,17,4,180.625,361.25,0.0,0.0
654,3,17,5,70.75000000011642,139.5000000000873,1.0000000000727596,220.74999999983993
655,3,17,6,0.0,0.0,0.0,361.25
656,3,17,7,0.0,0.0,0.0,361.25
657,3,17,8,0.0,0.0,0.0,361.25
658,3,17,9,0.0,0.0,0.0,361.25
659,3,17,10,0.0,0.0,0.0,361.25
660,3,18,1,0.0,0.0,0.0,361.25
661,3,18,2,0.0,0.0,0.0,361.25
662,3,18,3,0.0,0.0,0.0,361.25
663,3,18,4,0.0,0.0,0.0,361.25
664,3,18,5,0.0,0.0,0.0,361.25
665,3,18,6,0.0,0.0,0.0,361.25
666,3,18,7,0.0,0.0,0.0,361.25
667,3,18,8,0.0,0.0,0.0,361.25
668,3,18,9,0.0,0.0,0.0,361.25
669,3,18,10,0.0,0.0,0.0,361.25
670,3,19,1,9.0,8.00000000014552,4.99999999992724,348.24999999992724
671,3,19,2,191.49999999988358,314.99999999967986,34.000000000043656,12.250000000276486
672,3,19,3,180.625,361.25,0.0,0.0
673,3,19,4,180.625,361.25,0.0,0.0
674,3,19,5,19.749999999985448,31.50000000023283,3.9999999998690328,325.74999999989814
675,3,19,6,0.0,0.0,0.0,361.25
676,3,19,7,0.0,0.0,0.0,361.25
677,3,19,8,0.0,0.0,0.0,361.25
678,3,19,9,0.0,0.0,0.0,361.25
679,3,19,10,0.0,0.0,0.0,361.25
680,3,20,1,0.0,0.0,0.0,361.25
681,3,20,2,0.0,0.0,0.0,361.25
682,3,20,3,0.0,0.0,0.0,361.25
683,3,20,4,149.4999999999418,177.00000000029104,60.99999999979627,123.24999999991269
684,3,20,5,196.62500000004366,321.2500000001746,35.999999999956344,3.9999999998690328
685,3,20,6,176.37500000006548,352.75000000013097,0.0,8.499999999869033
686,3,20,7,0.0,0.0,0.0,361.25
687,3,20,8,0.0,0.0,0.0,361.25
688,3,20,9,0.0,0.0,0.0,361.25
689,3,20,10,0.0,0.0,0.0,361.25
690,3,21,1,0.0,0.0,0.0,361.25
691,3,21,2,0.0,0.0,0.0,361.25
692,3,21,3,88.24999999986903,12.000000000203727,82.24999999976717,267.0000000000291
693,3,21,4,124.250000000211,80.99999999972351,83.75000000034925,196.49999999992724
694,3,21,5,0.0,0.0,0.0,361.25
695,3,21,6,0.0,0.0,0.0,361.25
696,3,21,7,0.0,0.0,0.0,361.25
697,3,21,8,0.0,0.0,0.0,361.25
698,3,21,9,0.0,0.0,0.0,361.25
699,3,21,10,0.0,0.0,0.0,361.25
700,3,22,1,0.0,0.0,0.0,361.25
701,3,22,2,0.0,0.0,0.0,361.25
702,3,22,3,0.0,0.0,0.0,361.25
703,3,22,4,0.0,0.0,0.0,361.25
704,3,22,5,10.5,5.000000000116415,7.999999999941792,348.2499999999418
705,3,22,6,0.0,0.0,0.0,361.25
706,3,22,7,0.0,0.0,0.0,361.25
707,3,22,8,0.0,0.0,0.0,361.25
708,3,22,9,0.0,0.0,0.0,361.25
709,3,22,10,0.0,0.0,0.0,361.25
710,3,23,1,0.0,0.0,0.0,361.25
711,3,23,2,0.0,0.0,0.0,361.25
712,3,23,3,0.0,0.0,0.0,361.25
713,3,23,4,0.0,0.0,0.0,361.25
714,3,23,5,0.0,0.0,0.0,361.25
715,3,23,6,0.0,0.0,0.0,361.25
716,3,23,7,0.0,0.0,0.0,361.25
717,3,23,8,128.24999999988358,222.4999999999418,16.99999999991269,121.75000000014552
718,3,23,9,178.12500000004366,356.2500000000873,0.0,4.9999999999126885
719,3,23,10,190.12500000002183,342.24999999995634,19.000000000043656,0.0
720,4,0,1,0.0,0.0,0.0,361.25
721,4,0,2,0.0,0.0,0.0,361.25
722,4,0,3,0.0,0.0,0.0,361.25
723,4,0,4,0.0,0.0,0.0,361.25
724,4,0,5,0.0,0.0,0.0,361.25
725,4,0,6,36.999999999830834,8.000000000123691,32.99999999976899,320.2500000001073
726,4,0,7,84.4999999997458,33.00000000016735,67.99999999966212,260.25000000017053
727,4,0,8,218.49999999974057,198.99999999982674,118.9999999998272,43.25000000034606
728,4,0,9,180.625,361.25,0.0,0.0
729,4,0,10,71.37500000020941,30.75000000024511,56.00000000008686,274.49999999966803
730,4,1,1,88.37499999973807,110.74999999995089,32.99999999976262,217.5000000002865
731,4,1,2,167.62499999999136,311.24999999981355,12.000000000084583,38.00000000010186
732,4,1,3,221.24999999999136,280.0000000000173,81.24999999998272,0.0
733,4,1,4,2.750000000048658,3.9999999998553903,0.7500000001209628,356.50000000002365
734,4,1,5,28.499999999874035,3.0000000001955414,26.999999999776264,331.2500000000282
735,4,1,6,113.49999999999591,206.99999999944794,10.000000000271939,144.25000000028012
736,4,1,7,208.49999999978672,161.00000000034834,127.99999999961256,72.25000000003911
737,4,1,8,0.0,0.0,0.0,361.25
738,4,1,9,4.875000000204182,7.750000000277396,1.0000000000654836,352.4999999996571
739,4,1,10,180.625,361.25,0.0,0.0
740,4,2,1,127.62500000004866,57.25000000014643,98.99999999997544,204.99999999987813
741,4,2,2,275.6249999999477,171.2500000001046,189.9999999998954,0.0
742,4,2,3,210.6249999998663,213.2500000000673,103.99999999983265,44.000000000100044
743,4,2,4,147.62500000009004,265.25000000020555,14.999999999987267,80.99999999980719
744,4,2,5,112.25000000010914,5.999999999992724,109.25000000011278,245.9999999998945
745,4,2,6,251.49999999989632,47.50000000008731,227.74999999985266,86.00000000006003
746,4,2,7,120.74999999996544,107.50000000030923,66.99999999981083,186.74999999987995
747,4,2,8,42.00000000016007,41.999999999956344,21.0000000001819,298.24999999986176
748,4,2,9,10.000000000059117,11.999999999994543,4.000000000061846,345.2499999999436
749,4,2,10,228.49999999992815,43.00000000023101,206.99999999981264,111.24999999995634
750,4,3,1,0.0,0.0,0.0,361.25
751,4,3,2,0.0,0.0,0.0,361.25
752,4,3,3,0.0,0.0,0.0,361.25
753,4,3,4,0.0,0.0,0.0,361.25
754,4,3,5,0.0,0.0,0.0,361.25
755,4,3,6,0.0,0.0,0.0,361.25
756,4,3,7,0.0,0.0,0.0,361.25
757,4,3,8,0.0,0.0,0.0,361.25
758,4,3,9,0.0,0.0,0.0,361.25
759,4,3,10,0.0,0.0,0.0,361.25
760,4,4,1,0.0,0.0,0.0,361.25
761,4,4,2,0.0,0.0,0.0,361.25
762,4,4,3,0.0,0.0,0.0,361.25
763,4,4,4,0.0,0.0,0.0,361.25
764,4,4,5,0.0,0.0,0.0,361.25
765,4,4,6,0.0,0.0,0.0,361.25
766,4,4,7,0.0,0.0,0.0,361.25
767,4,4,8,0.0,0.0,0.0,361.25
768,4,4,9,0.0,0.0,0.0,361.25
769,4,4,10,0.0,0.0,0.0,361.25
770,4,5,1,0.0,0.0,0.0,361.25
771,4,5,2,116.99999999984175,68.00000000006185,82.99999999981083,210.25000000012733
772,4,5,3,261.0000000001146,126.00000000009823,198.00000000006548,37.24999999983629
773,4,5,4,160.7499999998854,307.50000000005457,6.999999999858119,46.75000000008731
774,4,5,5,136.25000000005093,240.5,16.00000000005093,104.74999999994907
775,4,5,6,174.9999999999618,263.9999999998581,43.00000000003274,54.25000000010914
776,4,5,7,179.75000000000546,273.00000000006185,43.249999999974534,44.99999999996362
777,4,5,8,176.7500000000946,303.9999999999927,24.750000000098225,32.49999999990905
778,4,5,9,162.3749999999891,4.749999999716238,160.00000000013097,196.5000000001528
779,4,5,10,140.12500000004184,180.24999999987995,50.00000000010186,131.0000000000182
780,4,6,1,189.1249999999618,344.2500000000764,16.999999999923602,0.0
781,4,6,2,86.8749999999709,55.75000000019645,58.99999999987267,246.49999999993088
782,4,6,3,0.0,0.0,0.0,361.25
783,4,6,4,0.0,0.0,0.0,361.25
784,4,6,5,0.0,0.0,0.0,361.25
785,4,6,6,0.0,0.0,0.0,361.25
786,4,6,7,0.0,0.0,0.0,361.25
787,4,6,8,0.0,0.0,0.0,361.25
788,4,6,9,0.0,0.0,0.0,361.25
789,4,6,10,0.0,0.0,0.0,361.25
790,4,7,1,0.0,0.0,0.0,361.25
791,4,7,2,0.0,0.0,0.0,361.25
792,4,7,3,0.0,0.0,0.0,361.25
793,4,7,4,0.0,0.0,0.0,361.25
794,4,7,5,0.0,0.0,0.0,361.25
795,4,7,6,0.0,0.0,0.0,361.25
796,4,7,7,0.0,0.0,0.0,361.25
797,4,7,8,0.0,0.0,0.0,361.25
798,4,7,9,0.0,0.0,0.0,361.25
799,4,7,10,0.0,0.0,0.0,361.25
800,4,8,1,0.0,0.0,0.0,361.25
801,4,8,2,89.75000000004911,149.5000000001055,14.999999999996362,196.74999999989814
802,4,8,3,123.25000000007276,246.50000000014552,0.0,114.74999999985448
803,4,8,4,69.49999999987449,7.0000000002582965,65.99999999974534,288.24999999999636
804,4,8,5,84.00000000002365,75.99999999998909,46.000000000029104,239.2499999999818
805,4,8,6,57.50000000007822,12.999999999836291,51.00000000016007,297.25000000000364
806,4,8,7,155.49999999992724,44.999999999956344,132.99999999994907,183.2500000000946
807,4,8,8,0.0,0.0,0.0,361.25
808,4,8,9,0.0,0.0,0.0,361.25
809,4,8,10,0.0,0.0,0.0,361.25
810,4,9,1,0.0,0.0,0.0,361.25
811,4,9,2,0.0,0.0,0.0,361.25
812,4,9,3,0.0,0.0,0.0,361.25
813,4,9,4,0.0,0.0,0.0,361.25
814,4,9,5,0.0,0.0,0.0,361.25
815,4,9,6,0.0,0.0,0.0,361.25
816,4,9,7,0.0,0.0,0.0,361.25
817,4,9,8,0.0,0.0,0.0,361.25
818,4,9,9,0.0,0.0,0.0,361.25
819,4,9,10,0.0,0.0,0.0,361.25
820,4,10,1,0.0,0.0,0.0,361.25
821,4,10,2,43.000000000007276,31.99999999969441,27.00000000016007,302.2500000001455
822,4,10,3,118.8749999999527,237.7499999999054,0.0,123.50000000009459
823,4,10,4,180.625,361.25,0.0,0.0
824,4,10,5,120.50000000007276,241.00000000014552,0.0,120.24999999985448
825,4,10,6,205.24999999988722,280.50000000005093,64.99999999986176,15.750000000087311
826,4,10,7,160.9999999999127,308.5000000001164,6.749999999854481,46.000000000029104
827,4,10,8,206.24999999997453,310.00000000005093,51.24999999994907,0.0
828,4,10,9,234.6249999999418,111.24999999995634,178.99999999996362,71.00000000008004
829,4,10,10,188.6250000000291,345.2499999999418,16.000000000058208,0.0
830,4,11,1,195.1249999998472,332.2500000003056,28.99999999969441,0.0
831,4,11,2,180.625,361.25,0.0,0.0
832,4,11,3,180.625,361.25,0.0,0.0
833,4,11,4,179.62499999993452,237.24999999983993,61.00000000001455,63.00000000014552
834,4,11,5,180.625,361.25,0.0,0.0
835,4,11,6,171.62500000001455,263.24999999992724,40.00000000005093,58.00000000002183
836,4,11,7,185.62500000002183,351.24999999995634,10.000000000043656,0.0
837,4,11,8,182.6250000001237,325.25000000004366,20.000000000101863,15.99999999985448
838,4,11,9,180.625,361.25,0.0,0.0
839,4,11,10,180.625,361.25,0.0,0.0
840,4,12,1,209.24999999995634,304.0000000000873,57.24999999991269,0.0
841,4,12,2,150.00000000001455,222.4999999996362,38.75000000019645,100.00000000016735
842,4,12,3,190.62499999985812,341.25000000028376,19.999999999716238,0.0
843,4,12,4,180.625,361.25,0.0,0.0
844,4,12,5,153.99999999999272,242.00000000007276,32.999999999956344,86.2499999999709
845,4,12,6,199.7499999997999,167.49999999996362,115.9999999998181,77.75000000021828
846,4,12,7,180.625,361.25,0.0,0.0
847,4,12,8,210.62499999976717,183.2500000003056,118.99999999961437,59.000000000080036
848,4,12,9,180.625,361.25,0.0,0.0
849,4,12,10,180.625,361.25,0.0,0.0
850,4,13,1,180.625,361.25,0.0,0.0
851,4,13,2,25.12500000009095,50.2500000001819,0.0,310.9999999998181
852,4,13,3,0.0,0.0,0.0,361.25
853,4,13,4,0.0,0.0,0.0,361.25
854,4,13,5,0.0,0.0,0.0,361.25
855,4,13,6,0.0,0.0,0.0,361.25
856,4,13,7,0.0,0.0,0.0,361.25
857,4,13,8,0.0,0.0,0.0,361.25
858,4,13,9,0.0,0.0,0.0,361.25
859,4,13,10,0.0,0.0,0.0,361.25
860,4,14,1,0.0,0.0,0.0,361.25
861,4,14,2,0.0,0.0,0.0,361.25
862,4,14,3,0.0,0.0,0.0,361.25
863,4,14,4,0.0,0.0,0.0,361.25
864,4,14,5,0.0,0.0,0.0,361.25
865,4,14,6,154.7500000000291,259.49999999995634,25.00000000005093,76.74999999999272
866,4,14,7,182.12500000019645,320.2499999998836,22.00000000025466,18.999999999861757
867,4,14,8,180.625,361.25,0.0,0.0
868,4,14,9,180.625,361.25,0.0,0.0
869,4,14,10,180.625,361.25,0.0,0.0
870,4,15,1,180.625,361.25,0.0,0.0
871,4,15,2,180.625,361.25,0.0,0.0
872,4,15,3,181.74999999994907,190.99999999983993,86.2500000000291,84.00000000013097
873,4,15,4,184.9999999999054,300.4999999999709,34.749999999919964,26.00000000010914
874,4,15,5,216.62499999996726,289.2500000000655,71.99999999993452,0.0
875,4,15,6,185.6249999999236,267.2499999998181,52.00000000001455,42.00000000016735
876,4,15,7,183.62499999999272,355.25000000001455,5.999999999985448,0.0
877,4,15,8,180.625,361.25,0.0,0.0
878,4,15,9,161.2500000000291,222.5000000003056,49.99999999987631,88.7499999998181
879,4,15,10,0.0,0.0,0.0,361.25
880,4,16,1,0.0,0.0,0.0,361.25
881,4,16,2,0.0,0.0,0.0,361.25
882,4,16,3,0.0,0.0,0.0,361.25
883,4,16,4,0.0,0.0,0.0,361.25
884,4,16,5,0.0,0.0,0.0,361.25
885,4,16,6,0.0,0.0,0.0,361.25
886,4,16,7,0.0,0.0,0.0,361.25
887,4,16,8,0.0,0.0,0.0,361.25
888,4,16,9,0.0,0.0,0.0,361.25
889,4,16,10,0.0,0.0,0.0,361.25
890,4,17,1,0.0,0.0,0.0,361.25
891,4,17,2,0.0,0.0,0.0,361.25
892,4,17,3,0.0,0.0,0.0,361.25
893,4,17,4,0.0,0.0,0.0,361.25
894,4,17,5,0.0,0.0,0.0,361.25
895,4,17,6,0.0,0.0,0.0,361.25
896,4,17,7,0.0,0.0,0.0,361.25
897,4,17,8,137.24999999997453,248.49999999983265,13.000000000058208,99.75000000010914
898,4,17,9,180.625,361.25,0.0,0.0
899,4,17,10,180.625,361.25,0.0,0.0
900,4,18,1,107.625,137.25000000007276,38.99999999996362,184.99999999996362
901,4,18,2,66.62500000009823,51.250000000007276,41.00000000009459,268.99999999989814
902,4,18,3,180.625,361.25,0.0,0.0
903,4,18,4,180.625,361.25,0.0,0.0
904,4,18,5,7.49999999992724,14.99999999985448,0.0,346.2500000001455
905,4,18,6,0.0,0.0,0.0,361.25
906,4,18,7,0.0,0.0,0.0,361.25
907,4,18,8,0.0,0.0,0.0,361.25
908,4,18,9,0.0,0.0,0.0,361.25
909,4,18,10,0.0,0.0,0.0,361.25
910,4,19,1,0.0,0.0,0.0,361.25
911,4,19,2,0.0,0.0,0.0,361.25
912,4,19,3,0.0,0.0,0.0,361.25
913,4,19,4,0.0,0.0,0.0,361.25
914,4,19,5,0.0,0.0,0.0,361.25
915,4,19,6,0.0,0.0,0.0,361.25
916,4,19,7,0.0,0.0,0.0,361.25
917,4,19,8,0.0,0.0,0.0,361.25
918,4,19,9,0.0,0.0,0.0,361.25
919,4,19,10,0.0,0.0,0.0,361.25
920,4,20,1,0.0,0.0,0.0,361.25
921,4,20,2,0.0,0.0,0.0,361.25
922,4,20,3,0.0,0.0,0.0,361.25
923,4,20,4,147.99999999988358,197.99999999967986,49.000000000043656,114.25000000027649
924,4,20,5,180.625,361.25,0.0,0.0
925,4,20,6,180.625,361.25,0.0,0.0
926,4,20,7,180.625,361.25,0.0,0.0
927,4,20,8,24.62500000012369,49.25000000024738,0.0,311.9999999997526
928,4,20,9,0.0,0.0,0.0,361.25
929,4,20,10,0.0,0.0,0.0,361.25
930,4,21,1,0.0,0.0,0.0,361.25
931,4,21,2,0.0,0.0,0.0,361.25
932,4,21,3,0.0,0.0,0.0,361.25
933,4,21,4,0.0,0.0,0.0,361.25
934,4,21,5,0.0,0.0,0.0,361.25
935,4,21,6,0.0,0.0,0.0,361.25
936,4,21,7,0.0,0.0,0.0,361.25
937,4,21,8,0.0,0.0,0.0,361.25
938,4,21,9,0.0,0.0,0.0,361.25
939,4,21,10,0.0,0.0,0.0,361.25
940,4,22,1,0.0,0.0,0.0,361.25
941,4,22,2,0.0,0.0,0.0,361.25
942,4,22,3,0.0,0.0,0.0,361.25
943,4,22,4,0.0,0.0,0.0,361.25
944,4,22,5,0.0,0.0,0.0,361.25
945,4,22,6,192.49999999997817,140.00000000001455,122.4999999999709,98.75000000001455
946,4,22,7,199.8749999999054,322.7500000001892,38.499999999810825,0.0
947,4,22,8,193.62499999985448,335.25000000029104,25.99999999970896,0.0
948,4,22,9,186.62499999999272,349.25000000001455,11.999999999985448,0.0
949,4,22,10,72.87499999987631,125.75000000004366,9.99999999985448,225.50000000010186
950,4,23,1,0.0,0.0,0.0,361.25
951,4,23,2,0.0,0.0,0.0,361.25
952,4,23,3,0.0,0.0,0.0,361.25
953,4,23,4,0.0,0.0,0.0,361.25
954,4,23,5,0.0,0.0,0.0,361.25
955,4,23,6,0.0,0.0,0.0,361.25
956,4,23,7,0.0,0.0,0.0,361.25
957,4,23,8,0.0,0.0,0.0,361.25
958,4,23,9,0.0,0.0,0.0,361.25
959,4,23,10,0.0,0.0,0.0,361.25
960,5,0,1,0.0,0.0,0.0,361.25
961,5,0,2,0.0,0.0,0.0,361.25
962,5,0,3,0.0,0.0,0.0,361.25
963,5,0,4,0.0,0.0,0.0,361.25
964,5,0,5,0.0,0.0,0.0,361.25
965,5,0,6,86.25000000014427,132.50000000004388,20.000000000122327,208.7499999998338
966,5,0,7,124.74999999973124,191.50000000047112,28.999999999495685,140.7500000000332
967,5,0,8,0.0,0.0,0.0,361.25
968,5,0,9,0.0,0.0,0.0,361.25
969,5,0,10,0.0,0.0,0.0,361.25
970,5,1,1,0.0,0.0,0.0,361.25
971,5,1,2,0.0,0.0,0.0,361.25
972,5,1,3,0.0,0.0,0.0,361.25
973,5,1,4,27.500000000010914,38.99999999976353,8.000000000129148,314.2500000001073
974,5,1,5,32.49999999994134,47.00000000030286,8.999999999789907,305.24999999990723
975,5,1,6,149.49999999988722,298.99999999977445,0.0,62.250000000225555
976,5,1,7,183.62499999999636,355.2500000000073,5.999999999992724,0.0
977,5,1,8,88.1249999999095,112.24999999961528,32.00000000010186,217.00000000028285
978,5,1,9,196.000000000025,330.49999999995,30.750000000050022,0.0
979,5,1,10,125.25000000001637,20.000000000114596,115.24999999995907,152.0000000000009
980,5,2,1,115.49999999999727,111.00000000010732,59.99999999994361,190.24999999994907
981,5,2,2,257.2500000001587,154.49999999983538,180.00000000024102,26.749999999923602
982,5,2,3,164.75000000000364,255.4999999999236,37.00000000004184,68.75000000003456
983,5,2,4,0.0,0.0,0.0,361.25
984,5,2,5,0.0,0.0,0.0,361.25
985,5,2,6,0.0,0.0,0.0,361.25
986,5,2,7,0.0,0.0,0.0,361.25
987,5,2,8,0.0,0.0,0.0,361.25
988,5,2,9,0.0,0.0,0.0,361.25
989,5,2,10,0.0,0.0,0.0,361.25
990,5,3,1,0.0,0.0,0.0,361.25
991,5,3,2,0.0,0.0,0.0,361.25
992,5,3,3,0.0,0.0,0.0,361.25
993,5,3,4,0.0,0.0,0.0,361.25
994,5,3,5,152.24999999998636,190.99999999974716,56.75000000011278,113.50000000014006
995,5,3,6,221.74999999991996,279.00000000016007,82.24999999983993,0.0
996,5,3,7,124.00000000006003,116.00000000022919,65.99999999994543,179.24999999982538
997,5,3,8,30.500000000209184,7.000000000058208,27.00000000018008,327.2499999997617
998,5,3,9,14.5000000001628,1.0000000000673026,14.000000000129148,346.24999999980355
999,5,3,10,177.49999999984993,204.99999999942338,75.00000000013824,81.25000000043838
1000,5,4,1,180.625,361.25,0.0,0.0
1001,5,4,2,226.12499999999454,158.2500000006512,146.99999999966894,55.99999999967986
1002,5,4,3,185.12499999989177,352.25000000021646,8.99999999978354,0.0
1003,5,4,4,146.1249999996644,96.25000000088949,97.99999999921965,166.99999999989086
1004,5,4,5,0.0,0.0,0.0,361.25
1005,5,4,6,0.0,0.0,0.0,361.25
1006,5,4,7,0.0,0.0,0.0,361.25
1007,5,4,8,0.0,0.0,0.0,361.25
1008,5,4,9,0.0,0.0,0.0,361.25
1009,5,4,10,0.0,0.0,0.0,361.25
1010,5,5,1,0.0,0.0,0.0,361.25
1011,5,5,2,0.0,0.0,0.0,361.25
1012,5,5,3,0.0,0.0,0.0,361.25
1013,5,5,4,0.0,0.0,0.0,361.25
1014,5,5,5,224.87500000015098,125.74999999979264,162.00000000025466,73.4999999999527
1015,5,5,6,143.62500000016917,239.2499999995598,24.000000000389264,98.00000000005093
1016,5,5,7,139.12499999987995,218.24999999978172,29.999999999989086,113.00000000022919
1017,5,5,8,154.875000000191,263.74999999976353,23.000000000309228,74.49999999992724
1018,5,5,9,0.0,0.0,0.0,361.25
1019,5,5,10,0.0,0.0,0.0,361.25
1020,5,6,1,0.0,0.0,0.0,361.25
1021,5,6,2,0.0,0.0,0.0,361.25
1022,5,6,3,0.0,0.0,0.0,361.25
1023,5,6,4,0.0,0.0,0.0,361.25
1024,5,6,5,0.0,0.0,0.0,361.25
1025,5,6,6,0.0,0.0,0.0,361.25
1026,5,6,7,0.0,0.0,0.0,361.25
1027,5,6,8,0.0,0.0,0.0,361.25
1028,5,6,9,0.0,0.0,0.0,361.25
1029,5,6,10,0.0,0.0,0.0,361.25
1030,5,7,1,0.0,0.0,0.0,361.25
1031,5,7,2,0.0,0.0,0.0,361.25
1032,5,7,3,0.0,0.0,0.0,361.25
1033,5,7,4,12.000000000192813,13.999999999723514,5.000000000331056,342.24999999994543
1034,5,7,5,177.37500000000546,326.74999999975626,14.00000000012733,20.500000000116415
1035,5,7,6,180.625,361.25,0.0,0.0
1036,5,7,7,149.1249999997235,210.25000000008004,43.999999999683496,107.00000000023647
1037,5,7,8,186.37500000008367,322.7500000000873,25.000000000040018,13.49999999987267
1038,5,7,9,170.87500000005275,341.7500000001055,0.0,19.4999999998945
1039,5,7,10,168.62500000000728,315.2500000001819,10.999999999916326,34.999999999901775
1040,5,8,1,305.7500000000782,104.99999999944339,253.25000000035652,3.000000000200089
1041,5,8,2,274.50000000014006,113.49999999979991,217.7500000002401,29.999999999959982
1042,5,8,3,199.12500000002,324.24999999996,37.00000000004002,0.0
1043,5,8,4,52.62499999996544,61.2500000002583,21.99999999983629,277.9999999999054
1044,5,8,5,0.0,0.0,0.0,361.25
1045,5,8,6,0.0,0.0,0.0,361.25
1046,5,8,7,0.0,0.0,0.0,361.25
1047,5,8,8,0.0,0.0,0.0,361.25
1048,5,8,9,0.0,0.0,0.0,361.25
1049,5,8,10,0.0,0.0,0.0,361.25
1050,5,9,1,0.0,0.0,0.0,361.25
1051,5,9,2,0.0,0.0,0.0,361.25
1052,5,9,3,0.0,0.0,0.0,361.25
1053,5,9,4,0.0,0.0,0.0,361.25
1054,5,9,5,0.0,0.0,0.0,361.25
1055,5,9,6,0.0,0.0,0.0,361.25
1056,5,9,7,0.0,0.0,0.0,361.25
1057,5,9,8,0.0,0.0,0.0,361.25
1058,5,9,9,22.999999999705324,8.000000000138243,18.999999999636202,334.25000000022555
1059,5,9,10,128.00000000012733,189.99999999991996,33.00000000016735,138.2499999999127
1060,5,10,1,180.625,361.25,0.0,0.0
1061,5,10,2,167.12499999970896,282.25,25.99999999970896,53.00000000029104
1062,5,10,3,188.62500000013097,345.24999999973807,16.000000000261934,0.0
1063,5,10,4,176.62499999993815,329.2499999998763,12.0,20.00000000012369
1064,5,10,5,137.9999999998945,270.0000000001819,2.999999999803549,88.25000000001455
1065,5,10,6,32.999999999974534,3.999999999861757,31.000000000043656,326.2500000000946
1066,5,10,7,256.8750000000473,187.7499999993961,163.00000000034925,10.500000000254659
1067,5,10,8,198.6249999999891,281.24999999952706,58.000000000225555,22.000000000247383
1068,5,10,9,180.625,361.25,0.0,0.0
1069,5,10,10,175.62500000006548,267.25000000023283,41.99999999994907,51.9999999998181
1070,5,11,1,184.12499999982901,354.25000000034197,6.99999999965803,0.0
1071,5,11,2,146.62499999995998,217.24999999971624,38.00000000010186,106.0000000001819
1072,5,11,3,180.625,361.25,0.0,0.0
1073,5,11,4,180.625,361.25,0.0,0.0
1074,5,11,5,162.6250000002292,251.24999999952706,37.00000000046566,73.00000000000728
1075,5,11,6,180.625,361.25,0.0,0.0
1076,5,11,7,180.625,361.25,0.0,0.0
1077,5,11,8,191.62500000034197,201.24999999983993,91.000000000422,68.99999999973807
1078,5,11,9,181.99999999985812,358.50000000028376,2.7499999997162377,0.0
1079,5,11,10,185.74999999996726,351.0000000000655,10.249999999934516,0.0
1080,5,12,1,169.6250000002765,281.2499999999418,29.00000000030559,50.99999999975262
1081,5,12,2,180.625,361.25,0.0,0.0
1082,5,12,3,137.75000000013824,275.5000000002765,0.0,85.74999999972351
1083,5,12,4,0.0,0.0,0.0,361.25
1084,5,12,5,58.124999999901775,74.25000000025466,20.999999999774445,265.9999999999709
1085,5,12,6,180.625,361.25,0.0,0.0
1086,5,12,7,196.12500000002183,330.24999999995634,31.000000000043656,0.0
1087,5,12,8,198.6249999999818,325.2500000000364,35.99999999996362,0.0
1088,5,12,9,247.62499999981083,155.25000000046566,169.999999999578,35.999999999956344
1089,5,12,10,180.625,361.25,0.0,0.0
1090,5,13,1,173.62500000014188,259.2500000000946,44.00000000009459,57.999999999810825
1091,5,13,2,180.625,361.25,0.0,0.0
1092,5,13,3,141.0000000001637,213.9999999998472,34.00000000024011,113.24999999991269
1093,5,13,4,0.0,0.0,0.0,361.25
1094,5,13,5,0.0,0.0,0.0,361.25
1095,5,13,6,0.0,0.0,0.0,361.25
1096,5,13,7,0.0,0.0,0.0,361.25
1097,5,13,8,0.0,0.0,0.0,361.25
1098,5,13,9,0.0,0.0,0.0,361.25
1099,5,13,10,0.0,0.0,0.0,361.25
1100,5,14,1,0.0,0.0,0.0,361.25
1101,5,14,2,0.0,0.0,0.0,361.25
1102,5,14,3,0.0,0.0,0.0,361.25
1103,5,14,4,0.0,0.0,0.0,361.25
1104,5,14,5,0.0,0.0,0.0,361.25
1105,5,14,6,0.0,0.0,0.0,361.25
1106,5,14,7,0.0,0.0,0.0,361.25
1107,5,14,8,0.0,0.0,0.0,361.25
1108,5,14,9,158.6249999999709,305.2499999999418,6.0,50.00000000005821
1109,5,14,10,180.625,361.25,0.0,0.0
1110,5,15,1,114.75000000030195,213.50000000034197,8.000000000130967,139.74999999952706
1111,5,15,2,157.50000000005457,315.00000000010914,0.0,46.24999999989086
1112,5,15,3,181.6249999998654,359.2500000002692,1.9999999997307896,0.0
1113,5,15,4,180.625,361.25,0.0,0.0
1114,5,15,5,124.25000000004366,116.49999999940337,66.00000000034197,178.75000000025466
1115,5,15,6,0.0,0.0,0.0,361.25
1116,5,15,7,0.0,0.0,0.0,361.25
1117,5,15,8,0.0,0.0,0.0,361.25
1118,5,15,9,0.0,0.0,0.0,361.25
1119,5,15,10,0.0,0.0,0.0,361.25
1120,5,16,1,0.0,0.0,0.0,361.25
1121,5,16,2,0.0,0.0,0.0,361.25
1122,5,16,3,0.0,0.0,0.0,361.25
1123,5,16,4,0.0,0.0,0.0,361.25
1124,5,16,5,0.0,0.0,0.0,361.25
1125,5,16,6,0.0,0.0,0.0,361.25
1126,5,16,7,0.0,0.0,0.0,361.25
1127,5,16,8,0.0,0.0,0.0,361.25
1128,5,16,9,0.0,0.0,0.0,361.25
1129,5,16,10,0.0,0.0,0.0,361.25
1130,5,17,1,0.0,0.0,0.0,361.25
1131,5,17,2,0.0,0.0,0.0,361.25
1132,5,17,3,128.62500000005093,255.24999999995634,1.0000000000727596,104.9999999999709
1133,5,17,4,180.625,361.25,0.0,0.0
1134,5,17,5,180.625,361.25,0.0,0.0
1135,5,17,6,153.62499999982174,203.24999999999272,51.99999999982538,106.0000000001819
1136,5,17,7,103.0000000000291,189.99999999979627,8.000000000130967,163.25000000007276
1137,5,17,8,0.0,0.0,0.0,361.25
1138,5,17,9,0.0,0.0,0.0,361.25
1139,5,17,10,0.0,0.0,0.0,361.25
1140,5,18,1,0.0,0.0,0.0,361.25
1141,5,18,2,0.0,0.0,0.0,361.25
1142,5,18,3,0.0,0.0,0.0,361.25
1143,5,18,4,0.0,0.0,0.0,361.25
1144,5,18,5,0.0,0.0,0.0,361.25
1145,5,18,6,0.0,0.0,0.0,361.25
1146,5,18,7,0.0,0.0,0.0,361.25
1147,5,18,8,0.0,0.0,0.0,361.25
1148,5,18,9,0.0,0.0,0.0,361.25
1149,5,18,10,0.0,0.0,0.0,361.25
1150,5,19,1,0.0,0.0,0.0,361.25
1151,5,19,2,0.0,0.0,0.0,361.25
1152,5,19,3,0.0,0.0,0.0,361.25
1153,5,19,4,0.0,0.0,0.0,361.25
1154,5,19,5,0.0,0.0,0.0,361.25
1155,5,19,6,0.0,0.0,0.0,361.25
1156,5,19,7,42.12500000001455,32.24999999982538,26.000000000101863,303.00000000007276
1157,5,19,8,100.12500000010914,136.24999999998545,32.000000000116415,192.99999999989814
1158,5,19,9,180.625,361.25,0.0,0.0
1159,5,19,10,180.625,361.25,0.0,0.0
1160,5,20,1,180.625,361.25,0.0,0.0
1161,5,20,2,159.875,299.75000000029104,9.99999999985448,51.49999999985448
1162,5,20,3,14.500000000160071,3.000000000203727,13.000000000058208,345.24999999973807
1163,5,20,4,0.0,0.0,0.0,361.25
1164,5,20,5,0.0,0.0,0.0,361.25
1165,5,20,6,0.0,0.0,0.0,361.25
1166,5,20,7,0.0,0.0,0.0,361.25
1167,5,20,8,0.0,0.0,0.0,361.25
1168,5,20,9,0.0,0.0,0.0,361.25
1169,5,20,10,0.0,0.0,0.0,361.25
1170,5,21,1,0.0,0.0,0.0,361.25
1171,5,21,2,0.0,0.0,0.0,361.25
1172,5,21,3,0.0,0.0,0.0,361.25
1173,5,21,4,0.0,0.0,0.0,361.25
1174,5,21,5,0.0,0.0,0.0,361.25
1175,5,21,6,0.0,0.0,0.0,361.25
1176,5,21,7,0.0,0.0,0.0,361.25
1177,5,21,8,0.0,0.0,0.0,361.25
1178,5,21,9,0.0,0.0,0.0,361.25
1179,5,21,10,0.0,0.0,0.0,361.25
1180,5,22,1,0.0,0.0,0.0,361.25
1181,5,22,2,0.0,0.0,0.0,361.25
1182,5,22,3,112.37499999992724,158.75000000032014,32.99999999976717,169.4999999999127
1183,5,22,4,30.125000000247383,28.25,16.000000000247383,316.9999999997526
1184,5,22,5,0.0,0.0,0.0,361.25
1185,5,22,6,0.0,0.0,0.0,361.25
1186,5,22,7,0.0,0.0,0.0,361.25
1187,5,22,8,0.0,0.0,0.0,361.25
1188,5,22,9,0.0,0.0,0.0,361.25
1189,5,22,10,0.0,0.0,0.0,361.25
1190,5,23,1,0.0,0.0,0.0,361.25
1191,5,23,2,0.0,0.0,0.0,361.25
1192,5,23,3,0.0,0.0,0.0,361.25
1193,5,23,4,0.0,0.0,0.0,361.25
1194,5,23,5,0.0,0.0,0.0,361.25
1195,5,23,6,0.0,0.0,0.0,361.25
1196,5,23,7,0.0,0.0,0.0,361.25
1197,5,23,8,0.0,0.0,0.0,361.25
1198,5,23,9,0.0,0.0,0.0,361.25
1199,5,23,10,0.0,0.0,0.0,361.25
1200,6,0,1,0.0,0.0,0.0,361.25
1201,6,0,2,0.0,0.0,0.0,361.25
1202,6,0,3,0.0,0.0,0.0,361.25
1203,6,0,4,0.0,0.0,0.0,361.25
1204,6,0,5,0.0,0.0,0.0,361.25
1205,6,0,6,0.0,0.0,0.0,361.25
1206,6,0,7,0.0,0.0,0.0,361.25
1207,6,0,8,0.0,0.0,0.0,361.25
1208,6,0,9,54.9999999998131,20.000000000117325,44.999999999754436,296.25000000012824
1209,6,0,10,0.0,0.0,0.0,361.25
1210,6,1,1,0.0,0.0,0.0,361.25
1211,6,1,2,31.000000000040245,43.99999999969032,9.000000000195087,308.2500000001146
1212,6,1,3,180.12500000008095,356.24999999988904,2.000000000136424,2.999999999974534
1213,6,1,4,121.37499999984948,235.75000000025375,3.499999999722604,122.00000000002365
1214,6,1,5,185.87500000020327,350.74999999959346,10.500000000406544,0.0
1215,6,1,6,180.625,361.25,0.0,0.0
1216,6,1,7,120.50000000014279,146.9999999996926,47.000000000296495,167.2500000000109
1217,6,1,8,200.749999999824,249.50000000006457,75.99999999979173,35.7500000001437
1218,6,1,9,155.49999999968304,149.50000000018463,80.74999999959073,131.00000000022465
1219,6,1,10,197.2500000001537,341.9999999998072,26.25000000025011,66.99999999986812
1220,6,2,1,74.62499999995725,149.2499999999145,0.0,212.0000000000855
1221,6,2,2,189.1250000001587,344.2499999996826,17.000000000317414,0.0
1222,6,2,3,153.2500000001146,306.5000000002292,0.0,54.74999999977081
1223,6,2,4,0.0,0.0,0.0,361.25
1224,6,2,5,130.62499999991178,181.25000000018372,39.99999999981992,139.99999999999636
1225,6,2,6,250.62500000020646,211.2499999997326,145.00000000034015,4.99999999992724
1226,6,2,7,210.62499999997,233.25000000039108,93.99999999977445,33.99999999983447
1227,6,2,8,180.62499999999818,247.25000000052023,56.999999999738066,56.9999999997417
1228,6,2,9,209.62499999970441,303.25000000059117,57.99999999940883,0.0
1229,6,2,10,192.37500000005366,134.75000000046748,124.99999999981992,101.4999999997126
1230,6,3,1,7.500000000093678,3.000000000201908,5.999999999992724,352.24999999980537
1231,6,3,2,104.5000000002401,144.99999999943975,32.00000000052023,184.25000000004002
1232,6,3,3,122.50000000009732,143.00000000071486,50.999999999739885,167.24999999954525
1233,6,3,4,145.24999999994725,290.4999999998945,0.0,70.7500000001055
1234,6,3,5,92.6249999998081,153.24999999991815,15.999999999849024,192.00000000023283
1235,6,3,6,205.62500000004366,311.2499999999127,50.00000000008731,0.0
1236,6,3,7,149.49999999999636,221.0000000004875,38.99999999975262,101.2499999997599
1237,6,3,8,162.75000000018554,207.49999999977808,59.000000000296495,94.74999999992542
1238,6,3,9,325.99999999994543,64.49999999970169,293.7500000000946,3.000000000203727
1239,6,3,10,171.24999999999818,260.00000000012005,41.249999999938154,59.99999999994179
1240,6,4,1,127.49999999987631,227.00000000032014,13.999999999716238,120.24999999996362
1241,6,4,2,0.0,0.0,0.0,361.25
1242,6,4,3,0.0,0.0,0.0,361.25
1243,6,4,4,0.0,0.0,0.0,361.25
1244,6,4,5,0.0,0.0,0.0,361.25
1245,6,4,6,0.0,0.0,0.0,361.25
1246,6,4,7,0.0,0.0,0.0,361.25
1247,6,4,8,0.0,0.0,0.0,361.25
1248,6,4,9,0.0,0.0,0.0,361.25
1249,6,4,10,0.0,0.0,0.0,361.25
1250,6,5,1,0.0,0.0,0.0,361.25
1251,6,5,2,0.0,0.0,0.0,361.25
1252,6,5,3,0.0,0.0,0.0,361.25
1253,6,5,4,0.0,0.0,0.0,361.25
1254,6,5,5,0.0,0.0,0.0,361.25
1255,6,5,6,0.0,0.0,0.0,361.25
1256,6,5,7,0.0,0.0,0.0,361.25
1257,6,5,8,0.0,0.0,0.0,361.25
1258,6,5,9,0.0,0.0,0.0,361.25
1259,6,5,10,0.0,0.0,0.0,361.25
1260,6,6,1,0.0,0.0,0.0,361.25
1261,6,6,2,0.0,0.0,0.0,361.25
1262,6,6,3,0.0,0.0,0.0,361.25
1263,6,6,4,166.49999999987085,47.00000000030923,142.99999999971624,171.24999999997453
1264,6,6,5,185.62499999996362,351.25000000007276,9.99999999992724,0.0
1265,6,6,6,112.37500000011096,182.74999999985812,21.0000000001819,157.49999999995998
1266,6,6,7,176.8749999999527,317.74999999992724,17.999999999989086,25.500000000083674
1267,6,6,8,135.12500000018008,236.24999999969805,17.000000000331056,107.9999999999709
1268,6,6,9,7.9999999999217835,12.000000000381988,1.9999999997307896,347.2499999998872
1269,6,6,10,179.7499999998945,359.499999999789,0.0,1.7500000002110028
1270,6,7,1,180.625,361.25,0.0,0.0
1271,6,7,2,73.62499999984175,23.250000000331056,61.99999999967622,275.9999999999927
1272,6,7,3,0.0,0.0,0.0,361.25
1273,6,7,4,0.0,0.0,0.0,361.25
1274,6,7,5,0.0,0.0,0.0,361.25
1275,6,7,6,0.0,0.0,0.0,361.25
1276,6,7,7,0.0,0.0,0.0,361.25
1277,6,7,8,0.0,0.0,0.0,361.25
1278,6,7,9,0.0,0.0,0.0,361.25
1279,6,7,10,0.0,0.0,0.0,361.25
1280,6,8,1,0.0,0.0,0.0,361.25
1281,6,8,2,18.50000000001637,5.000000000331056,15.999999999850843,340.2499999998181
1282,6,8,3,74.37499999970714,24.75000000005457,61.99999999967986,274.5000000002656
1283,6,8,4,68.62499999988722,25.250000000436557,55.999999999668944,279.9999999998945
1284,6,8,5,68.62499999997635,33.24999999949432,52.00000000022919,276.0000000002765
1285,6,8,6,47.87500000010732,41.749999999829015,27.000000000192813,292.4999999999782
1286,6,8,7,228.500000000231,34.9999999998945,211.00000000028376,115.24999999982174
1287,6,8,8,16.500000000083674,7.000000000050932,13.000000000058208,341.24999999989086
1288,6,8,9,0.0,0.0,0.0,361.25
1289,6,8,10,0.0,0.0,0.0,361.25
1290,6,9,1,0.0,0.0,0.0,361.25
1291,6,9,2,0.0,0.0,0.0,361.25
1292,6,9,3,0.0,0.0,0.0,361.25
1293,6,9,4,0.0,0.0,0.0,361.25
1294,6,9,5,0.0,0.0,0.0,361.25
1295,6,9,6,0.0,0.0,0.0,361.25
1296,6,9,7,0.0,0.0,0.0,361.25
1297,6,9,8,136.49999999978172,45.00000000058208,113.99999999949068,202.24999999992724
1298,6,9,9,76.37499999953434,42.75000000066939,54.999999999199645,263.50000000013097
1299,6,9,10,100.62499999989814,171.25000000024738,14.999999999774445,174.99999999997817
1300,6,10,1,58.24999999994907,27.99999999902502,44.25000000043656,289.0000000005384
1301,6,10,2,105.75000000004002,5.999999999992724,102.75000000004366,252.49999999996362
1302,6,10,3,70.0,35.99999999954889,52.000000000225555,273.25000000022555
1303,6,10,4,67.99999999987267,20.00000000012369,57.999999999810825,283.2500000000655
1304,6,10,5,16.50000000009095,12.999999999643478,10.00000000026921,338.2500000000873
1305,6,10,6,175.99999999966167,28.999999999919964,161.49999999970169,170.75000000037835
1306,6,10,7,81.00000000001091,55.000000000007276,53.500000000007276,252.74999999998545
1307,6,10,8,44.00000000009459,28.000000000261934,29.99999999996362,303.24999999977445
1308,6,10,9,73.12499999992724,88.2500000000291,28.99999999991269,244.0000000000582
1309,6,10,10,270.37500000014916,151.75000000016735,194.50000000006548,14.99999999976717
1310,6,11,1,173.87500000032742,124.74999999970896,111.50000000047294,124.9999999998181
1311,6,11,2,211.62499999983265,299.2500000003347,61.999999999665306,0.0
1312,6,11,3,227.12500000006185,268.2499999998763,93.00000000012369,0.0
1313,6,11,4,190.62499999985448,341.25000000029104,19.99999999970896,0.0
1314,6,11,5,180.625,361.25,0.0,0.0
1315,6,11,6,180.625,361.25,0.0,0.0
1316,6,11,7,96.50000000000364,193.00000000000728,0.0,168.24999999999272
1317,6,11,8,58.49999999963984,36.999999999614374,39.99999999983265,284.250000000553
1318,6,11,9,199.37500000002183,162.74999999970896,118.00000000016735,80.50000000012369
1319,6,11,10,180.625,361.25,0.0,0.0
1320,6,12,1,184.1250000000291,254.24999999975262,57.000000000152795,50.00000000009459
1321,6,12,2,173.1249999999127,312.2499999999709,16.99999999992724,32.00000000010186
1322,6,12,3,209.62500000010914,303.2499999997817,58.00000000021828,0.0
1323,6,12,4,180.625,361.25,0.0,0.0
1324,6,12,5,180.625,361.25,0.0,0.0
1325,6,12,6,146.1249999999236,282.2500000000073,4.9999999999199645,74.00000000007276
1326,6,12,7,180.625,361.25,0.0,0.0
1327,6,12,8,180.625,361.25,0.0,0.0
1328,6,12,9,191.1250000000873,340.2499999998254,21.000000000174623,0.0
1329,6,12,10,183.87500000002183,354.74999999995634,6.500000000043656,0.0
1330,6,13,1,229.87500000003274,262.7499999999345,98.50000000006548,0.0
1331,6,13,2,180.625,361.25,0.0,0.0
1332,6,13,3,180.625,361.25,0.0,0.0
1333,6,13,4,180.625,361.25,0.0,0.0
1334,6,13,5,175.62499999986903,351.24999999973807,0.0,10.000000000261934
1335,6,13,6,180.625,361.25,0.0,0.0
1336,6,13,7,180.625,361.25,0.0,0.0
1337,6,13,8,180.625,361.25,0.0,0.0
1338,6,13,9,180.625,361.25,0.0,0.0
1339,6,13,10,150.125,300.25,0.0,61.0
1340,6,14,1,0.0,0.0,0.0,361.25
1341,6,14,2,0.0,0.0,0.0,361.25
1342,6,14,3,0.0,0.0,0.0,361.25
1343,6,14,4,0.0,0.0,0.0,361.25
1344,6,14,5,0.0,0.0,0.0,361.25
1345,6,14,6,0.0,0.0,0.0,361.25
1346,6,14,7,0.0,0.0,0.0,361.25
1347,6,14,8,0.0,0.0,0.0,361.25
1348,6,14,9,0.0,0.0,0.0,361.25
1349,6,14,10,0.0,0.0,0.0,361.25
1350,6,15,1,0.0,0.0,0.0,361.25
1351,6,15,2,0.0,0.0,0.0,361.25
1352,6,15,3,0.0,0.0,0.0,361.25
1353,6,15,4,0.0,0.0,0.0,361.25
1354,6,15,5,0.0,0.0,0.0,361.25
1355,6,15,6,0.0,0.0,0.0,361.25
1356,6,15,7,0.0,0.0,0.0,361.25
1357,6,15,8,74.24999999983629,98.50000000034197,24.999999999665306,237.74999999999272
1358,6,15,9,179.1249999998945,348.24999999994907,4.9999999999199645,8.000000000130967
1359,6,15,10,189.12499999995634,344.2500000000873,16.99999999991269,0.0
1360,6,16,1,114.24999999992724,132.0000000003056,48.249999999774445,180.99999999991996
1361,6,16,2,184.00000000012733,354.49999999974534,6.7500000002546585,0.0
1362,6,16,3,193.62499999985448,195.24999999988358,95.99999999991269,70.00000000020373
1363,6,16,4,182.62499999987995,357.2500000000364,3.999999999861757,1.0186340659856796e-10
1364,6,16,5,0.0,0.0,0.0,361.25
1365,6,16,6,0.0,0.0,0.0,361.25
1366,6,16,7,0.0,0.0,0.0,361.25
1367,6,16,8,0.0,0.0,0.0,361.25
1368,6,16,9,0.0,0.0,0.0,361.25
1369,6,16,10,0.0,0.0,0.0,361.25
1370,6,17,1,0.0,0.0,0.0,361.25
1371,6,17,2,0.0,0.0,0.0,361.25
1372,6,17,3,0.0,0.0,0.0,361.25
1373,6,17,4,0.0,0.0,0.0,361.25
1374,6,17,5,0.0,0.0,0.0,361.25
1375,6,17,6,0.0,0.0,0.0,361.25
1376,6,17,7,0.0,0.0,0.0,361.25
1377,6,17,8,0.0,0.0,0.0,361.25
1378,6,17,9,0.0,0.0,0.0,361.25
1379,6,17,10,0.0,0.0,0.0,361.25
1380,6,18,1,0.0,0.0,0.0,361.25
1381,6,18,2,0.0,0.0,0.0,361.25
1382,6,18,3,0.0,0.0,0.0,361.25
1383,6,18,4,162.00000000007276,319.9999999999127,2.0000000001164153,39.249999999970896
1384,6,18,5,159.0000000002401,255.999999999578,31.00000000045111,74.2499999999709
1385,6,18,6,22.00000000046566,10.000000000261934,17.000000000334694,334.24999999940337
1386,6,18,7,118.87499999998545,199.7499999999127,19.000000000029104,142.5000000000582
1387,6,18,8,180.625,361.25,0.0,0.0
1388,6,18,9,180.50000000016735,213.00000000021828,74.00000000005821,74.24999999972351
1389,6,18,10,0.0,0.0,0.0,361.25
1390,6,19,1,0.0,0.0,0.0,361.25
1391,6,19,2,0.0,0.0,0.0,361.25
1392,6,19,3,0.0,0.0,0.0,361.25
1393,6,19,4,0.0,0.0,0.0,361.25
1394,6,19,5,0.0,0.0,0.0,361.25
1395,6,19,6,0.0,0.0,0.0,361.25
1396,6,19,7,0.0,0.0,0.0,361.25
1397,6,19,8,0.0,0.0,0.0,361.25
1398,6,19,9,0.0,0.0,0.0,361.25
1399,6,19,10,0.0,0.0,0.0,361.25
1400,6,20,1,0.0,0.0,0.0,361.25
1401,6,20,2,0.0,0.0,0.0,361.25
1402,6,20,3,0.0,0.0,0.0,361.25
1403,6,20,4,0.0,0.0,0.0,361.25
1404,6,20,5,0.0,0.0,0.0,361.25
1405,6,20,6,0.0,0.0,0.0,361.25
1406,6,20,7,0.0,0.0,0.0,361.25
1407,6,20,8,0.0,0.0,0.0,361.25
1408,6,20,9,141.6250000001237,93.24999999972351,95.00000000026193,173.00000000001455
1409,6,20,10,180.625,361.25,0.0,0.0
1410,6,21,1,129.24999999997817,222.49999999998545,17.999999999985448,120.7500000000291
1411,6,21,2,0.0,0.0,0.0,361.25
1412,6,21,3,0.0,0.0,0.0,361.25
1413,6,21,4,0.0,0.0,0.0,361.25
1414,6,21,5,0.0,0.0,0.0,361.25
1415,6,21,6,0.0,0.0,0.0,361.25
1416,6,21,7,0.0,0.0,0.0,361.25
1417,6,21,8,0.0,0.0,0.0,361.25
1418,6,21,9,0.0,0.0,0.0,361.25
1419,6,21,10,0.0,0.0,0.0,361.25
1420,6,22,1,0.0,0.0,0.0,361.25
1421,6,22,2,0.0,0.0,0.0,361.25
1422,6,22,3,17.249999999861757,7.00000000007276,13.749999999825377,340.50000000010186
1423,6,22,4,188.75000000008004,210.99999999989814,83.25000000013097,66.9999999999709
1424,6,22,5,0.0,0.0,0.0,361.25
1425,6,22,6,0.0,0.0,0.0,361.25
1426,6,22,7,0.0,0.0,0.0,361.25
1427,6,22,8,0.0,0.0,0.0,361.25
1428,6,22,9,0.0,0.0,0.0,361.25
1429,6,22,10,0.0,0.0,0.0,361.25
1430,6,23,1,0.0,0.0,0.0,361.25
1431,6,23,2,0.0,0.0,0.0,361.25
1432,6,23,3,0.0,0.0,0.0,361.25
1433,6,23,4,0.0,0.0,0.0,361.25
1434,6,23,5,0.0,0.0,0.0,361.25
1435,6,23,6,0.0,0.0,0.0,361.25
1436,6,23,7,0.0,0.0,0.0,361.25
1437,6,23,8,0.0,0.0,0.0,361.25
1438,6,23,9,0.0,0.0,0.0,361.25
1439,6,23,10,0.0,0.0,0.0,361.25
1440,7,0,1,0.0,0.0,0.0,361.25
1441,7,0,2,87.7500000000245,65.50000000001853,55.000000000015234,240.74999999996624
1442,7,0,3,180.625,361.25,0.0,0.0
1443,7,0,4,23.625000000190425,19.250000000122554,14.000000000129148,327.9999999997483
1444,7,0,5,0.0,0.0,0.0,361.25
1445,7,0,6,0.0,0.0,0.0,361.25
1446,7,0,7,0.0,0.0,0.0,361.25
1447,7,0,8,25.000000000046384,30.000000000381988,9.99999999985539,321.2499999997626
1448,7,0,9,4.0000000000648015,1.9999999997266968,3.000000000201453,356.25000000007185
1449,7,0,10,254.99999999976467,51.99999999981401,228.99999999985766,80.25000000032833
1450,7,1,1,0.0,0.0,0.0,361.25
1451,7,1,2,122.4999999998995,194.99999999971078,25.00000000004411,141.2500000002451
1452,7,1,3,39.000000000331966,44.00000000001455,17.00000000032469,300.24999999966076
1453,7,1,4,143.00000000020782,59.999999999127795,113.00000000064392,188.25000000022828
1454,7,1,5,70.87500000006048,79.75000000004638,31.00000000003729,250.49999999991633
1455,7,1,6,26.625000000157343,27.25000000019827,13.000000000058208,320.9999999997435
1456,7,1,7,30.50000000000773,25.000000000044565,17.999999999985448,318.24999999997
1457,7,1,8,6.49999999993679,2.0000000001300577,5.499999999871761,353.7499999999982
1458,7,1,9,91.99999999993952,13.00000000046839,85.49999999970532,262.7499999998263
1459,7,1,10,0.0,0.0,0.0,186.2500000001046
1460,7,2,1,233.0000000000673,155.9999999997308,155.0000000002019,50.2500000000673
1461,7,2,2,188.7500000001205,271.499999999648,53.000000000296495,36.75000000005548
1462,7,2,3,196.124999999814,150.25000000053205,120.99999999954798,89.99999999991996
1463,7,2,4,297.62499999995634,121.24999999994179,236.99999999998545,3.0000000000727596
1464,7,2,5,39.74999999992633,10.999999999921783,34.24999999996544,315.99999999998363
1465,7,2,6,166.49999999980992,13.499999999627107,159.74999999999636,188.00000000037653
1466,7,2,7,125.24999999985994,190.49999999977445,29.999999999972715,140.75000000025284
1467,7,2,8,22.999999999914507,11.999999999989086,16.999999999919964,332.25000000009095
1468,7,2,9,220.124999999809,212.24999999982174,113.99999999989814,35.000000000280124
1469,7,2,10,93.37499999990905,63.750000000334694,61.4999999997417,235.9999999999236
1470,7,3,1,242.3750000000109,237.74999999997817,123.50000000002183,0.0
1471,7,3,2,172.12499999983265,162.25000000052387,90.99999999957072,107.99999999990541
1472,7,3,3,174.75000000003092,73.00000000023283,138.2499999999145,149.99999999985266
1473,7,3,4,144.9999999998454,50.499999999970896,119.74999999985994,191.00000000016917
1474,7,3,5,13.749999999977263,27.499999999954525,0.0,333.7500000000455
1475,7,3,6,68.50000000031014,21.000000000190994,58.00000000021464,282.24999999959437
1476,7,3,7,0.0,0.0,0.0,361.25
1477,7,3,8,0.0,0.0,0.0,361.25
1478,7,3,9,0.0,0.0,0.0,361.25
1479,7,3,10,0.0,0.0,0.0,361.25
1480,7,4,1,0.0,0.0,0.0,361.25
1481,7,4,2,0.0,0.0,0.0,361.25
1482,7,4,3,0.0,0.0,0.0,361.25
1483,7,4,4,0.0,0.0,0.0,361.25
1484,7,4,5,0.0,0.0,0.0,361.25
1485,7,4,6,0.0,0.0,0.0,361.25
1486,7,4,7,0.0,0.0,0.0,361.25
1487,7,4,8,0.0,0.0,0.0,361.25
1488,7,4,9,0.0,0.0,0.0,361.25
1489,7,4,10,0.0,0.0,0.0,361.25
1490,7,5,1,0.0,0.0,0.0,361.25
1491,7,5,2,0.0,0.0,0.0,361.25
1492,7,5,3,0.0,0.0,0.0,361.25
1493,7,5,4,94.25000000010732,86.4999999998945,51.00000000016007,223.74999999994543
1494,7,5,5,105.62500000027285,179.25000000002183,16.000000000261934,165.99999999971624
1495,7,5,6,127.62499999986176,85.25000000076398,84.99999999947977,190.99999999975626
1496,7,5,7,80.50000000002183,69.00000000012369,45.99999999995998,246.24999999991633
1497,7,5,8,58.75000000005275,111.49999999969805,3.000000000203727,246.75000000009823
1498,7,5,9,180.625,361.25,0.0,0.0
1499,7,5,10,173.12500000009095,206.24999999976717,70.00000000020736,85.00000000002547
1500,7,6,1,0.0,0.0,0.0,361.25
1501,7,6,2,0.0,0.0,0.0,361.25
1502,7,6,3,0.0,0.0,0.0,361.25
1503,7,6,4,0.0,0.0,0.0,361.25
1504,7,6,5,0.0,0.0,0.0,361.25
1505,7,6,6,0.0,0.0,0.0,361.25
1506,7,6,7,0.0,0.0,0.0,361.25
1507,7,6,8,0.0,0.0,0.0,361.25
1508,7,6,9,0.0,0.0,0.0,361.25
1509,7,6,10,0.0,0.0,0.0,361.25
1510,7,7,1,0.0,0.0,0.0,361.25
1511,7,7,2,0.0,0.0,0.0,361.25
1512,7,7,3,0.0,0.0,0.0,361.25
1513,7,7,4,0.0,0.0,0.0,361.25
1514,7,7,5,0.0,0.0,0.0,361.25
1515,7,7,6,0.0,0.0,0.0,361.25
1516,7,7,7,0.0,0.0,0.0,361.25
1517,7,7,8,0.0,0.0,0.0,361.25
1518,7,7,9,0.0,0.0,0.0,361.25
1519,7,7,10,0.0,0.0,0.0,361.25
1520,7,8,1,0.0,0.0,0.0,361.25
1521,7,8,2,0.0,0.0,0.0,361.25
1522,7,8,3,0.0,0.0,0.0,361.25
1523,7,8,4,0.0,0.0,0.0,361.25
1524,7,8,5,137.12499999979627,20.249999999716238,126.99999999993815,214.0000000003456
1525,7,8,6,54.875000000225555,9.75000000026921,50.00000000009095,301.49999999963984
1526,7,8,7,128.0000000002383,70.00000000019281,93.00000000014188,198.2499999996653
1527,7,8,8,0.0,0.0,0.0,361.25
1528,7,8,9,110.00000000023829,97.99999999882493,61.00000000082582,202.25000000034925
1529,7,8,10,69.49999999997272,24.99999999963984,57.000000000152795,279.25000000020736
1530,7,9,1,27.000000000185537,21.999999999017746,16.000000000676664,323.2500000003056
1531,7,9,2,37.000000000043656,31.999999999738066,21.000000000174623,308.2500000000873
1532,7,9,3,64.62499999997453,119.25000000008004,4.999999999934516,236.99999999998545
1533,7,9,4,192.62499999999272,337.25000000001455,23.999999999985448,0.0
1534,7,9,5,130.62500000011642,255.24999999981083,3.0000000002110028,102.99999999997817
1535,7,9,6,193.12500000002183,336.24999999995634,25.000000000043656,0.0
1536,7,9,7,232.2500000000182,150.00000000008004,157.24999999997817,53.99999999994179
1537,7,9,8,5.750000000152795,6.0,2.750000000152795,352.4999999998472
1538,7,9,9,0.0,0.0,0.0,361.25
1539,7,9,10,0.0,0.0,0.0,361.25
1540,7,10,1,0.0,0.0,0.0,361.25
1541,7,10,2,0.0,0.0,0.0,361.25
1542,7,10,3,0.0,0.0,0.0,361.25
1543,7,10,4,0.0,0.0,0.0,361.25
1544,7,10,5,0.0,0.0,0.0,361.25
1545,7,10,6,0.0,0.0,0.0,361.25
1546,7,10,7,0.0,0.0,0.0,361.25
1547,7,10,8,0.0,0.0,0.0,361.25
1548,7,10,9,0.0,0.0,0.0,361.25
1549,7,10,10,0.0,0.0,0.0,361.25
1550,7,11,1,0.0,0.0,0.0,361.25
1551,7,11,2,101.00000000006185,92.00000000003638,55.000000000043656,214.24999999991996
1552,7,11,3,180.625,361.25,0.0,0.0
1553,7,11,4,180.625,361.25,0.0,0.0
1554,7,11,5,166.6249999998763,219.25000000026193,56.99999999974534,84.99999999999272
1555,7,11,6,149.62499999982538,281.2499999997817,8.999999999934516,71.00000000028376
1556,7,11,7,183.62500000012733,355.24999999974534,6.0000000002546585,0.0
1557,7,11,8,135.87499999996362,168.74999999989814,51.50000000001455,141.0000000000873
1558,7,11,9,232.3750000000946,257.7499999998108,103.50000000018917,0.0
1559,7,11,10,180.625,361.25,0.0,0.0
1560,7,12,1,198.12500000015643,326.24999999968713,35.000000000312866,0.0
1561,7,12,2,231.12500000032378,242.2499999989741,110.00000000083674,9.000000000189175
1562,7,12,3,179.25000000020736,316.50000000005093,21.0000000001819,23.74999999976717
1563,7,12,4,179.49999999983993,293.0000000001164,32.99999999978172,35.25000000010186
1564,7,12,5,180.625,361.25,0.0,0.0
1565,7,12,6,180.625,361.25,0.0,0.0
1566,7,12,7,180.625,361.25,0.0,0.0
1567,7,12,8,107.62500000010186,209.24999999979627,3.000000000203727,149.0
1568,7,12,9,149.99999999985812,30.000000000371074,134.99999999967258,196.24999999995634
1569,7,12,10,0.0,0.0,0.0,361.25
1570,7,13,1,0.0,0.0,0.0,361.25
1571,7,13,2,0.0,0.0,0.0,361.25
1572,7,13,3,0.0,0.0,0.0,361.25
1573,7,13,4,0.0,0.0,0.0,361.25
1574,7,13,5,0.0,0.0,0.0,361.25
1575,7,13,6,0.0,0.0,0.0,361.25
1576,7,13,7,0.0,0.0,0.0,361.25
1577,7,13,8,0.0,0.0,0.0,361.25
1578,7,13,9,0.0,0.0,0.0,361.25
1579,7,13,10,0.0,0.0,0.0,361.25
1580,7,14,1,0.0,0.0,0.0,361.25
1581,7,14,2,0.0,0.0,0.0,361.25
1582,7,14,3,0.0,0.0,0.0,361.25
1583,7,14,4,0.0,0.0,0.0,361.25
1584,7,14,5,0.0,0.0,0.0,361.25
1585,7,14,6,0.0,0.0,0.0,361.25
1586,7,14,7,0.0,0.0,0.0,361.25
1587,7,14,8,97.49999999969077,169.00000000008004,12.999999999650754,179.2500000002692
1588,7,14,9,180.625,361.25,0.0,0.0
1589,7,14,10,180.625,361.25,0.0,0.0
1590,7,15,1,162.62500000001455,309.24999999976717,8.000000000130967,44.00000000010186
1591,7,15,2,199.1250000000182,324.2499999999636,37.00000000003638,0.0
1592,7,15,3,180.625,361.25,0.0,0.0
1593,7,15,4,180.625,361.25,0.0,0.0
1594,7,15,5,139.99999999983265,188.4999999996071,45.750000000029104,127.0000000003638
1595,7,15,6,147.24999999968713,278.0000000003638,8.249999999505235,75.00000000013097
1596,7,15,7,173.12500000010186,252.2499999996362,47.00000000028376,62.000000000080036
1597,7,15,8,182.87500000008367,237.74999999974534,64.000000000211,59.500000000043656
1598,7,15,9,0.0,0.0,0.0,361.25
1599,7,15,10,0.0,0.0,0.0,361.25
1600,7,16,1,0.0,0.0,0.0,361.25
1601,7,16,2,0.0,0.0,0.0,361.25
1602,7,16,3,0.0,0.0,0.0,361.25
1603,7,16,4,0.0,0.0,0.0,361.25
1604,7,16,5,0.0,0.0,0.0,361.25
1605,7,16,6,0.0,0.0,0.0,361.25
1606,7,16,7,0.0,0.0,0.0,361.25
1607,7,16,8,0.0,0.0,0.0,361.25
1608,7,16,9,0.0,0.0,0.0,361.25
1609,7,16,10,0.0,0.0,0.0,361.25
1610,7,17,1,0.0,0.0,0.0,361.25
1611,7,17,2,0.0,0.0,0.0,361.25
1612,7,17,3,0.0,0.0,0.0,361.25
1613,7,17,4,0.0,0.0,0.0,361.25
1614,7,17,5,114.37499999980719,164.750000000211,31.999999999701686,164.5000000000873
1615,7,17,6,186.12500000016735,350.2499999996653,11.000000000334694,0.0
1616,7,17,7,180.625,361.25,0.0,0.0
1617,7,17,8,188.12500000009095,306.2499999995707,35.00000000030559,20.00000000012369
1618,7,17,9,142.62499999990177,173.25000000042928,55.999999999687134,131.99999999988358
1619,7,17,10,180.625,361.25,0.0,0.0
1620,7,18,1,145.0000000000582,290.0000000001164,0.0,71.24999999988358
1621,7,18,2,0.0,0.0,0.0,361.25
1622,7,18,3,0.0,0.0,0.0,361.25
1623,7,18,4,0.0,0.0,0.0,361.25
1624,7,18,5,0.0,0.0,0.0,361.25
1625,7,18,6,0.0,0.0,0.0,361.25
1626,7,18,7,0.0,0.0,0.0,361.25
1627,7,18,8,0.0,0.0,0.0,361.25
1628,7,18,9,0.0,0.0,0.0,361.25
1629,7,18,10,0.0,0.0,0.0,361.25
1630,7,19,1,0.0,0.0,0.0,361.25
1631,7,19,2,0.0,0.0,0.0,361.25
1632,7,19,3,0.0,0.0,0.0,361.25
1633,7,19,4,0.0,0.0,0.0,361.25
1634,7,19,5,0.0,0.0,0.0,361.25
1635,7,19,6,0.0,0.0,0.0,361.25
1636,7,19,7,0.0,0.0,0.0,361.25
1637,7,19,8,0.0,0.0,0.0,361.25
1638,7,19,9,0.0,0.0,0.0,361.25
1639,7,19,10,0.0,0.0,0.0,361.25
1640,7,20,1,0.0,0.0,0.0,361.25
1641,7,20,2,0.0,0.0,0.0,361.25
1642,7,20,3,0.0,0.0,0.0,361.25
1643,7,20,4,140.4999999999709,268.9999999999709,5.999999999985448,86.25000000004366
1644,7,20,5,196.12500000002183,330.24999999995634,31.000000000043656,0.0
1645,7,20,6,67.3749999999709,104.75000000040745,14.99999999976717,241.49999999982538
1646,7,20,7,138.8749999998181,255.74999999981083,10.999999999912689,94.50000000027649
1647,7,20,8,180.625,361.25,0.0,0.0
1648,7,20,9,27.5,55.0,0.0,306.25
1649,7,20,10,0.0,0.0,0.0,361.25
1650,7,21,1,0.0,0.0,0.0,361.25
1651,7,21,2,0.0,0.0,0.0,361.25
1652,7,21,3,0.0,0.0,0.0,361.25
1653,7,21,4,0.0,0.0,0.0,361.25
1654,7,21,5,0.0,0.0,0.0,361.25
1655,7,21,6,0.0,0.0,0.0,361.25
1656,7,21,7,0.0,0.0,0.0,361.25
1657,7,21,8,0.0,0.0,0.0,361.25
1658,7,21,9,0.0,0.0,0.0,361.25
1659,7,21,10,0.0,0.0,0.0,361.25
1660,7,22,1,128.12499999997817,86.24999999998545,84.99999999998545,190.0000000000291
1661,7,22,2,178.12499999981083,294.24999999959255,31.000000000014552,36.0000000003929
1662,7,22,3,189.624999999789,253.25000000010186,62.999999999738066,45.00000000016007
1663,7,22,4,71.12500000009459,70.25000000021828,35.99999999998545,254.99999999979627
1664,7,22,5,0.0,0.0,0.0,361.25
1665,7,22,6,0.0,0.0,0.0,361.25
1666,7,22,7,0.0,0.0,0.0,361.25
1667,7,22,8,0.0,0.0,0.0,361.25
1668,7,22,9,0.0,0.0,0.0,361.25
1669,7,22,10,0.0,0.0,0.0,361.25
1670,7,23,1,0.0,0.0,0.0,361.25
1671,7,23,2,0.0,0.0,0.0,361.25
1672,7,23,3,0.0,0.0,0.0,361.25
1673,7,23,4,0.0,0.0,0.0,361.25
1674,7,23,5,0.0,0.0,0.0,361.25
1675,7,23,6,2.500000000152795,1.0000000000727596,2.0000000001164153,358.2499999998108
1676,7,23,7,0.0,0.0,0.0,361.25
1677,7,23,8,0.0,0.0,0.0,361.25
1678,7,23,9,0.0,0.0,0.0,361.25
1679,7,23,10,0.0,0.0,0.0,361.25
